vendor_id,pickup_date,pickup_hour,day_name,is_weekend,day_num,avg_distance,avg_fare,avg_tip,avg_duration_minutes,avg_speed_kmh,sum_passenger,avg_passenger,total_trip,total_revenue,min_transaction,max_transaction,std_transaction
1,2016-01-01,2,Friday,0,5,5.15,12.86,1.52,13.3,21.91,1745,1.5,1163,18347.77,3.8,57.99,8.94
1,2016-01-01,4,Friday,0,5,5.78,13.6,1.26,12.86,25.42,906,1.44,629,10228.3,4.3,70.0,10.04
2,2016-01-01,5,Friday,0,5,6.57,14.42,1.02,12.53,28.99,873,2.05,426,7192.18,4.3,63.36,10.95
2,2016-01-01,6,Friday,0,5,6.44,13.9,1.23,11.31,30.52,734,2.06,357,5787.22,3.8,60.34,11.6
2,2016-01-01,7,Friday,0,5,6.4,13.94,1.18,11.03,31.07,554,1.94,285,4670.06,3.3,68.34,12.93
2,2016-01-01,8,Friday,0,5,5.72,12.6,1.34,9.98,30.9,595,2.09,285,4296.85,3.8,70.01,11.6
1,2016-01-01,9,Friday,0,5,5.8,12.82,1.23,10.1,30.05,295,1.43,206,3158.09,3.3,58.34,11.69
2,2016-01-01,11,Friday,0,5,4.57,10.9,1.18,9.36,27.05,1453,2.13,683,8953.01,3.8,65.0,9.07
2,2016-01-01,18,Friday,0,5,4.27,11.21,1.23,11.31,21.15,1900,1.99,955,12858.23,3.8,70.01,9.91
2,2016-01-01,20,Friday,0,5,4.37,11.03,1.2,10.47,22.62,1400,1.97,712,9757.16,4.3,70.01,9.99
1,2016-01-01,21,Friday,0,5,4.05,10.55,1.29,10.16,21.92,787,1.5,523,6927.53,4.8,70.0,8.24
2,2016-01-02,0,Saturday,1,6,4.6,11.06,1.37,9.93,25.14,1267,1.97,643,8907.73,4.3,70.01,10.05
1,2016-01-02,1,Saturday,1,6,4.66,11.04,1.33,9.7,26.64,503,1.37,368,5043.52,4.8,70.0,8.28
1,2016-01-02,3,Saturday,1,6,5.24,12.26,1.48,10.47,27.55,402,1.51,267,4045.99,4.3,69.99,10.65
1,2016-01-02,10,Saturday,1,6,4.74,11.47,1.24,9.69,25.18,699,1.37,512,7058.7,4.3,70.0,11.87
2,2016-01-02,12,Saturday,1,6,4.2,10.83,1.27,10.36,22.12,1984,2.05,966,12658.42,3.8,70.01,10.2
1,2016-01-02,13,Saturday,1,6,4.02,11.04,1.13,11.33,19.78,1052,1.46,723,9466.01,3.8,69.99,9.42
1,2016-01-02,14,Saturday,1,6,4.65,12.05,1.2,12.27,20.33,1108,1.48,749,10729.87,3.8,69.99,11.18
1,2016-01-02,15,Saturday,1,6,4.1,11.28,1.15,11.75,18.94,1247,1.51,825,11092.28,3.8,69.99,10.09
1,2016-01-02,16,Saturday,1,6,3.99,11.17,1.21,12.19,18.19,1123,1.46,767,10384.37,4.3,69.99,9.75
2,2016-01-02,17,Saturday,1,6,4.36,11.99,1.36,13.41,18.48,1919,1.94,989,14230.71,4.3,70.01,10.88
2,2016-01-02,19,Saturday,1,6,3.93,11.35,1.33,12.87,17.79,2244,1.99,1125,15289.54,3.8,70.01,9.43
2,2016-01-02,22,Saturday,1,6,4.21,11.14,1.39,11.61,20.32,2024,2.06,982,13739.26,4.3,68.34,8.89
2,2016-01-02,23,Saturday,1,6,4.45,11.32,1.56,11.34,21.69,2130,2.02,1055,15123.65,4.3,70.01,9.35
1,2016-01-03,2,Sunday,1,7,4.94,11.77,1.48,10.81,25.16,900,1.41,639,9329.75,4.8,69.99,8.43
1,2016-01-03,4,Sunday,1,7,6.15,13.64,1.32,11.62,28.88,501,1.44,348,5712.78,4.8,59.84,10.13
2,2016-01-03,5,Sunday,1,7,9.02,18.47,2.12,13.63,34.98,277,2.01,138,3079.78,4.8,68.34,17.2
2,2016-01-03,6,Sunday,1,7,8.04,16.28,1.83,11.57,36.13,287,2.05,140,2713.33,4.3,70.01,16.64
2,2016-01-03,7,Sunday,1,7,7.53,15.4,1.92,11.27,34.79,408,1.98,206,3847.4,4.3,70.34,16.35
2,2016-01-03,8,Sunday,1,7,5.92,12.94,1.56,9.96,30.39,602,2.09,288,4517.82,4.3,70.01,14.09
1,2016-01-03,9,Sunday,1,7,4.89,11.49,1.45,9.14,27.71,564,1.29,436,6136.01,3.3,69.99,11.78
2,2016-01-03,11,Sunday,1,7,4.31,10.85,1.26,10.01,23.25,1588,2.01,791,10399.28,3.8,70.01,10.37
2,2016-01-03,18,Sunday,1,7,4.72,12.08,1.51,12.64,20.46,1734,1.92,904,13243.91,3.8,70.01,11.47
2,2016-01-03,20,Sunday,1,7,5.23,12.32,1.6,11.36,24.47,1376,2.05,672,10449.0,4.3,70.01,11.96
1,2016-01-03,21,Sunday,1,7,5.16,12.15,1.67,10.92,24.96,675,1.3,521,8061.31,4.8,70.0,11.4
2,2016-01-04,1,Monday,0,1,6.78,14.36,1.74,11.47,31.41,330,1.99,166,2913.5,4.8,70.01,13.37
2,2016-01-04,3,Monday,0,1,6.32,13.95,1.43,11.82,29.36,88,1.69,52,883.13,5.8,58.34,11.75
1,2016-01-04,5,Monday,0,1,5.7,13.01,1.65,9.69,29.79,181,1.1,165,2734.24,4.8,69.99,14.19
1,2016-01-04,6,Monday,0,1,4.15,10.16,1.51,9.09,25.32,498,1.07,464,5884.08,3.8,69.99,10.07
1,2016-01-04,7,Monday,0,1,3.76,10.22,1.35,10.58,20.39,866,1.12,771,9648.56,3.8,69.99,8.24
1,2016-01-04,8,Monday,0,1,3.69,10.73,1.47,11.82,17.1,1037,1.12,926,12220.3,3.8,69.99,9.56
2,2016-01-04,10,Monday,0,1,4.91,12.66,1.63,13.07,19.57,1611,2.15,751,11671.33,3.8,70.01,12.8
1,2016-01-04,11,Monday,0,1,3.9,10.92,1.3,11.44,18.25,711,1.21,589,7823.59,4.3,70.0,10.39
2,2016-01-04,13,Monday,0,1,3.88,10.63,1.14,11.04,19.17,1377,1.98,696,8879.81,3.8,63.34,9.24
2,2016-01-04,14,Monday,0,1,4.5,11.78,1.26,12.29,18.89,1786,2.19,817,11589.69,3.8,70.01,12.3
2,2016-01-04,15,Monday,0,1,4.17,11.36,1.4,12.24,17.97,1786,2.13,839,11596.47,3.8,70.01,11.75
2,2016-01-04,16,Monday,0,1,4.02,10.83,1.41,11.45,18.98,1804,2.08,868,12425.82,4.8,70.01,11.46
1,2016-01-04,18,Monday,0,1,3.54,10.01,1.43,10.89,18.02,1230,1.21,1013,13526.13,4.8,66.34,8.36
1,2016-01-04,20,Monday,0,1,4.47,10.98,1.64,10.19,23.27,1028,1.24,828,11729.72,4.8,64.34,9.91
2,2016-01-05,0,Tuesday,0,2,6.14,13.44,1.61,11.0,29.32,671,2.05,327,5435.85,4.3,70.01,13.02
1,2016-01-05,1,Tuesday,0,2,6.57,14.06,1.64,11.39,30.99,238,1.29,185,3177.07,4.8,69.99,11.87
1,2016-01-05,3,Tuesday,0,2,5.23,12.05,1.16,10.12,27.67,118,1.23,96,1408.82,4.3,52.8,9.41
1,2016-01-05,10,Tuesday,0,2,3.63,10.91,1.41,12.47,16.2,857,1.15,745,9953.29,3.8,69.99,9.42
2,2016-01-05,12,Tuesday,0,2,3.58,10.77,1.36,12.24,16.0,1750,2.12,826,10862.21,3.8,70.01,9.75
1,2016-01-05,13,Tuesday,0,2,3.96,11.41,1.38,12.43,16.76,822,1.2,685,9477.82,3.8,70.34,10.93
1,2016-01-05,14,Tuesday,0,2,3.74,11.01,1.29,12.36,16.14,1074,1.25,856,11412.62,3.3,69.99,10.08
1,2016-01-05,15,Tuesday,0,2,3.98,11.44,1.46,13.01,16.29,1070,1.25,856,12044.73,3.8,70.34,11.03
1,2016-01-05,16,Tuesday,0,2,3.78,10.87,1.45,12.24,16.93,930,1.24,749,10736.47,4.3,70.0,10.62
2,2016-01-05,17,Tuesday,0,2,3.99,11.29,1.6,12.95,17.01,1974,1.97,1000,14924.83,5.3,70.01,10.27
2,2016-01-05,19,Tuesday,0,2,3.99,10.61,1.66,11.04,20.0,2094,1.94,1079,15373.28,5.3,70.01,9.07
2,2016-01-05,22,Tuesday,0,2,5.13,12.21,1.74,11.5,24.46,1638,1.95,838,12888.34,4.3,70.01,9.82
2,2016-01-05,23,Tuesday,0,2,5.48,12.55,1.7,11.26,26.46,1201,2.0,601,9464.72,4.3,63.36,10.29
1,2016-01-06,2,Wednesday,0,3,5.25,11.99,1.2,10.1,27.87,176,1.3,135,1961.18,4.8,62.8,10.2
1,2016-01-06,4,Wednesday,0,3,6.35,14.39,1.27,11.67,29.75,115,1.13,102,1745.38,5.3,66.34,12.3
2,2016-01-06,5,Wednesday,0,3,5.85,12.64,1.69,9.97,32.74,338,2.17,156,2505.44,3.8,70.01,13.19
2,2016-01-06,6,Wednesday,0,3,4.21,10.19,1.42,9.14,25.56,759,1.85,411,5182.67,3.8,68.34,9.99
2,2016-01-06,7,Wednesday,0,3,3.99,10.76,1.49,11.23,20.32,1771,2.08,853,11303.11,3.8,70.01,9.49
2,2016-01-06,8,Wednesday,0,3,3.53,10.78,1.54,12.6,16.4,2200,2.03,1084,14384.18,3.8,70.01,8.86
1,2016-01-06,9,Wednesday,0,3,3.36,10.57,1.54,12.26,15.24,899,1.09,822,10716.42,4.3,70.0,8.81
2,2016-01-06,11,Wednesday,0,3,3.85,11.46,1.49,13.14,16.12,1716,1.97,871,12133.68,3.8,70.01,9.9
2,2016-01-06,18,Wednesday,0,3,4.04,11.35,1.68,12.91,17.29,2452,2.01,1217,18312.98,4.8,70.01,10.32
2,2016-01-06,20,Wednesday,0,3,4.5,11.27,1.78,11.14,22.01,2478,2.05,1211,17624.32,4.3,70.01,9.75
1,2016-01-06,21,Wednesday,0,3,4.64,11.71,1.76,11.76,21.6,1104,1.21,910,13594.15,3.3,69.99,9.59
2,2016-01-07,1,Thursday,0,4,5.41,12.25,1.4,10.76,28.17,575,2.2,261,3911.88,4.3,66.34,8.64
2,2016-01-07,3,Thursday,0,4,5.34,12.04,1.25,10.23,29.22,209,2.13,98,1440.07,4.3,58.34,9.89
1,2016-01-07,5,Thursday,0,4,4.81,10.99,1.41,8.73,28.98,157,1.09,144,2011.92,3.8,69.99,12.25
1,2016-01-07,6,Thursday,0,4,4.04,10.05,1.38,9.14,24.42,502,1.05,477,5916.27,3.8,63.35,9.66
1,2016-01-07,7,Thursday,0,4,3.61,10.25,1.39,10.97,18.87,941,1.11,844,10590.41,3.8,69.99,8.08
1,2016-01-07,8,Thursday,0,4,3.43,10.88,1.54,12.95,15.25,1076,1.16,926,12347.53,3.3,69.99,8.27
2,2016-01-07,10,Thursday,0,4,3.78,11.33,1.59,13.19,16.28,1839,2.15,856,11905.92,3.8,70.01,9.36
1,2016-01-07,11,Thursday,0,4,3.85,11.5,1.59,13.15,16.34,946,1.19,793,11196.7,3.8,70.0,9.72
2,2016-01-07,13,Thursday,0,4,3.91,11.32,1.46,12.74,16.64,1757,2.07,850,11724.87,3.8,70.01,9.74
2,2016-01-07,14,Thursday,0,4,4.19,11.94,1.55,13.55,16.6,2050,2.12,966,14156.24,3.8,70.01,11.03
2,2016-01-07,15,Thursday,0,4,3.94,11.65,1.48,13.47,15.6,1894,2.06,919,13080.57,3.8,70.34,11.18
2,2016-01-07,16,Thursday,0,4,3.92,11.3,1.68,12.94,16.62,1592,1.99,800,12047.1,5.3,70.01,11.03
1,2016-01-07,18,Thursday,0,4,3.68,11.08,1.69,13.01,15.78,1291,1.19,1081,15925.83,4.8,69.99,9.29
1,2016-01-07,20,Thursday,0,4,4.22,11.2,1.74,11.78,19.96,1211,1.25,971,13991.04,3.8,69.99,9.05
2,2016-01-08,1,Friday,0,5,5.06,11.89,1.64,10.99,26.16,795,2.08,382,5690.81,4.3,68.34,9.13
2,2016-01-08,3,Friday,0,5,5.92,13.14,1.16,11.25,29.02,355,2.26,157,2462.16,4.8,63.36,9.77
1,2016-01-08,5,Friday,0,5,6.07,13.31,1.79,10.18,30.61,178,1.12,159,2666.87,4.3,70.0,14.37
1,2016-01-08,6,Friday,0,5,4.02,10.32,1.42,9.11,24.54,453,1.06,426,5415.33,4.3,69.99,10.31
1,2016-01-08,7,Friday,0,5,3.73,10.41,1.44,10.96,19.34,884,1.11,797,10176.58,4.3,69.99,8.95
1,2016-01-08,8,Friday,0,5,3.54,11.04,1.61,13.04,15.45,1048,1.14,918,12444.13,4.3,58.34,8.44
2,2016-01-08,10,Friday,0,5,3.65,11.16,1.46,13.02,15.89,1849,2.05,900,12222.64,3.8,70.01,8.99
1,2016-01-08,11,Friday,0,5,3.54,11.1,1.48,13.01,15.24,932,1.2,775,10520.72,3.3,64.34,8.85
2,2016-01-08,13,Friday,0,5,4.4,12.13,1.59,13.09,17.46,2013,2.17,927,13740.06,3.8,70.01,12.39
2,2016-01-08,14,Friday,0,5,4.19,11.87,1.47,13.52,16.8,2068,2.12,977,14110.74,3.8,70.01,11.25
2,2016-01-08,15,Friday,0,5,4.04,11.68,1.56,13.55,16.22,1997,2.08,958,13795.04,3.8,70.01,11.2
2,2016-01-08,16,Friday,0,5,4.28,11.76,1.58,13.07,17.86,1697,2.04,831,12832.05,4.8,70.01,11.15
1,2016-01-08,18,Friday,0,5,3.59,10.64,1.56,12.25,16.31,1398,1.23,1133,15998.28,4.55,69.99,8.31
1,2016-01-08,20,Friday,0,5,4.22,11.49,1.71,12.36,19.23,1251,1.25,1002,14689.77,4.3,70.01,9.56
2,2016-01-09,0,Saturday,1,6,4.6,11.84,1.68,12.45,20.94,2245,2.04,1101,16375.92,4.3,68.34,8.92
1,2016-01-09,1,Saturday,1,6,4.75,11.82,1.67,11.75,22.53,1085,1.37,791,11738.85,4.3,57.25,8.34
1,2016-01-09,3,Saturday,1,6,4.94,11.95,1.55,11.32,24.75,644,1.34,480,7127.56,4.3,57.84,8.06
1,2016-01-09,10,Saturday,1,6,3.66,9.91,1.26,9.5,21.34,837,1.2,695,8412.05,3.8,69.99,8.61
2,2016-01-09,12,Saturday,1,6,3.49,10.14,1.3,10.96,18.42,2470,2.06,1201,14864.77,3.8,70.01,8.25
1,2016-01-09,13,Saturday,1,6,3.53,10.35,1.34,11.18,17.69,1167,1.31,890,11228.19,3.8,69.99,8.94
1,2016-01-09,14,Saturday,1,6,3.57,10.56,1.32,11.55,17.44,1119,1.33,843,10790.73,3.8,69.99,8.44
1,2016-01-09,15,Saturday,1,6,3.84,11.06,1.37,12.1,17.8,1258,1.34,939,12574.21,3.8,70.0,9.16
1,2016-01-09,16,Saturday,1,6,3.64,10.49,1.27,11.63,17.54,1255,1.37,915,11729.91,3.8,70.0,8.54
2,2016-01-09,17,Saturday,1,6,3.96,11.12,1.42,12.44,17.58,2197,1.98,1109,14992.33,3.3,70.01,10.26
2,2016-01-09,19,Saturday,1,6,3.72,10.93,1.49,12.32,17.27,2545,2.0,1275,17016.19,3.8,70.01,9.24
2,2016-01-09,22,Saturday,1,6,4.07,11.23,1.53,12.41,18.99,2203,1.98,1110,15692.1,4.3,70.01,7.75
2,2016-01-09,23,Saturday,1,6,4.32,11.51,1.58,12.34,20.1,2519,2.06,1224,17700.85,4.3,70.01,8.63
1,2016-01-10,2,Sunday,1,7,4.7,11.56,1.57,11.24,23.68,1123,1.38,816,11811.22,4.3,54.3,7.77
1,2016-01-10,4,Sunday,1,7,5.12,12.17,1.31,11.42,24.39,419,1.21,347,5160.84,4.8,63.36,9.66
2,2016-01-10,5,Sunday,1,7,6.27,13.69,1.31,11.78,28.64,310,2.17,143,2367.07,4.3,70.01,12.24
2,2016-01-10,7,Sunday,1,7,6.02,13.37,1.7,11.13,28.15,514,2.09,246,4019.61,4.3,70.34,14.12
2,2016-01-10,8,Sunday,1,7,4.51,10.94,1.45,9.31,25.98,712,1.82,391,5265.22,3.8,65.34,10.84
1,2016-01-10,9,Sunday,1,7,3.95,9.99,1.3,8.72,24.41,707,1.26,561,6873.41,3.8,69.99,9.6
2,2016-01-10,11,Sunday,1,7,4.08,10.5,1.42,10.27,22.0,2046,2.0,1023,13240.57,3.8,70.01,9.35
2,2016-01-10,18,Sunday,1,7,4.77,11.84,1.66,11.94,21.35,1958,1.97,996,14566.85,3.8,70.01,11.62
2,2016-01-10,20,Sunday,1,7,5.17,12.15,1.82,10.91,24.56,1557,2.08,749,11746.16,4.3,70.01,13.0
1,2016-01-10,21,Sunday,1,7,5.04,11.93,1.57,10.82,24.65,746,1.27,588,8901.89,4.3,68.34,10.77
2,2016-01-11,0,Monday,0,1,7.01,14.79,1.83,11.91,31.24,644,2.03,318,5784.55,4.3,70.01,13.06
1,2016-01-11,1,Monday,0,1,6.26,13.62,1.59,11.0,30.33,246,1.24,198,3311.97,4.3,69.99,11.9
1,2016-01-11,3,Monday,0,1,6.08,13.54,1.36,11.73,29.17,123,1.6,77,1258.26,4.3,65.16,10.84
1,2016-01-11,10,Monday,0,1,3.79,11.45,1.62,13.25,15.7,846,1.13,746,10569.46,4.3,69.99,10.79
2,2016-01-11,12,Monday,0,1,4.39,12.43,1.58,13.68,16.98,1747,2.01,871,13225.72,3.8,70.01,12.37
1,2016-01-11,13,Monday,0,1,3.92,11.42,1.52,12.67,16.41,876,1.22,717,10033.68,3.8,69.99,10.79
1,2016-01-11,14,Monday,0,1,4.0,11.61,1.52,13.14,16.02,1008,1.23,819,11652.06,4.3,70.0,11.01
1,2016-01-11,15,Monday,0,1,3.81,11.18,1.37,12.82,15.9,1013,1.25,809,11069.97,3.8,69.99,10.72
1,2016-01-11,16,Monday,0,1,3.51,10.62,1.5,12.4,16.12,893,1.25,716,10100.66,4.3,69.99,9.35
2,2016-01-11,17,Monday,0,1,3.77,10.81,1.56,12.43,17.01,2159,1.98,1089,15666.73,4.8,70.01,9.77
2,2016-01-11,19,Monday,0,1,3.85,10.32,1.71,10.64,19.96,2608,2.02,1291,18047.74,4.8,70.01,8.87
2,2016-01-11,22,Monday,0,1,4.59,11.14,1.81,10.22,24.65,1683,2.02,835,12051.52,4.3,70.01,9.98
2,2016-01-11,23,Monday,0,1,5.57,12.73,1.92,11.04,27.1,1178,2.07,568,9192.07,4.8,70.01,11.45
2,2016-01-12,0,Tuesday,0,2,5.54,12.34,1.76,10.49,28.33,842,1.98,426,6628.53,4.3,70.01,11.23
1,2016-01-12,1,Tuesday,0,2,5.49,12.47,1.74,10.71,27.45,242,1.2,201,3130.78,4.8,62.8,10.29
1,2016-01-12,3,Tuesday,0,2,6.22,13.68,1.3,11.67,30.14,109,1.17,93,1518.2,4.8,47.15,9.6
1,2016-01-12,10,Tuesday,0,2,3.8,11.48,1.6,13.25,15.63,884,1.12,786,11088.68,3.3,69.99,10.44
2,2016-01-12,12,Tuesday,0,2,3.81,11.32,1.61,12.85,16.18,1921,2.17,885,12393.93,3.8,70.01,10.21
1,2016-01-12,13,Tuesday,0,2,3.85,11.35,1.48,13.04,15.89,865,1.18,732,10158.82,3.3,70.0,10.11
1,2016-01-12,14,Tuesday,0,2,3.62,11.06,1.53,12.93,15.28,970,1.17,827,11249.2,3.8,69.99,9.65
1,2016-01-12,15,Tuesday,0,2,3.85,11.37,1.57,13.02,15.73,1063,1.24,855,12068.2,4.3,70.0,10.59
1,2016-01-12,16,Tuesday,0,2,3.6,10.84,1.63,12.83,15.4,918,1.21,756,10960.36,4.8,70.0,10.29
2,2016-01-12,17,Tuesday,0,2,3.51,10.59,1.65,12.5,15.79,1909,1.95,979,13897.07,4.8,70.01,9.58
2,2016-01-12,19,Tuesday,0,2,4.02,10.92,1.84,11.77,19.19,2512,2.07,1216,17912.24,4.8,70.01,8.64
2,2016-01-12,22,Tuesday,0,2,4.81,11.81,1.9,11.43,23.64,2252,2.02,1116,16888.51,4.3,70.01,9.34
2,2016-01-12,23,Tuesday,0,2,5.07,11.97,1.77,11.04,25.04,1592,2.08,764,11613.26,4.8,70.01,10.0
2,2016-01-13,1,Wednesday,0,3,5.01,11.56,1.56,10.31,27.92,536,2.19,245,3544.49,4.8,49.3,7.59
2,2016-01-13,3,Wednesday,0,3,6.07,13.31,1.33,11.43,29.37,191,1.95,98,1592.22,4.3,62.21,9.45
1,2016-01-13,5,Wednesday,0,3,5.34,11.81,1.45,8.96,30.33,198,1.09,182,2688.94,4.8,69.99,12.95
1,2016-01-13,6,Wednesday,0,3,3.85,9.72,1.39,8.66,24.48,560,1.05,535,6486.48,4.3,69.99,9.42
1,2016-01-13,7,Wednesday,0,3,3.53,10.16,1.53,10.78,18.62,1027,1.11,925,11701.97,3.8,69.99,8.95
1,2016-01-13,8,Wednesday,0,3,3.3,10.73,1.63,12.89,14.68,1136,1.14,997,13240.87,3.8,66.39,8.58
2,2016-01-13,10,Wednesday,0,3,3.73,11.34,1.68,13.42,15.46,2089,2.06,1015,14266.15,3.8,70.01,9.79
1,2016-01-13,11,Wednesday,0,3,3.37,11.0,1.53,13.31,14.33,985,1.18,835,11291.76,3.8,70.34,8.98
2,2016-01-13,13,Wednesday,0,3,3.77,11.55,1.59,13.73,15.3,2019,2.09,967,13732.52,3.8,70.01,10.33
2,2016-01-13,14,Wednesday,0,3,3.93,11.66,1.67,13.73,15.42,1995,2.03,981,14126.56,3.8,70.01,11.12
2,2016-01-13,15,Wednesday,0,3,3.76,11.29,1.64,13.54,15.42,2094,2.05,1019,14282.44,3.8,70.01,10.66
2,2016-01-13,16,Wednesday,0,3,3.56,10.58,1.65,12.47,16.25,1752,2.05,856,12214.1,4.3,70.01,9.73
1,2016-01-13,18,Wednesday,0,3,3.32,10.19,1.71,11.92,15.63,1419,1.22,1159,16046.05,4.8,69.99,8.15
1,2016-01-13,20,Wednesday,0,3,4.13,10.91,1.81,11.2,20.12,1390,1.21,1149,16311.02,4.3,69.99,9.24
2,2016-01-14,0,Thursday,0,4,5.28,12.26,1.73,11.19,26.01,1103,2.1,524,8075.52,4.3,70.01,10.67
1,2016-01-14,1,Thursday,0,4,5.28,12.22,1.68,11.12,26.47,329,1.19,276,4217.63,4.8,64.59,8.81
1,2016-01-14,3,Thursday,0,4,6.19,14.01,1.23,11.74,30.05,148,1.24,119,1983.24,3.8,58.34,10.38
1,2016-01-14,10,Thursday,0,4,3.56,11.47,1.6,13.66,14.68,918,1.11,830,11706.86,3.3,69.99,10.07
2,2016-01-14,12,Thursday,0,4,3.74,11.44,1.54,13.39,15.32,2118,2.07,1024,14423.15,3.8,70.01,10.32
1,2016-01-14,13,Thursday,0,4,3.82,11.56,1.68,13.35,15.65,1061,1.18,901,12862.54,3.8,70.0,10.31
1,2016-01-14,14,Thursday,0,4,4.14,12.13,1.63,13.97,15.59,1125,1.21,932,13905.7,3.8,70.34,11.63
1,2016-01-14,15,Thursday,0,4,3.83,11.44,1.63,13.29,15.33,1173,1.24,943,13419.86,3.8,70.01,11.5
1,2016-01-14,16,Thursday,0,4,3.86,11.58,1.74,13.58,15.92,969,1.22,792,12223.47,4.8,69.99,10.81
2,2016-01-14,17,Thursday,0,4,3.73,11.18,1.74,13.31,15.93,2174,1.97,1101,16484.99,4.8,70.01,10.34
2,2016-01-14,19,Thursday,0,4,4.02,11.2,1.72,12.35,18.07,2712,1.99,1360,20272.15,4.3,70.01,9.68
2,2016-01-14,22,Thursday,0,4,4.81,12.03,1.97,12.18,22.24,2629,2.12,1242,19201.6,4.8,70.01,9.69
2,2016-01-14,23,Thursday,0,4,5.61,13.17,2.03,12.55,24.54,2027,2.05,989,16544.21,4.3,70.01,11.08
2,2016-01-15,0,Friday,0,5,5.56,13.07,1.79,12.55,24.73,1367,2.1,650,10579.67,4.3,67.09,10.42
1,2016-01-15,1,Friday,0,5,5.34,12.32,1.82,11.11,26.44,484,1.27,382,5926.83,4.3,69.99,9.62
1,2016-01-15,3,Friday,0,5,5.78,12.99,1.59,11.02,28.03,237,1.27,187,2975.23,4.3,63.34,10.63
1,2016-01-15,10,Friday,0,5,3.96,11.98,1.67,13.95,15.9,851,1.12,761,11176.91,3.8,70.0,10.31
2,2016-01-15,12,Friday,0,5,4.23,11.98,1.63,13.32,17.08,1996,2.08,961,14237.9,3.8,70.01,11.68
1,2016-01-15,13,Friday,0,5,4.35,12.04,1.68,13.2,17.15,1009,1.21,835,12446.78,3.3,70.0,12.18
1,2016-01-15,14,Friday,0,5,4.05,11.87,1.6,13.89,15.62,1147,1.19,964,14035.91,3.8,69.99,11.04
1,2016-01-15,15,Friday,0,5,3.75,11.41,1.48,13.86,14.98,1079,1.21,890,12513.35,3.8,61.0,10.31
1,2016-01-15,16,Friday,0,5,3.84,11.54,1.56,13.59,15.99,948,1.21,782,11787.58,3.8,68.34,10.55
2,2016-01-15,17,Friday,0,5,4.02,11.73,1.81,14.1,16.27,2088,1.98,1057,16481.62,4.8,70.01,10.64
2,2016-01-15,19,Friday,0,5,3.99,11.35,1.7,12.93,17.27,2780,2.04,1362,20426.75,4.8,70.01,9.32
2,2016-01-15,22,Friday,0,5,4.77,12.47,1.85,13.31,19.93,2465,2.02,1220,19280.01,4.3,70.01,10.53
2,2016-01-15,23,Friday,0,5,4.9,12.72,1.83,13.48,20.48,2410,2.01,1197,19180.98,4.3,70.01,10.01
2,2016-01-16,0,Saturday,1,6,5.07,12.74,1.7,13.33,21.98,2338,2.08,1125,17825.46,4.8,70.01,9.3
1,2016-01-16,1,Saturday,1,6,4.65,11.82,1.72,12.18,21.24,1196,1.36,877,13067.47,4.3,56.75,8.89
1,2016-01-16,3,Saturday,1,6,5.21,12.62,1.57,12.33,23.5,677,1.35,501,7788.28,4.8,56.79,9.02
1,2016-01-16,10,Saturday,1,6,3.76,10.19,1.35,9.79,21.12,856,1.24,689,8605.38,3.8,69.99,9.21
2,2016-01-16,12,Saturday,1,6,4.02,10.88,1.35,11.22,19.84,2337,2.11,1110,14653.49,3.8,70.01,9.82
1,2016-01-16,13,Saturday,1,6,3.91,10.97,1.32,11.84,18.18,1188,1.36,874,11579.42,3.3,70.34,9.52
1,2016-01-16,14,Saturday,1,6,3.87,10.89,1.38,11.56,18.5,1208,1.32,912,12097.85,3.8,69.99,9.86
1,2016-01-16,15,Saturday,1,6,3.92,11.05,1.48,12.01,18.09,1225,1.34,914,12370.49,3.8,70.0,9.69
1,2016-01-16,16,Saturday,1,6,3.93,11.04,1.48,12.06,17.86,1322,1.36,971,13262.23,3.8,70.0,9.82
2,2016-01-16,17,Saturday,1,6,4.04,11.2,1.48,12.54,18.09,2441,2.0,1218,16644.98,3.8,70.01,9.5
2,2016-01-16,19,Saturday,1,6,3.75,10.86,1.39,12.17,17.51,2611,2.02,1294,17032.34,3.3,70.01,8.46
2,2016-01-16,22,Saturday,1,6,4.23,11.56,1.6,12.65,19.09,2349,1.98,1184,17226.1,4.8,70.01,8.92
2,2016-01-16,23,Saturday,1,6,4.32,11.67,1.55,12.76,19.55,2664,2.06,1295,18913.82,4.3,70.01,8.39
2,2016-01-17,1,Sunday,1,7,4.7,11.68,1.6,11.67,22.73,2336,2.05,1142,16710.91,4.3,58.34,8.32
2,2016-01-17,3,Sunday,1,7,5.43,12.66,1.56,11.62,26.23,1463,2.05,714,11126.3,4.3,66.34,9.11
1,2016-01-17,5,Sunday,1,7,7.08,14.99,1.5,11.74,32.01,213,1.29,165,2983.96,4.3,70.0,13.58
1,2016-01-17,6,Sunday,1,7,6.29,13.7,1.47,10.2,31.29,185,1.17,158,2588.02,4.3,69.99,13.92
1,2016-01-17,7,Sunday,1,7,5.35,12.21,1.36,9.31,30.07,296,1.17,253,3745.04,3.8,69.99,12.98
1,2016-01-17,8,Sunday,1,7,3.83,9.65,1.28,8.34,25.38,446,1.18,377,4486.88,3.8,70.01,8.92
2,2016-01-17,10,Sunday,1,7,4.55,11.09,1.4,9.92,24.9,1684,2.12,794,10760.39,3.8,70.01,10.0
1,2016-01-17,11,Sunday,1,7,3.72,10.02,1.31,9.86,21.02,1133,1.35,839,10301.03,3.8,69.99,8.16
2,2016-01-17,13,Sunday,1,7,3.96,10.89,1.4,11.4,19.33,2546,2.17,1173,15592.12,3.8,70.01,9.64
2,2016-01-17,14,Sunday,1,7,4.5,12.16,1.6,12.94,19.13,2221,2.06,1078,16032.18,3.8,70.01,11.22
2,2016-01-17,15,Sunday,1,7,4.35,11.94,1.59,13.3,18.01,2225,2.09,1067,15612.37,3.8,70.01,11.53
2,2016-01-17,16,Sunday,1,7,4.41,12.25,1.65,14.29,17.01,2221,2.11,1055,15827.04,4.3,70.01,11.22
1,2016-01-17,18,Sunday,1,7,3.81,10.76,1.44,11.72,18.0,1219,1.37,892,11960.08,3.8,70.01,9.52
1,2016-01-17,20,Sunday,1,7,4.3,11.03,1.63,10.97,21.25,1029,1.34,767,10858.01,4.3,70.34,10.03
2,2016-01-18,0,Monday,0,1,5.13,11.96,1.63,10.37,26.68,1131,2.04,554,8344.61,4.3,70.01,10.82
1,2016-01-18,1,Monday,0,1,5.69,12.8,1.73,11.15,27.78,444,1.29,344,5469.35,4.3,63.34,10.15
1,2016-01-18,3,Monday,0,1,5.68,12.86,1.56,11.16,28.5,217,1.34,162,2558.47,4.8,48.12,9.22
1,2016-01-18,10,Monday,0,1,3.68,10.04,1.46,9.98,19.87,838,1.23,683,8571.56,3.8,69.99,9.36
2,2016-01-18,12,Monday,0,1,4.17,11.21,1.59,11.65,19.37,2246,2.11,1066,14810.71,3.3,70.01,10.93
1,2016-01-18,13,Monday,0,1,4.02,11.05,1.53,11.37,18.83,1102,1.32,837,11445.22,3.8,69.99,11.09
1,2016-01-18,14,Monday,0,1,4.09,11.0,1.45,11.41,18.76,1175,1.28,918,12442.35,3.8,69.99,11.3
1,2016-01-18,15,Monday,0,1,3.94,10.7,1.53,11.0,18.94,1238,1.28,964,12840.95,3.8,69.99,11.21
1,2016-01-18,16,Monday,0,1,4.19,11.17,1.6,11.66,19.36,1064,1.29,828,11648.68,3.8,70.0,11.28
2,2016-01-18,17,Monday,0,1,4.11,10.92,1.57,11.48,19.68,2384,2.02,1181,16003.57,3.8,70.01,10.72
2,2016-01-18,19,Monday,0,1,4.1,10.41,1.57,10.02,21.77,2434,1.98,1231,16041.62,3.8,70.01,10.41
2,2016-01-18,22,Monday,0,1,5.13,11.96,1.29,11.0,24.91,1756,2.05,856,12688.72,4.3,70.34,10.88
2,2016-01-18,23,Monday,0,1,6.17,13.85,0.32,13.12,25.16,916,1.85,496,7878.12,4.3,70.01,11.96
2,2016-01-19,0,Tuesday,0,2,6.8,14.62,1.72,11.9,29.96,722,1.94,372,6711.89,4.3,70.01,14.45
1,2016-01-19,1,Tuesday,0,2,6.1,13.54,1.69,11.4,28.64,242,1.27,191,3184.92,5.3,69.99,11.71
1,2016-01-19,3,Tuesday,0,2,6.29,13.66,1.03,10.57,31.08,72,1.16,62,1001.77,4.3,58.34,11.37
1,2016-01-19,10,Tuesday,0,2,3.64,12.05,1.71,15.07,13.69,1007,1.15,878,12981.96,3.8,69.99,10.97
2,2016-01-19,12,Tuesday,0,2,3.96,12.37,1.73,15.01,14.89,1937,2.0,970,14733.05,3.8,70.01,10.66
1,2016-01-19,13,Tuesday,0,2,3.6,11.41,1.57,13.44,14.52,1073,1.21,890,12484.05,3.8,69.99,10.42
1,2016-01-19,14,Tuesday,0,2,4.01,12.18,1.71,14.56,14.88,1118,1.2,931,13960.39,3.8,70.01,11.57
1,2016-01-19,15,Tuesday,0,2,3.76,11.48,1.55,13.6,14.77,1099,1.25,880,12448.29,3.8,70.34,11.03
1,2016-01-19,16,Tuesday,0,2,3.61,11.1,1.63,13.13,15.23,950,1.22,779,11520.86,4.3,70.0,10.68
2,2016-01-19,17,Tuesday,0,2,3.67,11.38,1.66,13.95,15.03,2041,1.92,1062,16016.76,5.3,70.01,10.37
2,2016-01-19,19,Tuesday,0,2,3.69,10.45,1.68,11.6,17.6,2661,1.98,1343,18924.07,4.8,70.01,9.18
2,2016-01-19,22,Tuesday,0,2,5.02,12.27,1.87,11.96,22.89,2025,2.02,1003,15699.99,4.3,70.01,10.89
2,2016-01-19,23,Tuesday,0,2,5.85,13.33,2.03,12.33,26.12,1379,2.02,684,11571.75,4.3,63.36,10.76
2,2016-01-20,0,Wednesday,0,3,5.6,12.83,1.83,11.55,27.2,898,2.04,440,7130.87,4.3,70.01,10.31
1,2016-01-20,1,Wednesday,0,3,4.94,11.64,1.48,9.85,26.98,274,1.2,229,3323.49,4.3,69.99,10.45
1,2016-01-20,3,Wednesday,0,3,5.85,13.27,1.37,11.87,27.62,150,1.24,121,1934.47,4.8,48.3,9.2
1,2016-01-20,10,Wednesday,0,3,3.61,11.84,1.71,14.68,13.63,875,1.13,775,11311.17,3.8,69.99,10.44
2,2016-01-20,12,Wednesday,0,3,3.73,12.02,1.65,14.54,14.57,2010,2.12,946,13942.26,3.8,70.01,10.35
1,2016-01-20,13,Wednesday,0,3,4.17,12.56,1.8,14.67,15.1,954,1.2,795,12363.65,3.8,70.34,12.21
1,2016-01-20,14,Wednesday,0,3,3.75,11.6,1.64,13.92,14.57,1044,1.18,884,12631.81,3.8,69.99,10.47
1,2016-01-20,15,Wednesday,0,3,4.18,12.3,1.7,14.52,15.27,1057,1.23,857,13032.37,3.8,69.99,11.78
1,2016-01-20,16,Wednesday,0,3,3.61,11.0,1.64,13.16,15.36,849,1.21,704,10331.66,4.3,69.99,9.83
2,2016-01-20,17,Wednesday,0,3,3.72,11.29,1.73,13.6,15.47,1933,1.93,1000,15056.85,5.3,70.01,9.97
2,2016-01-20,19,Wednesday,0,3,3.87,10.96,1.82,12.21,17.84,2586,1.94,1335,19701.76,4.8,70.34,9.54
2,2016-01-20,22,Wednesday,0,3,5.16,12.5,2.03,12.22,23.31,2270,2.04,1113,17824.53,4.3,70.01,10.66
2,2016-01-20,23,Wednesday,0,3,5.45,12.83,1.94,12.26,24.6,1662,2.03,820,13320.29,4.3,70.01,10.43
1,2016-01-21,2,Thursday,0,4,4.89,11.46,1.36,10.23,26.9,214,1.28,167,2358.14,4.8,40.55,7.78
1,2016-01-21,4,Thursday,0,4,5.88,13.21,1.51,10.86,30.01,134,1.18,114,1853.06,4.3,53.75,10.94
2,2016-01-21,5,Thursday,0,4,6.3,13.74,1.91,10.79,31.01,397,2.06,193,3362.12,4.8,70.01,15.13
2,2016-01-21,6,Thursday,0,4,4.58,10.97,1.56,9.92,24.96,1046,2.11,495,6719.5,4.3,70.01,11.1
2,2016-01-21,7,Thursday,0,4,3.55,10.21,1.48,11.26,18.43,2086,2.14,973,12252.31,3.8,70.01,8.22
2,2016-01-21,8,Thursday,0,4,3.35,10.89,1.62,13.31,14.72,2286,2.03,1127,15169.07,3.8,70.01,8.67
1,2016-01-21,9,Thursday,0,4,3.42,11.27,1.6,13.94,13.85,968,1.1,878,12181.34,3.3,69.99,9.52
2,2016-01-21,11,Thursday,0,4,3.73,12.05,1.66,14.85,14.14,1941,2.04,951,14018.38,3.8,70.01,10.36
2,2016-01-21,18,Thursday,0,4,3.63,11.18,1.67,13.72,15.07,2589,2.02,1280,18973.73,4.8,70.01,9.55
2,2016-01-21,20,Thursday,0,4,4.24,11.79,1.81,13.2,18.09,2604,1.97,1324,19998.86,4.3,70.01,10.02
1,2016-01-21,21,Thursday,0,4,4.48,11.99,1.98,12.99,19.33,1369,1.23,1113,17209.8,4.3,69.99,10.13
1,2016-01-22,0,Friday,0,5,5.16,12.65,1.96,12.44,23.13,777,1.26,619,9952.74,4.3,58.34,10.17
2,2016-01-22,2,Friday,0,5,5.26,12.12,1.3,10.69,26.81,522,2.09,250,3680.36,5.3,60.0,9.53
2,2016-01-22,4,Friday,0,5,6.74,14.41,1.47,11.33,32.14,341,2.01,170,2984.62,4.8,68.34,13.32
2,2016-01-22,9,Friday,0,5,3.51,11.19,1.61,13.33,14.75,2287,2.04,1121,15438.69,3.8,70.01,9.36
1,2016-01-22,12,Friday,0,5,3.53,11.21,1.52,13.26,14.58,1057,1.18,893,12302.25,3.8,70.0,10.25
1,2016-01-22,17,Friday,0,5,3.2,10.29,1.47,12.46,14.94,1245,1.23,1010,13835.88,4.8,69.99,8.39
1,2016-01-22,19,Friday,0,5,3.74,10.81,1.58,12.13,17.19,1632,1.27,1289,18441.16,4.8,69.99,8.92
2,2016-01-22,21,Friday,0,5,3.88,10.85,1.64,11.68,19.45,2411,2.01,1197,16602.59,4.3,70.01,8.52
1,2016-01-22,22,Friday,0,5,4.4,11.88,1.79,13.16,18.85,1368,1.32,1037,15611.59,4.3,70.0,9.39
1,2016-01-22,23,Friday,0,5,4.41,11.74,1.67,13.08,18.9,1294,1.37,944,13987.01,4.3,62.8,8.97
1,2016-01-23,0,Saturday,1,6,4.46,11.84,1.76,13.65,18.79,1164,1.36,859,12867.57,4.3,69.99,8.96
2,2016-01-23,2,Saturday,1,6,5.1,12.55,1.76,14.37,19.69,1003,2.06,486,7617.11,4.8,58.34,9.05
2,2016-01-23,4,Saturday,1,6,4.92,12.38,1.37,15.08,18.4,443,1.96,226,3427.57,4.3,55.34,8.9
2,2016-01-23,9,Saturday,1,6,3.24,9.55,1.37,11.57,15.76,223,1.94,115,1353.59,4.8,52.8,7.59
1,2016-01-23,12,Saturday,1,6,2.89,9.26,1.34,11.36,14.69,166,1.34,124,1419.36,3.8,66.34,7.8
1,2016-01-23,17,Saturday,1,6,3.0,8.5,0.0,10.03,19.39,3,1.0,3,29.9,7.8,13.8,3.33
2,2016-01-24,9,Sunday,1,7,3.29,9.17,0.93,9.76,19.52,273,1.83,149,1631.63,3.8,41.21,6.07
1,2016-01-24,12,Sunday,1,7,3.35,9.86,1.39,11.16,17.05,448,1.3,344,4202.25,3.8,69.99,7.93
1,2016-01-24,17,Sunday,1,7,3.77,10.87,1.43,12.4,16.8,679,1.31,518,6924.38,4.3,69.99,9.34
1,2016-01-24,19,Sunday,1,7,4.23,11.28,1.54,12.25,18.82,722,1.32,549,7676.59,3.8,68.34,10.01
2,2016-01-24,21,Sunday,1,7,4.54,11.32,1.58,11.4,21.12,1495,2.13,703,10087.38,4.3,70.01,10.8
1,2016-01-24,22,Sunday,1,7,5.42,12.91,1.69,12.3,22.95,552,1.31,421,6788.11,4.3,69.99,12.42
1,2016-01-24,23,Sunday,1,7,6.2,14.1,1.63,13.52,24.62,409,1.31,313,5418.7,3.8,69.99,12.0
1,2016-01-25,0,Monday,0,1,6.21,13.89,1.72,12.6,26.26,284,1.23,230,3929.91,4.3,69.99,11.84
2,2016-01-25,2,Monday,0,1,5.99,13.3,1.47,12.05,26.65,329,2.28,144,2329.15,4.8,68.34,11.63
2,2016-01-25,4,Monday,0,1,7.14,15.51,1.69,14.55,26.87,264,2.06,128,2394.27,4.3,70.01,13.35
2,2016-01-25,9,Monday,0,1,3.96,13.75,1.99,18.45,12.24,1441,2.04,707,11882.68,3.8,71.81,11.78
1,2016-01-25,12,Monday,0,1,3.83,13.55,1.89,17.64,12.59,675,1.22,553,9121.05,3.8,69.99,11.72
1,2016-01-25,17,Monday,0,1,3.49,12.04,1.58,16.06,12.8,885,1.21,733,11372.1,4.8,69.99,9.05
1,2016-01-25,19,Monday,0,1,3.71,11.08,1.68,13.24,15.58,946,1.2,790,11534.65,5.3,70.09,8.89
2,2016-01-25,21,Monday,0,1,4.66,11.91,1.82,12.82,20.41,1843,2.0,923,13998.71,4.3,70.01,9.78
1,2016-01-25,22,Monday,0,1,5.19,13.16,1.96,13.68,20.27,831,1.25,664,11047.84,4.8,69.99,11.99
1,2016-01-25,23,Monday,0,1,5.56,13.48,1.9,13.59,22.36,578,1.19,485,8261.99,4.3,69.99,11.96
1,2016-01-26,0,Tuesday,0,2,5.85,13.62,1.71,12.66,24.97,397,1.21,329,5547.96,4.8,64.34,11.46
2,2016-01-26,2,Tuesday,0,2,5.53,12.65,1.38,11.77,25.83,264,2.08,127,1961.93,4.8,58.34,10.9
2,2016-01-26,4,Tuesday,0,2,5.63,12.82,1.35,11.79,26.97,192,1.9,101,1586.49,5.3,45.41,10.22
2,2016-01-26,9,Tuesday,0,2,3.45,12.85,1.85,17.57,12.12,1727,2.04,848,13266.65,3.8,70.01,9.57
1,2016-01-26,12,Tuesday,0,2,3.53,13.94,1.84,19.42,10.34,754,1.16,650,10910.49,3.8,69.99,10.81
1,2016-01-26,17,Tuesday,0,2,3.59,13.01,1.91,17.76,12.29,895,1.2,748,12664.81,4.3,70.0,10.1
1,2016-01-26,19,Tuesday,0,2,3.8,11.69,1.83,14.14,14.9,1154,1.2,961,14837.09,4.8,69.99,9.52
2,2016-01-26,21,Tuesday,0,2,4.87,12.38,1.96,13.19,20.46,2409,2.05,1176,18604.38,4.3,70.01,10.07
1,2016-01-26,22,Tuesday,0,2,5.17,13.17,2.0,14.16,20.1,1127,1.23,919,15323.52,4.3,69.99,10.23
1,2016-01-26,23,Tuesday,0,2,5.33,12.98,2.02,13.01,22.78,770,1.21,637,10536.39,4.8,69.0,10.27
1,2016-01-27,0,Wednesday,0,3,5.45,12.9,1.84,12.44,23.7,477,1.19,401,6494.33,4.8,69.34,10.84
2,2016-01-27,2,Wednesday,0,3,5.17,12.0,1.56,11.34,26.24,339,2.17,156,2330.68,4.8,47.76,8.2
2,2016-01-27,4,Wednesday,0,3,6.14,13.47,1.51,11.42,29.39,248,1.97,126,2097.44,4.8,70.01,12.5
2,2016-01-27,9,Wednesday,0,3,3.7,12.97,1.76,17.19,12.62,1817,1.94,937,14673.78,3.8,69.41,9.39
1,2016-01-27,12,Wednesday,0,3,3.32,12.63,1.66,17.14,11.39,815,1.18,688,10504.61,3.8,69.99,9.93
1,2016-01-27,17,Wednesday,0,3,3.5,11.88,1.72,15.59,13.13,953,1.2,792,12345.77,5.8,69.99,9.93
1,2016-01-27,19,Wednesday,0,3,3.8,11.34,1.69,13.46,15.64,1200,1.2,1003,14968.57,4.8,69.99,8.84
2,2016-01-27,21,Wednesday,0,3,4.51,11.88,1.97,13.08,19.81,2436,1.99,1225,18751.44,4.3,68.81,8.78
1,2016-01-27,22,Wednesday,0,3,4.86,12.43,1.94,13.06,20.63,1254,1.22,1025,16209.64,4.8,68.34,9.73
1,2016-01-27,23,Wednesday,0,3,4.94,12.58,1.92,12.93,21.38,991,1.23,806,12851.04,4.3,69.99,9.92
2,2016-01-28,0,Thursday,0,4,5.3,12.51,1.71,12.16,23.81,1099,1.98,554,8667.07,4.3,70.01,10.08
1,2016-01-28,1,Thursday,0,4,4.88,11.7,1.52,11.21,24.7,322,1.19,270,3940.56,4.8,47.34,8.29
1,2016-01-28,3,Thursday,0,4,4.95,11.68,1.2,10.49,26.43,148,1.21,122,1729.52,4.8,60.8,8.29
1,2016-01-28,10,Thursday,0,4,3.67,12.73,1.73,16.66,12.4,862,1.13,764,11821.95,3.8,69.99,9.67
2,2016-01-28,12,Thursday,0,4,3.82,12.78,1.7,16.44,12.85,1879,2.16,869,13542.5,3.8,70.01,11.0
1,2016-01-28,13,Thursday,0,4,3.7,12.37,1.61,15.58,12.97,952,1.2,793,11906.11,3.8,69.99,10.17
1,2016-01-28,14,Thursday,0,4,3.99,12.81,1.74,16.35,13.19,945,1.19,793,12405.97,3.9,69.99,10.8
1,2016-01-28,15,Thursday,0,4,3.81,12.6,1.69,16.17,12.7,948,1.19,797,12376.07,3.8,69.99,11.59
1,2016-01-28,16,Thursday,0,4,3.86,12.42,1.79,16.01,13.74,743,1.21,615,9988.32,4.8,69.99,10.66
2,2016-01-28,17,Thursday,0,4,3.69,11.95,1.86,15.36,13.85,1858,1.9,979,15510.89,5.3,70.01,10.28
2,2016-01-28,19,Thursday,0,4,4.07,11.72,1.84,13.61,16.62,2687,2.01,1334,20734.91,4.8,70.01,9.83
2,2016-01-28,22,Thursday,0,4,5.14,13.04,2.09,13.85,20.53,2508,1.99,1260,20903.7,4.8,70.01,10.72
2,2016-01-28,23,Thursday,0,4,5.22,12.8,1.96,13.0,22.71,2208,2.11,1045,16931.99,4.3,70.01,9.94
2,2016-01-29,1,Friday,0,5,5.0,12.04,1.67,11.84,24.43,890,2.02,441,6649.91,4.3,63.36,8.59
2,2016-01-29,3,Friday,0,5,5.9,13.25,1.52,11.93,27.82,387,2.1,184,2961.99,4.3,60.0,9.64
1,2016-01-29,5,Friday,0,5,6.12,13.4,1.68,10.91,30.03,184,1.1,168,2823.49,4.3,70.34,13.47
1,2016-01-29,6,Friday,0,5,4.43,10.83,1.39,9.89,24.31,509,1.06,479,6367.65,3.8,70.0,10.97
1,2016-01-29,7,Friday,0,5,3.88,11.01,1.6,12.11,17.93,894,1.1,816,11099.1,3.8,69.99,9.77
1,2016-01-29,8,Friday,0,5,3.57,11.36,1.68,13.7,14.66,1083,1.13,962,13468.73,3.8,70.0,9.48
2,2016-01-29,10,Friday,0,5,3.61,11.59,1.6,14.1,14.55,1822,2.06,885,12598.28,3.8,70.01,9.75
1,2016-01-29,11,Friday,0,5,3.84,12.56,1.61,15.46,13.8,878,1.19,738,11223.11,3.8,63.35,10.37
2,2016-01-29,13,Friday,0,5,3.97,12.14,1.64,14.52,15.1,1953,1.97,989,14702.15,3.8,70.34,11.0
2,2016-01-29,14,Friday,0,5,4.0,12.15,1.65,14.76,14.68,2095,2.08,1008,15027.37,3.8,70.61,11.19
2,2016-01-29,15,Friday,0,5,3.98,12.49,1.68,15.55,13.86,1932,2.03,950,14544.12,3.8,70.01,11.84
2,2016-01-29,16,Friday,0,5,3.8,11.73,1.61,14.52,14.86,1568,1.95,806,12401.98,4.8,70.01,10.4
1,2016-01-29,18,Friday,0,5,3.59,11.21,1.71,13.69,14.46,1390,1.21,1151,17150.61,4.8,69.99,9.42
1,2016-01-29,20,Friday,0,5,3.82,11.32,1.74,13.13,16.66,1498,1.3,1154,16750.76,4.3,69.99,8.66
2,2016-01-30,1,Saturday,1,6,4.96,12.35,1.85,12.75,21.87,2128,2.1,1011,15731.29,4.3,67.56,9.29
2,2016-01-30,3,Saturday,1,6,5.39,12.82,1.67,12.25,24.49,1246,1.95,638,10090.74,4.3,58.34,9.67
1,2016-01-30,5,Saturday,1,6,6.91,15.14,1.69,12.27,30.29,233,1.21,193,3558.92,4.8,70.0,13.71
1,2016-01-30,6,Saturday,1,6,6.07,13.4,1.56,10.7,29.31,233,1.17,199,3242.63,3.8,69.99,14.41
1,2016-01-30,7,Saturday,1,6,4.46,10.9,1.37,9.73,24.57,329,1.18,278,3695.17,3.8,70.0,10.77
1,2016-01-30,8,Saturday,1,6,3.49,9.31,1.23,8.68,22.78,549,1.17,468,5350.47,3.8,58.34,7.22
2,2016-01-30,10,Saturday,1,6,3.76,10.23,1.37,10.48,20.22,1804,1.95,924,11601.74,3.8,70.01,8.42
1,2016-01-30,11,Saturday,1,6,3.57,10.45,1.38,11.32,17.73,1072,1.28,839,10708.12,3.8,63.35,8.16
2,2016-01-30,13,Saturday,1,6,3.82,11.05,1.42,12.31,17.58,2391,2.07,1155,15494.28,3.8,70.01,9.28
2,2016-01-30,14,Saturday,1,6,3.94,11.4,1.49,12.81,17.18,2099,1.96,1072,14840.7,3.8,70.01,10.3
2,2016-01-30,15,Saturday,1,6,4.13,11.89,1.59,13.77,16.87,2413,2.15,1121,16290.15,3.8,70.01,11.43
2,2016-01-30,16,Saturday,1,6,4.1,11.96,1.44,14.07,16.67,2144,2.16,992,14296.75,3.8,70.01,10.14
1,2016-01-30,18,Saturday,1,6,3.5,11.02,1.43,13.54,15.23,1626,1.37,1183,15937.66,3.8,69.99,7.59
1,2016-01-30,20,Saturday,1,6,3.46,11.09,1.54,13.51,15.41,1467,1.43,1027,14351.3,4.3,70.0,8.11
2,2016-01-31,1,Sunday,1,7,4.8,12.2,1.76,12.87,21.46,2275,2.01,1133,17362.53,4.3,61.56,8.48
2,2016-01-31,3,Sunday,1,7,5.14,12.33,1.59,12.04,24.2,1474,2.02,730,11167.91,4.3,70.01,8.75
1,2016-01-31,5,Sunday,1,7,6.79,15.01,1.55,11.99,30.44,228,1.25,182,3300.87,4.8,69.99,14.56
1,2016-01-31,6,Sunday,1,7,6.09,13.38,1.56,10.38,31.14,221,1.23,180,2897.31,4.3,69.99,13.75
1,2016-01-31,7,Sunday,1,7,5.28,12.01,1.56,9.47,29.4,301,1.2,251,3701.13,4.3,69.99,12.85
1,2016-01-31,8,Sunday,1,7,4.35,10.6,1.35,9.07,26.08,419,1.19,351,4574.13,3.8,63.35,9.57
2,2016-01-31,10,Sunday,1,7,3.97,10.23,1.38,9.75,22.57,1660,1.97,841,10580.96,4.3,70.01,8.85
1,2016-01-31,11,Sunday,1,7,3.68,10.16,1.42,10.38,19.75,1075,1.31,822,10302.21,4.3,70.0,9.08
2,2016-01-31,13,Sunday,1,7,4.15,11.37,1.44,12.18,18.65,1999,2.04,982,13628.83,3.8,70.01,10.73
2,2016-01-31,14,Sunday,1,7,4.8,12.69,1.76,13.83,18.43,2023,1.97,1028,16040.49,3.8,70.01,12.69
2,2016-01-31,15,Sunday,1,7,4.66,12.52,1.64,13.94,18.2,1832,2.02,905,13858.15,3.8,70.01,11.89
2,2016-01-31,16,Sunday,1,7,4.7,12.5,1.72,13.91,18.38,1958,2.09,939,14435.52,3.8,70.01,12.13
1,2016-01-31,18,Sunday,1,7,4.23,11.63,1.63,13.03,17.71,1214,1.32,923,13297.94,3.31,69.99,10.5
1,2016-01-31,20,Sunday,1,7,4.55,11.57,1.64,11.43,21.36,851,1.32,647,9564.41,4.3,70.34,11.32
1,2016-02-01,0,Monday,0,1,5.95,13.24,1.76,11.35,28.74,325,1.24,262,4355.69,4.3,69.99,11.12
2,2016-02-01,2,Monday,0,1,6.89,14.76,1.69,12.97,29.43,198,2.08,95,1691.21,4.8,59.75,11.87
2,2016-02-01,4,Monday,0,1,6.65,14.1,1.45,11.35,31.41,193,2.08,93,1610.57,4.3,68.34,13.02
2,2016-02-01,9,Monday,0,1,4.19,12.27,1.8,14.43,15.85,1924,2.01,958,14608.6,3.8,70.01,11.71
1,2016-02-01,12,Monday,0,1,3.86,11.7,1.61,13.64,15.63,837,1.15,726,10424.45,3.8,63.36,9.98
1,2016-02-01,17,Monday,0,1,3.38,10.74,1.55,13.28,14.86,1020,1.2,851,12157.33,4.3,69.99,8.58
1,2016-02-01,19,Monday,0,1,3.85,10.59,1.65,11.5,18.84,1192,1.21,987,13954.21,4.8,61.6,8.16
2,2016-02-01,21,Monday,0,1,4.92,11.95,1.96,11.61,23.59,1958,1.93,1016,15682.59,4.3,70.01,10.55
1,2016-02-01,22,Monday,0,1,5.13,12.24,2.04,11.58,24.31,885,1.2,739,11656.23,4.3,69.99,10.01
1,2016-02-01,23,Monday,0,1,5.63,12.83,1.88,11.42,25.93,528,1.18,447,7248.46,3.8,69.99,11.46
1,2016-02-02,2,Tuesday,0,2,6.17,13.78,1.46,12.24,28.89,147,1.25,118,1961.29,4.8,50.35,9.3
1,2016-02-02,4,Tuesday,0,2,5.9,12.96,1.18,10.39,30.42,123,1.18,104,1637.98,5.3,66.34,11.79
2,2016-02-02,6,Tuesday,0,2,4.09,10.17,1.42,9.08,25.21,968,2.05,473,5961.14,3.8,70.01,10.32
2,2016-02-02,7,Tuesday,0,2,3.84,10.71,1.63,11.78,18.73,1990,2.0,993,13198.1,3.8,70.01,9.47
2,2016-02-02,8,Tuesday,0,2,3.42,10.92,1.6,13.35,14.88,2358,1.97,1194,16049.36,3.8,70.01,8.45
1,2016-02-02,9,Tuesday,0,2,3.45,11.58,1.69,14.15,13.88,970,1.1,881,12585.48,3.8,69.99,10.01
2,2016-02-02,11,Tuesday,0,2,3.85,12.19,1.74,14.83,14.55,1826,2.15,850,12718.22,3.8,70.01,10.56
2,2016-02-02,18,Tuesday,0,2,3.52,10.92,1.71,13.23,15.75,2525,2.04,1238,18057.09,4.8,68.34,8.37
2,2016-02-02,20,Tuesday,0,2,4.6,11.75,1.86,12.21,20.65,2608,2.06,1265,19125.29,4.3,70.01,10.03
1,2016-02-02,21,Tuesday,0,2,4.7,11.96,1.96,12.16,21.29,1250,1.18,1061,16419.56,4.8,69.99,10.18
1,2016-02-03,2,Wednesday,0,3,5.02,11.76,1.46,10.76,26.79,184,1.22,151,2203.58,4.8,46.04,7.64
1,2016-02-03,4,Wednesday,0,3,6.53,14.06,1.32,11.12,31.38,125,1.17,107,1833.24,4.8,58.34,12.0
2,2016-02-03,5,Wednesday,0,3,6.18,13.26,1.74,10.43,31.16,359,2.06,174,2912.77,4.8,70.01,14.02
2,2016-02-03,6,Wednesday,0,3,4.47,10.79,1.62,9.71,24.9,1012,2.02,501,6768.59,4.3,70.01,11.85
2,2016-02-03,7,Wednesday,0,3,3.78,10.64,1.56,11.83,18.09,1957,2.08,943,12443.42,3.8,70.01,9.52
2,2016-02-03,8,Wednesday,0,3,3.47,10.91,1.71,13.2,15.16,2287,2.02,1134,15407.41,3.8,68.34,8.8
1,2016-02-03,9,Wednesday,0,3,3.54,11.65,1.75,14.57,13.98,1054,1.09,968,13922.82,3.8,61.59,9.18
2,2016-02-03,11,Wednesday,0,3,4.03,12.42,1.75,14.99,14.87,1796,1.98,907,13828.93,3.8,70.01,10.68
2,2016-02-03,18,Wednesday,0,3,3.39,11.0,1.77,13.98,14.22,2371,1.95,1219,17938.5,4.8,59.0,8.14
2,2016-02-03,20,Wednesday,0,3,4.41,11.43,1.89,11.98,20.45,2333,2.0,1166,17324.28,4.3,70.01,9.72
1,2016-02-03,21,Wednesday,0,3,4.49,11.54,1.96,11.84,21.09,1081,1.19,908,13567.02,4.8,67.34,8.97
1,2016-02-04,0,Thursday,0,4,6.3,13.9,2.07,12.07,27.9,508,1.19,427,7484.94,4.3,69.99,11.56
2,2016-02-04,2,Thursday,0,4,5.32,12.1,1.32,10.6,28.34,333,2.02,165,2427.48,4.8,42.25,7.3
2,2016-02-04,4,Thursday,0,4,7.26,15.38,1.76,12.69,30.85,178,1.87,95,1789.49,4.8,54.36,12.76
2,2016-02-04,9,Thursday,0,4,3.34,11.07,1.69,13.82,13.97,2291,2.05,1117,15326.14,3.8,70.01,9.01
1,2016-02-04,12,Thursday,0,4,3.41,11.66,1.63,14.49,13.51,908,1.15,792,11348.58,3.8,70.0,9.77
1,2016-02-04,17,Thursday,0,4,3.56,11.08,1.63,13.45,15.12,1082,1.23,880,12937.66,4.3,65.19,9.37
1,2016-02-04,19,Thursday,0,4,3.66,10.84,1.68,12.66,16.65,1358,1.19,1145,16489.43,4.8,58.34,7.87
2,2016-02-04,21,Thursday,0,4,4.96,12.75,1.98,13.71,20.23,2913,2.11,1380,22509.19,4.3,70.01,10.53
1,2016-02-04,22,Thursday,0,4,4.95,12.84,2.08,13.76,20.15,1336,1.25,1070,17576.2,4.8,69.99,10.93
1,2016-02-04,23,Thursday,0,4,5.16,12.75,2.01,12.78,22.19,1131,1.24,912,14823.29,4.3,69.99,10.31
2,2016-02-05,1,Friday,0,5,4.86,11.66,1.61,10.92,25.05,870,2.03,429,6273.07,4.3,68.34,8.67
2,2016-02-05,3,Friday,0,5,5.22,12.2,1.66,11.15,26.18,434,2.1,207,3153.46,4.3,70.01,10.33
1,2016-02-05,5,Friday,0,5,5.34,12.45,1.5,10.56,26.64,212,1.13,188,2941.58,3.8,70.34,13.66
1,2016-02-05,6,Friday,0,5,3.86,9.9,1.34,9.44,22.46,497,1.06,471,5733.02,3.8,69.99,9.8
1,2016-02-05,7,Friday,0,5,3.55,10.18,1.51,11.35,17.71,918,1.12,823,10387.94,3.3,70.0,8.25
1,2016-02-05,8,Friday,0,5,3.36,10.63,1.56,12.76,14.87,1007,1.09,921,12103.62,3.8,69.99,9.28
2,2016-02-05,10,Friday,0,5,3.5,11.02,1.54,13.19,15.21,1956,2.14,914,12360.81,3.8,70.01,9.16
1,2016-02-05,11,Friday,0,5,3.37,10.82,1.44,12.77,14.96,820,1.15,713,9395.46,4.3,69.99,8.38
2,2016-02-05,13,Friday,0,5,4.43,11.85,1.61,12.41,18.57,1625,2.02,806,11739.85,3.8,70.01,11.77
2,2016-02-05,14,Friday,0,5,4.44,12.15,1.58,13.39,17.65,1898,2.01,944,14035.33,3.8,70.01,11.09
2,2016-02-05,15,Friday,0,5,3.98,11.28,1.53,12.54,17.27,1948,2.07,940,13027.82,3.8,70.01,10.49
2,2016-02-05,16,Friday,0,5,3.77,10.73,1.5,11.93,18.0,1776,2.03,875,12475.22,4.3,57.3,9.31
1,2016-02-05,18,Friday,0,5,3.51,10.7,1.61,12.51,16.09,1454,1.22,1187,16915.06,5.3,70.0,7.98
1,2016-02-05,20,Friday,0,5,4.01,11.1,1.63,12.19,18.48,1419,1.3,1092,15501.99,3.8,69.99,8.83
2,2016-02-06,0,Saturday,1,6,4.79,12.09,1.73,12.42,22.02,2433,2.02,1205,18317.09,4.3,70.01,9.07
1,2016-02-06,1,Saturday,1,6,4.52,11.47,1.72,11.58,21.82,1141,1.36,841,12246.01,4.3,63.35,8.41
1,2016-02-06,3,Saturday,1,6,4.82,11.76,1.57,11.26,24.16,785,1.41,555,8144.99,4.3,55.0,8.16
1,2016-02-06,10,Saturday,1,6,3.62,10.04,1.35,10.21,19.94,872,1.24,705,8704.16,3.8,64.34,8.06
2,2016-02-06,12,Saturday,1,6,3.83,10.72,1.35,11.24,19.01,2317,2.06,1124,14696.65,3.8,70.01,9.26
1,2016-02-06,13,Saturday,1,6,3.51,10.49,1.27,11.57,17.17,1188,1.35,880,11155.91,3.8,69.99,8.25
1,2016-02-06,14,Saturday,1,6,3.87,11.04,1.34,12.11,17.55,1280,1.33,965,12884.84,3.8,69.99,9.79
1,2016-02-06,15,Saturday,1,6,3.7,11.11,1.36,12.8,16.63,1335,1.35,988,13253.07,4.3,69.99,8.66
1,2016-02-06,16,Saturday,1,6,3.46,10.41,1.34,11.83,16.9,1378,1.38,1000,12754.79,3.8,69.99,8.15
2,2016-02-06,17,Saturday,1,6,3.94,11.06,1.36,12.28,17.95,2415,2.04,1183,15865.19,3.8,70.01,9.57
2,2016-02-06,19,Saturday,1,6,3.8,11.33,1.47,13.43,16.45,2882,2.02,1429,19554.94,3.8,70.01,8.4
2,2016-02-06,22,Saturday,1,6,4.38,11.9,1.63,13.08,18.75,2469,2.05,1205,18005.48,3.8,70.01,9.86
2,2016-02-06,23,Saturday,1,6,4.37,12.03,1.67,13.7,18.72,2794,2.04,1367,20640.56,4.3,63.41,8.37
2,2016-02-07,0,Sunday,1,7,4.36,11.68,1.7,12.83,20.08,2621,2.06,1270,18717.82,4.3,57.34,8.19
1,2016-02-07,1,Sunday,1,7,4.72,11.92,1.73,11.99,22.21,1306,1.39,938,14079.81,4.3,62.79,8.29
1,2016-02-07,3,Sunday,1,7,4.61,11.36,1.62,11.06,23.52,815,1.34,607,8697.53,3.8,49.38,7.76
1,2016-02-07,10,Sunday,1,7,3.77,9.83,1.29,9.01,22.92,909,1.31,694,8401.12,3.8,70.34,8.4
2,2016-02-07,12,Sunday,1,7,3.75,10.29,1.31,10.6,19.88,2093,2.1,995,12463.07,3.8,70.01,8.51
1,2016-02-07,13,Sunday,1,7,4.22,11.21,1.45,11.32,19.91,1180,1.34,878,12029.17,4.3,70.34,10.71
1,2016-02-07,14,Sunday,1,7,4.21,11.34,1.5,11.76,19.43,1128,1.36,829,11534.06,3.8,70.0,10.57
1,2016-02-07,15,Sunday,1,7,4.26,11.51,1.47,12.05,19.1,1170,1.34,876,12335.7,3.8,70.34,11.46
1,2016-02-07,16,Sunday,1,7,4.02,11.17,1.42,12.13,18.63,1241,1.34,925,12671.18,3.8,69.99,9.87
2,2016-02-07,17,Sunday,1,7,4.52,11.79,1.67,12.57,19.92,2589,2.04,1267,18391.29,3.3,70.01,10.94
2,2016-02-07,19,Sunday,1,7,4.79,11.49,1.58,10.49,24.16,1530,2.08,736,10435.03,3.8,70.01,11.62
2,2016-02-07,22,Sunday,1,7,5.22,12.27,1.88,11.35,25.46,2493,2.09,1190,18567.18,4.3,70.01,9.87
2,2016-02-07,23,Sunday,1,7,5.62,12.97,1.85,11.93,26.31,1768,2.02,876,14249.58,4.3,70.01,10.88
2,2016-02-08,1,Monday,0,1,5.43,12.25,1.37,10.84,28.93,480,2.14,224,3358.47,4.8,51.36,9.12
2,2016-02-08,3,Monday,0,1,6.69,14.81,1.38,11.51,31.43,238,2.22,107,1880.08,4.8,70.01,13.13
1,2016-02-08,5,Monday,0,1,7.31,15.33,2.26,10.96,34.19,205,1.04,198,3887.91,4.8,69.99,16.12
1,2016-02-08,6,Monday,0,1,5.03,11.72,1.54,10.25,25.85,542,1.06,509,7361.84,4.3,69.99,13.24
1,2016-02-08,7,Monday,0,1,4.12,10.99,1.64,11.34,20.24,812,1.09,745,10160.5,3.3,69.99,9.78
1,2016-02-08,8,Monday,0,1,3.72,11.21,1.74,12.87,16.14,1076,1.11,969,13523.9,3.8,69.99,9.9
2,2016-02-08,10,Monday,0,1,3.61,11.01,1.53,12.79,15.66,1780,2.05,867,11769.33,4.3,70.01,10.11
1,2016-02-08,11,Monday,0,1,3.68,11.06,1.49,12.56,15.67,859,1.19,724,9848.83,3.8,70.0,10.58
2,2016-02-08,13,Monday,0,1,4.26,11.52,1.58,12.19,18.34,1683,2.02,835,11950.23,3.8,70.01,11.59
2,2016-02-08,14,Monday,0,1,3.86,10.88,1.45,11.75,17.68,1832,2.07,885,11877.68,3.8,70.01,10.22
2,2016-02-08,15,Monday,0,1,4.15,11.56,1.63,12.62,17.62,1701,1.9,894,12832.37,3.8,70.01,11.58
2,2016-02-08,16,Monday,0,1,3.74,10.56,1.63,11.62,17.94,1624,1.98,822,11686.85,4.8,65.81,9.8
1,2016-02-08,18,Monday,0,1,3.21,9.77,1.48,11.23,16.64,1222,1.17,1042,13692.46,4.8,54.79,6.79
1,2016-02-08,20,Monday,0,1,4.45,11.24,1.84,11.02,21.89,998,1.2,830,12063.81,4.3,69.99,9.33
1,2016-02-09,0,Tuesday,0,2,5.88,13.25,1.84,11.9,27.33,353,1.22,289,4796.64,4.3,69.99,10.44
2,2016-02-09,2,Tuesday,0,2,5.38,12.13,1.53,10.55,28.85,250,2.1,119,1779.36,5.3,39.96,7.67
2,2016-02-09,4,Tuesday,0,2,6.81,14.51,1.55,11.3,31.77,169,2.35,72,1275.84,5.3,70.01,14.51
2,2016-02-09,9,Tuesday,0,2,3.51,11.21,1.71,13.66,14.66,2137,1.96,1092,15160.25,4.3,70.01,9.48
1,2016-02-09,12,Tuesday,0,2,3.55,11.26,1.59,13.42,14.94,891,1.16,770,10705.76,3.3,69.99,9.8
1,2016-02-09,17,Tuesday,0,2,3.43,10.65,1.61,12.63,15.63,1104,1.25,884,12599.48,5.3,60.39,8.32
1,2016-02-09,19,Tuesday,0,2,3.76,10.57,1.7,11.44,18.32,1277,1.17,1094,15554.09,4.8,55.84,8.33
2,2016-02-09,21,Tuesday,0,2,4.71,11.81,1.94,11.97,22.04,2580,2.04,1262,19235.16,4.3,70.01,8.91
1,2016-02-09,22,Tuesday,0,2,4.77,11.9,1.95,11.88,22.29,1025,1.21,844,12994.73,4.8,69.99,10.3
1,2016-02-09,23,Tuesday,0,2,5.11,12.14,1.97,11.15,24.84,729,1.21,601,9382.14,4.3,69.99,10.67
1,2016-02-10,2,Wednesday,0,3,5.28,12.08,1.39,10.82,26.87,186,1.17,159,2357.89,4.8,61.55,9.04
1,2016-02-10,4,Wednesday,0,3,6.66,14.12,1.83,10.87,32.13,135,1.18,114,2010.05,4.8,69.99,13.17
2,2016-02-10,5,Wednesday,0,3,5.76,12.53,1.39,10.14,31.2,332,2.01,165,2564.8,4.8,58.34,11.57
2,2016-02-10,6,Wednesday,0,3,4.33,10.52,1.55,9.58,25.34,1033,2.0,517,6780.25,3.8,70.01,10.13
2,2016-02-10,7,Wednesday,0,3,3.65,10.31,1.49,11.35,18.65,2114,2.03,1043,13271.87,3.8,70.01,8.29
2,2016-02-10,8,Wednesday,0,3,3.47,10.96,1.68,13.39,15.3,2331,1.98,1176,15972.36,3.8,70.01,8.67
1,2016-02-10,9,Wednesday,0,3,3.21,10.62,1.53,12.9,14.37,1055,1.11,950,12453.99,3.8,57.99,8.23
2,2016-02-10,11,Wednesday,0,3,3.75,11.98,1.61,14.74,14.39,1766,2.03,868,12654.28,3.8,70.01,10.15
2,2016-02-10,18,Wednesday,0,3,3.49,10.54,1.67,12.48,15.95,2722,1.95,1398,19809.7,4.8,59.81,7.89
2,2016-02-10,20,Wednesday,0,3,4.26,11.12,1.79,11.52,20.37,2807,2.09,1346,19387.7,4.3,70.01,9.53
1,2016-02-10,21,Wednesday,0,3,4.35,11.33,1.81,11.73,20.72,1295,1.21,1067,15550.62,4.3,66.34,9.03
1,2016-02-11,0,Thursday,0,4,5.05,11.97,1.61,11.17,24.77,535,1.2,445,6672.58,4.3,69.99,9.7
2,2016-02-11,2,Thursday,0,4,5.19,12.17,1.34,10.65,27.71,358,2.17,165,2442.29,4.8,55.3,9.16
2,2016-02-11,4,Thursday,0,4,5.45,12.24,1.43,10.31,28.29,217,2.05,106,1602.42,4.8,63.36,11.07
2,2016-02-11,9,Thursday,0,4,3.6,11.52,1.67,13.99,14.55,2301,2.05,1124,15962.74,3.8,70.01,9.86
1,2016-02-11,12,Thursday,0,4,3.33,11.42,1.6,14.16,13.35,1145,1.2,957,13403.73,3.8,69.99,9.67
1,2016-02-11,17,Thursday,0,4,3.6,11.56,1.67,14.69,14.23,1151,1.19,966,14733.06,4.8,63.99,9.47
1,2016-02-11,19,Thursday,0,4,3.71,11.08,1.74,12.99,15.92,1543,1.2,1287,18971.16,4.8,66.34,8.81
2,2016-02-11,21,Thursday,0,4,4.71,12.16,1.95,12.96,19.95,2762,1.96,1408,22104.62,4.3,70.01,10.62
1,2016-02-11,22,Thursday,0,4,4.75,12.37,1.93,13.09,19.97,1430,1.27,1125,17702.75,4.3,69.99,10.13
1,2016-02-11,23,Thursday,0,4,5.14,12.82,2.05,13.18,21.74,1199,1.26,950,15577.72,4.3,69.99,10.66
2,2016-02-12,0,Friday,0,5,5.95,13.68,2.17,12.93,25.1,1568,2.1,745,13041.04,4.3,70.01,11.63
1,2016-02-12,1,Friday,0,5,5.58,12.8,1.79,11.39,26.22,501,1.28,390,6291.31,4.8,63.36,10.47
1,2016-02-12,3,Friday,0,5,5.34,12.33,1.37,10.73,26.67,223,1.27,175,2650.25,4.3,63.35,9.9
1,2016-02-12,10,Friday,0,5,3.71,12.06,1.77,14.91,14.11,976,1.15,847,12588.78,3.8,69.99,10.44
2,2016-02-12,12,Friday,0,5,3.94,12.25,1.69,14.61,15.09,2086,2.02,1035,15585.02,3.8,70.01,11.06
1,2016-02-12,13,Friday,0,5,3.86,12.08,1.6,14.59,14.56,1194,1.25,955,14100.89,3.8,69.99,10.86
1,2016-02-12,14,Friday,0,5,3.91,12.26,1.66,15.04,14.04,1213,1.21,1004,15067.78,3.8,70.01,11.27
1,2016-02-12,15,Friday,0,5,3.79,12.33,1.59,15.9,13.2,1116,1.22,917,13823.87,3.8,69.99,11.01
1,2016-02-12,16,Friday,0,5,3.61,11.5,1.6,14.42,14.48,889,1.28,696,10524.92,4.8,60.35,9.83
2,2016-02-12,17,Friday,0,5,3.79,11.82,1.69,14.84,15.06,2068,1.96,1057,16456.34,4.8,62.16,9.8
2,2016-02-12,19,Friday,0,5,3.66,11.09,1.68,13.29,16.01,2876,2.03,1415,20838.33,4.8,61.56,8.42
2,2016-02-12,22,Friday,0,5,4.66,12.3,1.76,13.34,19.46,2537,2.03,1247,19372.27,4.3,70.01,9.91
2,2016-02-12,23,Friday,0,5,5.0,12.91,1.86,13.69,20.16,2804,2.11,1331,21597.26,4.3,70.01,10.67
1,2016-02-13,2,Saturday,1,6,4.99,12.21,1.59,11.76,23.4,901,1.35,669,10145.46,4.3,64.34,9.03
1,2016-02-13,4,Saturday,1,6,6.33,14.0,1.4,12.09,28.16,469,1.36,345,5815.09,4.8,69.99,11.42
2,2016-02-13,5,Saturday,1,6,7.09,15.84,1.5,11.35,32.4,248,1.69,147,2778.69,4.8,70.01,15.74
2,2016-02-13,6,Saturday,1,6,4.96,11.36,1.3,9.53,29.09,393,2.01,196,2662.94,4.3,65.34,9.68
2,2016-02-13,7,Saturday,1,6,4.99,11.5,1.59,9.3,27.82,657,2.0,329,4646.67,3.8,70.01,12.31
2,2016-02-13,8,Saturday,1,6,4.09,10.3,1.36,9.29,23.86,1099,1.96,562,7110.42,3.8,70.34,10.08
1,2016-02-13,9,Saturday,1,6,3.65,9.76,1.31,9.17,22.01,789,1.2,657,7870.9,3.8,63.35,8.28
2,2016-02-13,11,Saturday,1,6,3.68,10.2,1.29,10.53,19.59,2350,1.99,1179,14662.74,3.8,70.01,8.7
2,2016-02-13,18,Saturday,1,6,3.41,10.8,1.39,12.93,15.54,2826,1.97,1434,18740.35,3.8,70.01,8.03
2,2016-02-13,20,Saturday,1,6,3.93,11.42,1.54,13.07,16.87,2553,2.01,1272,18273.53,4.3,70.01,9.56
1,2016-02-13,21,Saturday,1,6,3.6,10.74,1.37,12.13,16.73,1353,1.42,952,12824.28,4.3,58.34,7.83
1,2016-02-14,0,Sunday,1,7,4.36,11.76,1.63,12.67,19.71,1231,1.41,874,12895.07,4.3,63.35,8.52
2,2016-02-14,2,Sunday,1,7,5.29,12.58,1.65,12.14,24.14,1330,2.05,649,10157.01,4.3,58.34,9.79
2,2016-02-14,4,Sunday,1,7,5.82,13.05,1.45,11.45,27.52,678,2.14,317,5051.75,4.3,70.01,10.21
2,2016-02-14,9,Sunday,1,7,3.93,9.76,1.33,8.48,25.43,1338,2.09,641,7713.63,3.8,70.01,8.5
1,2016-02-14,12,Sunday,1,7,3.54,10.22,1.31,10.81,18.64,1303,1.39,936,11657.01,3.8,63.35,8.23
1,2016-02-14,17,Sunday,1,7,3.84,11.4,1.47,13.05,17.01,1374,1.44,954,13308.09,4.3,69.99,9.41
1,2016-02-14,19,Sunday,1,7,4.12,11.71,1.66,13.05,17.79,1450,1.41,1032,14985.66,3.8,70.34,10.02
2,2016-02-14,21,Sunday,1,7,4.29,11.26,1.56,11.56,20.89,2183,2.05,1067,15206.43,4.3,70.01,9.2
1,2016-02-14,22,Sunday,1,7,4.17,10.84,1.44,10.77,20.98,1187,1.42,834,11394.06,4.3,69.99,9.2
1,2016-02-14,23,Sunday,1,7,4.86,11.86,1.58,11.27,23.27,1023,1.38,743,11048.11,4.3,70.01,10.28
2,2016-02-15,0,Monday,0,1,5.25,12.2,1.51,11.15,25.88,1306,2.04,639,9655.72,4.8,70.01,9.59
1,2016-02-15,1,Monday,0,1,5.11,11.89,1.45,10.6,26.46,565,1.38,408,5997.52,4.3,64.22,9.21
1,2016-02-15,3,Monday,0,1,5.38,12.35,1.32,10.9,27.79,227,1.31,173,2606.05,4.8,39.8,8.72
1,2016-02-15,10,Monday,0,1,3.61,9.83,1.22,9.57,20.42,970,1.25,773,9278.37,3.8,69.99,8.67
2,2016-02-15,12,Monday,0,1,4.09,11.09,1.44,11.82,19.16,2289,2.04,1123,15217.19,3.8,70.01,9.78
1,2016-02-15,13,Monday,0,1,3.7,10.47,1.37,11.17,18.08,1181,1.3,910,11699.8,3.8,69.99,9.59
1,2016-02-15,14,Monday,0,1,3.91,10.92,1.44,11.77,17.94,1218,1.29,944,12644.01,3.8,69.99,10.2
1,2016-02-15,15,Monday,0,1,3.57,10.35,1.32,11.64,17.1,1262,1.32,955,12103.53,3.8,69.99,9.44
1,2016-02-15,16,Monday,0,1,3.89,10.77,1.53,12.21,17.36,1144,1.32,865,11692.05,3.3,69.99,10.27
2,2016-02-15,17,Monday,0,1,4.15,11.18,1.65,12.97,17.32,2088,2.0,1046,14586.83,3.8,70.01,10.49
2,2016-02-15,19,Monday,0,1,3.84,10.25,1.37,10.76,19.2,2332,2.01,1160,14596.4,3.8,70.01,9.41
2,2016-02-15,22,Monday,0,1,5.5,12.57,1.87,11.49,24.83,1716,2.02,849,13600.29,4.3,70.01,12.33
2,2016-02-15,23,Monday,0,1,5.91,13.29,1.79,11.86,26.66,1360,2.04,667,11137.29,4.3,70.01,12.4
1,2016-02-16,2,Tuesday,0,2,7.47,15.6,2.03,12.09,32.81,205,1.16,176,3428.92,5.3,70.34,13.29
1,2016-02-16,4,Tuesday,0,2,6.54,14.07,1.41,11.62,31.78,95,1.09,87,1491.97,5.3,69.99,11.73
2,2016-02-16,5,Tuesday,0,2,6.66,14.06,1.87,10.93,32.62,339,1.96,173,3101.22,4.8,70.01,15.08
2,2016-02-16,6,Tuesday,0,2,4.74,11.28,1.53,10.17,25.34,893,1.96,455,6345.12,3.8,70.01,13.12
2,2016-02-16,7,Tuesday,0,2,4.47,11.4,1.71,11.65,21.42,1742,2.05,848,11965.97,3.8,70.01,9.94
2,2016-02-16,8,Tuesday,0,2,4.03,11.65,1.68,13.52,16.69,2308,2.06,1123,16137.59,3.8,70.01,10.13
1,2016-02-16,9,Tuesday,0,2,3.4,11.32,1.65,14.04,13.81,1197,1.14,1049,14601.32,4.3,65.34,8.86
2,2016-02-16,11,Tuesday,0,2,3.91,11.96,1.71,14.33,15.12,1907,2.06,925,13656.53,3.8,70.01,11.07
2,2016-02-16,18,Tuesday,0,2,3.73,11.37,1.79,13.88,15.78,2306,1.92,1200,18177.53,5.3,63.84,9.12
2,2016-02-16,20,Tuesday,0,2,4.38,11.32,1.77,11.64,20.84,2158,1.98,1089,15885.09,4.8,70.01,9.86
1,2016-02-16,21,Tuesday,0,2,4.9,12.09,1.95,11.99,22.24,1151,1.26,913,14202.94,4.8,69.99,10.88
2,2016-02-17,0,Wednesday,0,3,6.04,13.36,1.82,11.5,28.6,1081,2.04,529,8880.53,4.3,70.01,11.4
1,2016-02-17,1,Wednesday,0,3,6.35,13.79,1.89,11.41,29.64,289,1.2,241,4167.38,4.3,70.0,12.16
1,2016-02-17,3,Wednesday,0,3,6.08,13.37,1.17,11.24,29.8,132,1.28,103,1635.78,4.8,45.8,9.18
1,2016-02-17,10,Wednesday,0,3,3.76,11.9,1.61,14.57,14.46,882,1.2,736,10681.65,3.3,69.99,9.9
2,2016-02-17,12,Wednesday,0,3,3.66,11.8,1.53,14.4,14.5,1912,1.92,994,14278.28,3.8,70.01,9.83
1,2016-02-17,13,Wednesday,0,3,3.98,12.59,1.65,15.45,14.25,1070,1.24,866,13264.69,3.3,70.34,11.57
1,2016-02-17,14,Wednesday,0,3,4.09,12.36,1.65,14.71,14.88,989,1.19,834,12614.47,3.8,69.99,11.29
1,2016-02-17,15,Wednesday,0,3,3.9,12.02,1.57,14.46,14.8,1111,1.23,906,13325.28,3.8,69.99,10.51
1,2016-02-17,16,Wednesday,0,3,3.72,11.47,1.53,13.76,15.14,875,1.23,714,10751.4,4.8,62.84,9.83
2,2016-02-17,17,Wednesday,0,3,3.67,11.5,1.69,14.16,15.11,2057,2.01,1022,15530.64,4.8,64.61,9.25
2,2016-02-17,19,Wednesday,0,3,3.63,10.59,1.7,12.0,17.36,2583,1.98,1305,18534.15,4.8,63.36,8.2
2,2016-02-17,22,Wednesday,0,3,5.05,12.52,1.85,12.48,22.49,2452,2.03,1205,19132.47,4.3,70.01,10.71
2,2016-02-17,23,Wednesday,0,3,5.37,12.91,2.03,12.6,23.82,1872,2.07,906,14913.01,4.3,70.01,10.75
1,2016-02-18,2,Thursday,0,4,5.14,12.1,1.52,10.42,27.1,237,1.21,196,2934.24,4.3,58.34,9.66
1,2016-02-18,4,Thursday,0,4,5.9,13.02,1.41,10.51,30.25,162,1.33,122,1940.3,4.3,57.35,10.91
2,2016-02-18,5,Thursday,0,4,6.16,13.28,1.61,10.26,31.84,355,2.04,174,2911.33,4.8,70.01,13.89
2,2016-02-18,6,Thursday,0,4,4.77,11.31,1.61,9.98,25.98,930,1.95,476,6702.93,4.3,70.01,12.31
2,2016-02-18,7,Thursday,0,4,3.87,10.78,1.65,11.54,19.42,1929,2.0,966,12960.24,3.8,70.01,9.59
2,2016-02-18,8,Thursday,0,4,3.71,11.76,1.8,14.34,15.24,2204,1.94,1139,16534.62,4.3,70.01,9.38
1,2016-02-18,9,Thursday,0,4,3.48,11.77,1.7,14.64,13.94,959,1.1,870,12534.98,3.8,58.34,8.9
2,2016-02-18,11,Thursday,0,4,3.58,11.64,1.57,14.44,14.37,1824,1.98,922,13108.19,3.8,70.01,9.42
2,2016-02-18,18,Thursday,0,4,3.65,11.16,1.69,13.61,15.59,2716,1.97,1381,20496.93,4.8,61.01,8.52
2,2016-02-18,20,Thursday,0,4,4.23,11.42,1.81,12.45,19.2,2774,2.01,1383,20335.03,4.3,70.01,9.29
1,2016-02-18,21,Thursday,0,4,4.67,12.21,1.98,13.02,19.74,1519,1.28,1183,18620.44,4.8,70.0,10.52
2,2016-02-19,0,Friday,0,5,5.24,12.41,1.79,11.89,24.43,1423,1.91,744,11609.28,4.3,68.34,9.85
1,2016-02-19,1,Friday,0,5,5.28,12.33,1.67,11.28,25.54,512,1.27,404,6231.89,4.3,52.59,9.35
1,2016-02-19,3,Friday,0,5,6.45,14.35,1.59,12.5,28.49,274,1.3,210,3650.24,4.3,63.36,10.24
1,2016-02-19,10,Friday,0,5,3.92,11.97,1.57,14.09,15.4,880,1.16,759,11067.42,3.8,69.99,10.18
2,2016-02-19,12,Friday,0,5,3.84,11.54,1.63,13.41,15.63,1884,2.02,932,13285.33,3.8,70.01,10.45
1,2016-02-19,13,Friday,0,5,3.69,11.31,1.49,13.06,15.62,1147,1.24,922,12738.61,3.8,69.99,9.85
1,2016-02-19,14,Friday,0,5,3.96,11.82,1.6,14.13,15.3,1137,1.22,931,13479.17,4.3,68.34,10.6
1,2016-02-19,15,Friday,0,5,4.03,11.89,1.57,13.98,15.43,1123,1.26,893,13049.34,3.8,69.99,11.24
1,2016-02-19,16,Friday,0,5,3.72,11.42,1.63,13.77,15.81,971,1.29,754,11344.77,4.8,56.74,9.34
2,2016-02-19,17,Friday,0,5,3.76,11.42,1.74,13.74,15.87,2152,1.91,1124,17086.19,4.8,59.18,9.41
2,2016-02-19,19,Friday,0,5,3.6,10.69,1.62,12.35,16.85,2931,2.01,1461,20746.24,4.8,59.81,7.98
2,2016-02-19,22,Friday,0,5,4.41,11.87,1.78,13.01,19.27,2552,2.02,1265,19044.72,4.3,70.01,9.39
2,2016-02-19,23,Friday,0,5,4.79,12.53,1.76,13.57,19.9,2567,2.0,1286,20195.27,4.3,70.01,9.98
1,2016-02-20,2,Saturday,1,6,4.96,12.04,1.69,11.57,23.75,1016,1.38,736,11092.13,4.3,55.55,8.9
1,2016-02-20,4,Saturday,1,6,6.01,13.69,1.69,12.3,26.92,455,1.27,357,6006.6,4.3,70.0,10.56
2,2016-02-20,5,Saturday,1,6,7.14,15.37,1.52,12.19,31.39,328,1.98,166,3071.1,4.3,70.01,14.37
2,2016-02-20,6,Saturday,1,6,7.44,15.72,1.73,12.19,31.72,440,1.87,235,4403.12,4.8,70.01,16.09
2,2016-02-20,7,Saturday,1,6,5.45,12.39,1.5,10.09,28.69,578,2.07,279,4178.63,3.8,70.01,12.69
2,2016-02-20,8,Saturday,1,6,4.49,11.06,1.44,9.82,25.2,944,1.95,484,6528.11,3.8,70.01,10.95
1,2016-02-20,9,Saturday,1,6,3.78,10.1,1.36,9.81,21.27,712,1.2,593,7360.66,3.8,70.01,8.95
2,2016-02-20,11,Saturday,1,6,3.85,10.69,1.42,11.29,19.16,2102,2.07,1017,13278.55,3.8,70.01,9.3
2,2016-02-20,18,Saturday,1,6,3.83,11.3,1.49,13.54,16.77,2491,1.92,1299,17780.42,3.8,70.01,8.18
2,2016-02-20,20,Saturday,1,6,3.97,11.25,1.48,12.71,17.97,2396,1.98,1209,17080.07,4.3,70.01,9.07
1,2016-02-20,21,Saturday,1,6,4.11,11.77,1.55,13.39,17.74,1490,1.45,1028,15111.64,4.3,69.99,8.68
2,2016-02-21,0,Sunday,1,7,4.66,12.22,1.66,13.25,20.53,2583,1.98,1304,19859.47,4.3,63.36,8.47
1,2016-02-21,1,Sunday,1,7,4.85,12.29,1.8,12.77,21.5,1439,1.4,1031,15916.0,4.3,69.99,8.28
1,2016-02-21,3,Sunday,1,7,5.1,12.26,1.61,11.71,24.42,886,1.4,635,9663.14,4.3,58.34,8.39
1,2016-02-21,10,Sunday,1,7,4.01,10.38,1.26,9.7,22.82,900,1.28,705,8887.64,3.8,70.34,9.24
2,2016-02-21,12,Sunday,1,7,4.37,11.42,1.45,11.55,20.58,2063,2.0,1034,14398.75,3.8,70.01,10.62
1,2016-02-21,13,Sunday,1,7,4.13,11.36,1.53,12.12,18.87,1147,1.32,866,12055.72,3.3,69.99,9.46
1,2016-02-21,14,Sunday,1,7,4.34,11.83,1.51,12.69,18.67,1232,1.33,928,13418.92,3.8,69.99,10.77
1,2016-02-21,15,Sunday,1,7,4.45,11.97,1.51,12.93,18.56,1207,1.37,881,12861.63,3.8,70.01,11.33
1,2016-02-21,16,Sunday,1,7,4.29,11.64,1.57,12.49,18.59,1131,1.37,825,11849.15,4.3,69.99,11.52
2,2016-02-21,17,Sunday,1,7,4.91,12.63,1.66,13.78,19.39,2064,2.01,1025,15856.85,3.8,70.34,12.35
2,2016-02-21,19,Sunday,1,7,4.24,11.17,1.47,11.6,20.3,1801,1.91,945,12890.69,3.8,70.01,10.46
2,2016-02-21,22,Sunday,1,7,5.61,12.91,1.8,11.93,25.09,1439,2.08,693,11319.7,4.3,70.01,11.91
2,2016-02-21,23,Sunday,1,7,6.49,14.12,1.87,11.66,29.55,1038,2.09,496,8785.78,4.3,70.01,12.95
1,2016-02-22,2,Monday,0,1,5.74,12.8,1.23,10.97,29.17,131,1.15,114,1758.6,4.8,43.3,8.99
1,2016-02-22,4,Monday,0,1,6.4,13.99,1.61,10.74,31.83,143,1.22,117,2014.16,4.3,69.99,12.62
2,2016-02-22,5,Monday,0,1,7.09,14.77,1.88,11.26,33.56,330,1.98,167,3099.89,4.8,70.01,14.93
2,2016-02-22,6,Monday,0,1,5.0,11.73,1.67,10.51,26.19,964,1.94,497,7189.36,3.8,70.01,12.1
2,2016-02-22,7,Monday,0,1,4.17,11.08,1.56,11.79,20.26,1837,2.02,911,12420.2,3.8,70.01,9.58
2,2016-02-22,8,Monday,0,1,4.06,11.92,1.83,14.23,16.06,2204,2.0,1103,16336.49,4.3,70.01,11.06
1,2016-02-22,9,Monday,0,1,3.76,11.6,1.67,13.78,15.23,978,1.12,876,12521.45,3.8,70.59,10.24
2,2016-02-22,11,Monday,0,1,4.17,11.83,1.61,13.2,17.28,1520,1.99,762,11078.02,4.3,70.01,11.35
2,2016-02-22,18,Monday,0,1,3.54,10.26,1.66,11.62,17.32,2587,2.02,1283,17852.89,4.8,70.61,8.36
2,2016-02-22,20,Monday,0,1,4.54,11.35,1.87,11.05,22.52,2380,2.03,1171,17322.01,4.3,70.34,10.04
1,2016-02-22,21,Monday,0,1,4.93,11.99,1.92,11.67,23.07,1100,1.22,902,13919.86,4.3,68.34,9.97
2,2016-02-23,1,Tuesday,0,2,5.47,12.41,1.65,11.15,27.12,461,2.04,226,3492.45,4.3,63.34,9.56
1,2016-02-23,5,Tuesday,0,2,6.13,13.39,1.81,10.44,30.8,188,1.09,173,2962.05,4.8,69.99,14.73
1,2016-02-23,6,Tuesday,0,2,4.51,10.95,1.51,9.78,24.66,503,1.06,475,6486.84,3.8,70.0,11.6
1,2016-02-23,7,Tuesday,0,2,3.9,11.09,1.59,12.28,18.02,933,1.16,806,10989.1,3.8,69.99,9.81
1,2016-02-23,8,Tuesday,0,2,3.6,11.51,1.72,14.1,14.72,1145,1.14,1004,14261.55,4.3,70.0,9.4
2,2016-02-23,10,Tuesday,0,2,3.69,11.61,1.69,14.04,14.91,1946,2.06,946,13592.48,3.8,70.01,10.44
1,2016-02-23,11,Tuesday,0,2,3.36,11.19,1.59,13.54,14.08,1013,1.17,868,11928.87,3.3,69.99,9.2
2,2016-02-23,13,Tuesday,0,2,3.65,11.84,1.68,14.78,13.59,2129,2.03,1051,15306.48,3.8,70.01,10.69
2,2016-02-23,14,Tuesday,0,2,3.89,12.16,1.64,15.13,14.06,2351,2.06,1143,17052.6,3.8,70.34,11.17
2,2016-02-23,15,Tuesday,0,2,3.56,11.33,1.49,14.2,13.92,1920,1.95,985,13657.45,4.3,70.01,10.1
2,2016-02-23,16,Tuesday,0,2,3.45,11.16,1.69,14.01,14.48,1737,2.04,852,12654.63,4.8,61.61,9.6
1,2016-02-23,18,Tuesday,0,2,3.22,10.71,1.68,13.54,14.15,1312,1.21,1087,15572.82,4.8,62.15,8.07
1,2016-02-23,20,Tuesday,0,2,4.08,11.15,1.83,12.2,18.18,1328,1.18,1121,16216.26,4.3,68.34,9.73
1,2016-02-24,0,Wednesday,0,3,5.32,12.53,1.73,11.84,24.7,548,1.19,459,7224.42,3.8,63.35,10.24
2,2016-02-24,2,Wednesday,0,3,5.48,12.35,1.28,11.12,28.29,280,1.78,157,2343.93,4.8,50.3,8.93
2,2016-02-24,4,Wednesday,0,3,7.45,15.58,1.53,12.41,32.08,236,2.29,103,1955.75,4.3,70.01,13.88
2,2016-02-24,9,Wednesday,0,3,3.22,11.0,1.63,13.85,13.91,2493,2.06,1210,16356.55,3.8,70.01,8.12
1,2016-02-24,12,Wednesday,0,3,3.39,11.96,1.56,15.62,12.18,1134,1.17,967,14007.7,3.8,69.99,9.31
1,2016-02-24,17,Wednesday,0,3,3.45,11.18,1.65,14.16,14.01,1068,1.21,880,13002.45,4.8,66.99,9.12
1,2016-02-24,19,Wednesday,0,3,3.33,10.26,1.66,12.16,15.73,1230,1.16,1061,14619.66,4.8,52.8,7.22
2,2016-02-24,21,Wednesday,0,3,4.7,11.95,1.93,12.55,20.76,2641,2.01,1314,20113.51,4.3,70.01,9.62
1,2016-02-24,22,Wednesday,0,3,4.72,12.14,1.84,12.88,20.5,1223,1.24,985,15108.6,4.3,63.35,8.97
1,2016-02-24,23,Wednesday,0,3,5.07,12.45,1.93,12.64,22.31,839,1.22,686,10838.26,4.3,60.95,9.88
1,2016-02-25,2,Thursday,0,4,6.33,13.78,1.89,11.14,30.86,245,1.22,201,3492.82,4.3,69.99,11.57
1,2016-02-25,4,Thursday,0,4,7.62,15.84,1.84,12.21,33.09,155,1.19,130,2535.04,4.8,69.99,14.53
2,2016-02-25,5,Thursday,0,4,6.65,13.95,2.02,10.67,32.48,434,1.91,227,4089.18,4.8,70.01,15.29
2,2016-02-25,6,Thursday,0,4,5.37,12.33,1.86,10.96,25.99,1012,1.92,526,8100.62,4.3,70.01,14.01
2,2016-02-25,7,Thursday,0,4,4.02,10.99,1.61,11.82,19.75,2067,1.94,1066,14488.27,3.8,70.01,9.75
2,2016-02-25,8,Thursday,0,4,3.7,11.23,1.72,13.45,15.66,2403,2.05,1174,16377.81,3.8,70.01,9.57
1,2016-02-25,9,Thursday,0,4,3.9,12.08,1.8,14.63,14.73,1029,1.11,930,13889.99,3.8,70.01,10.9
2,2016-02-25,11,Thursday,0,4,3.82,11.78,1.68,14.15,14.85,1759,2.01,876,12736.58,3.8,70.01,11.21
2,2016-02-25,18,Thursday,0,4,3.5,11.05,1.71,13.68,14.97,2693,1.9,1414,20774.58,4.8,59.76,8.56
2,2016-02-25,20,Thursday,0,4,4.38,11.84,1.88,13.0,18.78,2843,2.01,1417,21578.88,4.3,70.01,10.12
1,2016-02-25,21,Thursday,0,4,4.46,11.91,1.87,12.94,19.15,1471,1.25,1179,18040.48,4.3,69.99,9.75
1,2016-02-26,0,Friday,0,5,4.98,12.2,1.74,11.82,23.25,801,1.24,648,9952.09,3.8,69.99,9.82
2,2016-02-26,2,Friday,0,5,5.19,12.06,1.62,11.08,26.06,627,2.17,289,4346.87,4.8,53.16,9.17
2,2016-02-26,4,Friday,0,5,7.32,15.64,1.48,13.11,30.75,340,2.1,162,3037.41,4.3,70.01,13.46
2,2016-02-26,9,Friday,0,5,3.71,11.73,1.71,14.27,14.95,2182,2.0,1091,15721.06,4.3,70.01,9.37
1,2016-02-26,12,Friday,0,5,3.63,11.27,1.48,13.36,15.11,1114,1.19,935,12891.67,3.8,69.99,9.78
1,2016-02-26,17,Friday,0,5,3.46,10.93,1.6,13.47,14.94,1215,1.25,975,14154.88,4.3,65.15,9.23
1,2016-02-26,19,Friday,0,5,3.31,10.28,1.6,12.11,15.85,1732,1.31,1325,18182.35,4.8,58.34,7.45
2,2016-02-26,21,Friday,0,5,4.4,11.72,1.77,12.7,19.4,2720,2.07,1315,19699.76,4.3,70.01,9.56
1,2016-02-26,22,Friday,0,5,4.31,11.85,1.74,13.05,18.52,1635,1.37,1197,17984.26,4.3,69.99,9.4
1,2016-02-26,23,Friday,0,5,4.75,12.73,1.8,13.93,19.18,1486,1.37,1088,17360.34,3.8,71.79,9.77
2,2016-02-27,1,Saturday,1,6,5.03,12.37,1.78,12.42,22.7,2097,2.1,997,15501.69,4.3,70.01,9.48
2,2016-02-27,3,Saturday,1,6,5.3,12.54,1.42,11.71,25.17,1270,2.08,612,9376.16,4.3,65.81,9.06
1,2016-02-27,5,Saturday,1,6,6.36,13.85,1.68,10.74,30.56,196,1.24,158,2704.07,4.3,69.99,14.35
1,2016-02-27,6,Saturday,1,6,5.25,12.02,1.36,9.83,29.08,227,1.14,200,2888.11,3.8,69.99,11.21
1,2016-02-27,7,Saturday,1,6,4.92,11.45,1.38,9.19,27.34,350,1.11,315,4412.18,3.8,69.99,12.62
1,2016-02-27,8,Saturday,1,6,4.06,10.4,1.28,9.19,23.68,566,1.2,472,5980.24,4.3,69.99,10.1
2,2016-02-27,10,Saturday,1,6,4.02,10.52,1.46,10.33,21.53,2201,2.07,1064,13807.44,3.8,70.01,9.39
1,2016-02-27,11,Saturday,1,6,3.59,10.21,1.35,10.86,18.59,1114,1.29,861,10728.04,3.8,69.99,8.08
2,2016-02-27,13,Saturday,1,6,3.93,11.26,1.41,12.48,17.86,2452,2.05,1199,16322.12,3.8,70.01,9.47
2,2016-02-27,14,Saturday,1,6,3.73,10.89,1.45,12.31,17.48,2217,2.05,1083,14361.41,3.8,70.01,8.8
2,2016-02-27,15,Saturday,1,6,3.86,11.22,1.45,12.84,16.92,2253,2.05,1099,14989.42,3.8,70.01,9.72
2,2016-02-27,16,Saturday,1,6,3.9,11.13,1.39,12.54,17.62,2010,1.94,1038,14015.37,3.8,70.01,9.99
1,2016-02-27,18,Saturday,1,6,3.54,10.79,1.47,12.93,15.82,1722,1.39,1243,16446.25,3.8,69.99,7.82
1,2016-02-27,20,Saturday,1,6,3.63,10.94,1.45,12.84,16.34,1500,1.44,1041,14310.27,3.8,63.35,7.76
1,2016-02-28,0,Sunday,1,7,4.62,12.29,1.68,13.47,19.71,1516,1.44,1054,16195.53,3.8,67.34,8.86
2,2016-02-28,2,Sunday,1,7,5.03,12.11,1.71,11.84,23.83,2093,2.1,997,15123.83,4.3,67.01,8.55
2,2016-02-28,4,Sunday,1,7,5.88,13.19,1.41,11.73,27.72,1076,2.12,507,8125.57,4.8,70.01,10.28
2,2016-02-28,9,Sunday,1,7,4.61,10.92,1.49,9.38,26.56,1088,1.9,573,7751.66,4.3,70.01,10.59
1,2016-02-28,12,Sunday,1,7,4.09,10.99,1.46,11.32,19.73,1106,1.31,842,11313.01,4.3,69.99,9.53
1,2016-02-28,17,Sunday,1,7,4.19,11.52,1.42,12.88,18.2,1224,1.37,894,12545.12,3.3,69.99,9.66
1,2016-02-28,19,Sunday,1,7,4.59,11.91,1.65,12.74,19.74,1071,1.33,807,11882.04,3.8,69.99,10.88
2,2016-02-28,21,Sunday,1,7,5.69,13.09,1.89,11.94,25.3,1410,1.98,712,11897.12,4.3,70.01,12.71
1,2016-02-28,22,Sunday,1,7,5.45,12.67,1.7,11.61,25.52,758,1.28,591,9459.74,4.3,70.34,11.19
1,2016-02-28,23,Sunday,1,7,6.21,13.83,1.92,11.83,28.07,537,1.23,437,7625.97,4.3,69.99,12.39
1,2016-02-29,2,Monday,0,1,5.58,12.92,1.24,11.45,27.55,158,1.25,126,1963.04,5.15,60.84,9.14
1,2016-02-29,4,Monday,0,1,7.48,15.81,1.7,12.18,33.51,128,1.17,109,2131.19,4.8,69.99,14.07
2,2016-02-29,5,Monday,0,1,7.38,15.38,2.19,11.01,33.33,357,1.99,179,3539.49,4.8,70.01,17.75
2,2016-02-29,6,Monday,0,1,4.93,11.52,1.59,10.06,26.55,1025,1.95,526,7528.52,4.3,70.01,12.47
2,2016-02-29,7,Monday,0,1,3.97,10.79,1.5,11.4,20.18,1715,1.96,877,11671.0,3.3,70.01,9.46
2,2016-02-29,8,Monday,0,1,4.01,11.98,1.74,14.27,16.49,2065,2.09,988,14591.73,4.3,70.01,10.18
1,2016-02-29,9,Monday,0,1,3.97,12.38,1.73,15.01,15.49,893,1.1,812,12355.67,3.8,70.34,10.96
2,2016-02-29,11,Monday,0,1,3.86,12.02,1.62,14.76,14.84,1981,2.08,952,14009.71,3.3,70.01,10.45
2,2016-02-29,18,Monday,0,1,3.85,10.8,1.76,12.09,18.05,2473,2.03,1219,17719.38,5.3,56.21,8.54
2,2016-02-29,20,Monday,0,1,4.53,11.26,1.73,11.04,22.32,2375,2.07,1149,16673.85,4.3,70.01,9.85
1,2016-02-29,21,Monday,0,1,5.08,12.21,1.91,11.53,23.83,1070,1.25,858,13488.42,4.3,69.99,10.49
1,2016-03-01,0,Tuesday,0,2,5.49,12.65,1.74,10.97,27.02,360,1.13,320,5056.18,4.8,70.0,11.06
2,2016-03-01,2,Tuesday,0,2,5.4,12.25,1.46,10.77,28.39,287,2.21,130,1962.85,4.3,58.34,8.98
2,2016-03-01,4,Tuesday,0,2,6.42,13.83,1.51,11.24,30.87,217,2.07,105,1774.5,4.8,65.84,12.34
2,2016-03-01,9,Tuesday,0,2,3.84,11.86,1.73,14.42,14.98,2043,1.99,1029,15007.96,3.8,70.01,10.03
1,2016-03-01,12,Tuesday,0,2,3.59,11.29,1.49,13.26,14.75,906,1.18,770,10600.67,3.8,69.99,9.84
1,2016-03-01,17,Tuesday,0,2,3.42,10.7,1.63,12.91,15.56,1037,1.17,889,12716.43,4.8,57.99,8.16
1,2016-03-01,19,Tuesday,0,2,3.78,10.82,1.71,12.2,17.54,1310,1.16,1131,16307.15,4.8,63.35,8.28
2,2016-03-01,21,Tuesday,0,2,4.78,11.88,1.92,11.89,22.29,2569,2.02,1273,19424.32,4.3,70.01,10.04
1,2016-03-01,22,Tuesday,0,2,4.94,12.22,1.87,12.12,22.4,1127,1.24,909,14113.7,4.3,63.99,9.82
1,2016-03-01,23,Tuesday,0,2,5.49,12.76,1.99,11.79,25.21,756,1.21,627,10182.03,4.3,69.99,11.2
2,2016-03-02,1,Wednesday,0,3,5.15,11.87,1.77,10.76,27.1,540,2.14,252,3796.62,4.8,45.36,8.65
2,2016-03-02,3,Wednesday,0,3,5.29,12.02,1.36,10.36,27.82,204,1.91,107,1577.17,4.8,47.3,8.94
1,2016-03-02,5,Wednesday,0,3,5.6,12.69,1.62,10.17,28.06,181,1.03,175,2810.67,4.8,70.0,15.15
1,2016-03-02,6,Wednesday,0,3,4.36,10.71,1.64,9.59,24.61,539,1.07,502,6743.61,3.3,69.99,10.88
1,2016-03-02,7,Wednesday,0,3,3.63,10.14,1.49,10.77,19.25,988,1.1,896,11244.57,3.3,69.99,8.03
1,2016-03-02,8,Wednesday,0,3,3.21,10.55,1.62,12.64,15.0,1209,1.15,1047,13659.32,3.8,69.99,7.79
2,2016-03-02,10,Wednesday,0,3,3.68,11.47,1.67,13.69,15.25,1972,2.02,974,13854.55,3.8,70.01,10.43
1,2016-03-02,11,Wednesday,0,3,3.49,11.59,1.56,14.39,13.92,1003,1.16,865,12209.06,3.8,69.99,9.47
2,2016-03-02,13,Wednesday,0,3,3.81,12.08,1.65,14.58,14.95,1961,2.08,942,13934.42,3.8,70.01,10.76
2,2016-03-02,14,Wednesday,0,3,4.18,12.64,1.71,15.21,14.95,2142,2.13,1004,15533.5,3.8,70.01,11.6
2,2016-03-02,15,Wednesday,0,3,3.72,11.51,1.55,13.97,14.85,1875,2.04,919,13005.03,3.8,70.01,10.7
2,2016-03-02,16,Wednesday,0,3,3.85,11.38,1.74,13.49,15.96,1674,1.89,885,13473.42,5.3,68.34,10.84
1,2016-03-02,18,Wednesday,0,3,3.3,10.5,1.7,12.85,14.93,1434,1.2,1193,16903.65,4.8,69.99,8.26
1,2016-03-02,20,Wednesday,0,3,4.5,11.69,1.84,12.25,19.71,1463,1.19,1229,18453.88,4.3,70.0,10.3
2,2016-03-03,0,Thursday,0,4,5.5,12.82,1.83,12.22,25.0,1158,1.99,582,9339.52,3.8,70.01,10.48
1,2016-03-03,1,Thursday,0,4,5.07,11.95,1.68,10.87,25.78,362,1.17,309,4622.52,4.3,69.99,9.1
1,2016-03-03,3,Thursday,0,4,6.03,13.62,1.36,12.39,27.37,139,1.22,114,1866.42,4.8,48.8,9.68
1,2016-03-03,10,Thursday,0,4,3.69,12.01,1.73,14.91,14.01,999,1.14,879,13002.39,3.8,69.99,10.37
2,2016-03-03,12,Thursday,0,4,3.72,11.71,1.58,14.17,14.96,2181,2.09,1044,14993.92,3.8,70.01,9.99
1,2016-03-03,13,Thursday,0,4,4.2,12.58,1.72,14.79,15.2,1070,1.17,914,14131.75,3.8,69.99,11.49
1,2016-03-03,14,Thursday,0,4,4.17,12.54,1.7,15.01,15.02,1166,1.17,995,15282.03,3.8,70.34,11.68
1,2016-03-03,15,Thursday,0,4,4.12,12.43,1.68,14.96,14.66,1128,1.24,912,13992.68,3.8,70.34,12.17
1,2016-03-03,16,Thursday,0,4,3.64,11.17,1.76,13.37,15.45,1026,1.24,830,12434.7,5.3,66.39,9.96
2,2016-03-03,17,Thursday,0,4,3.64,11.11,1.75,13.4,15.86,2445,2.08,1178,17554.3,4.8,72.38,9.15
2,2016-03-03,19,Thursday,0,4,3.85,11.09,1.81,12.76,17.18,2985,1.97,1517,22510.77,4.8,62.81,8.61
2,2016-03-03,22,Thursday,0,4,4.85,12.47,1.96,13.06,20.92,2703,2.04,1326,21086.02,4.3,70.01,9.98
2,2016-03-03,23,Thursday,0,4,5.28,12.95,2.09,13.23,22.06,2235,2.03,1101,18167.79,4.3,70.01,10.81
2,2016-03-04,1,Friday,0,5,4.97,11.74,1.63,11.09,25.26,941,2.03,463,6811.05,4.3,52.8,8.63
2,2016-03-04,3,Friday,0,5,5.71,12.98,1.26,11.69,26.24,414,2.15,193,3019.41,4.3,58.34,10.48
1,2016-03-04,5,Friday,0,5,5.97,13.13,1.66,10.68,29.43,233,1.12,208,3385.06,4.3,63.36,13.29
1,2016-03-04,6,Friday,0,5,4.18,10.29,1.35,9.42,24.42,526,1.06,498,6304.49,3.3,69.99,9.86
1,2016-03-04,7,Friday,0,5,3.49,10.07,1.46,10.94,18.45,1011,1.12,901,11230.27,3.8,70.0,8.61
1,2016-03-04,8,Friday,0,5,3.33,10.89,1.64,13.26,14.43,1163,1.14,1024,13751.71,3.3,69.99,8.42
2,2016-03-04,10,Friday,0,5,3.39,11.4,1.58,14.41,13.61,1960,2.04,960,13397.56,3.8,70.01,9.51
1,2016-03-04,11,Friday,0,5,3.76,11.98,1.7,14.49,14.24,923,1.16,796,11713.46,4.3,69.99,10.4
2,2016-03-04,13,Friday,0,5,4.08,12.08,1.65,14.16,15.8,1912,1.97,971,14355.88,3.8,70.01,10.89
2,2016-03-04,14,Friday,0,5,4.1,12.14,1.67,14.56,15.33,2110,1.99,1058,15749.33,3.3,70.01,11.29
2,2016-03-04,15,Friday,0,5,3.94,12.17,1.64,14.97,14.59,1843,1.93,955,14301.34,3.8,70.01,11.85
2,2016-03-04,16,Friday,0,5,3.8,11.47,1.62,13.95,15.59,1794,2.1,854,12928.35,4.8,61.01,10.05
1,2016-03-04,18,Friday,0,5,3.42,10.65,1.61,12.92,15.33,1515,1.23,1229,17400.81,4.3,62.79,7.51
1,2016-03-04,20,Friday,0,5,4.19,11.55,1.72,12.68,18.28,1545,1.31,1183,17459.41,4.3,69.99,9.82
2,2016-03-05,0,Saturday,1,6,4.88,12.4,1.94,12.95,21.22,2501,2.02,1236,19447.47,4.3,70.01,9.96
1,2016-03-05,1,Saturday,1,6,4.97,12.33,1.66,12.27,22.3,1182,1.36,872,13400.21,4.3,69.99,9.71
1,2016-03-05,3,Saturday,1,6,5.26,12.63,1.65,12.07,24.33,681,1.3,525,8195.24,4.3,52.3,9.25
1,2016-03-05,10,Saturday,1,6,3.77,10.36,1.34,10.6,19.94,1071,1.28,834,10553.98,3.8,64.34,8.14
2,2016-03-05,12,Saturday,1,6,3.92,11.19,1.37,12.32,18.09,2497,2.03,1229,16649.98,3.8,70.01,9.48
1,2016-03-05,13,Saturday,1,6,3.64,10.97,1.37,12.35,16.8,1396,1.37,1019,13528.46,3.8,69.99,9.11
1,2016-03-05,14,Saturday,1,6,3.88,11.54,1.39,13.16,16.57,1288,1.31,981,13652.38,4.3,69.99,9.73
1,2016-03-05,15,Saturday,1,6,3.85,11.57,1.55,13.57,16.13,1327,1.37,969,13670.1,3.8,69.99,9.91
1,2016-03-05,16,Saturday,1,6,3.56,11.04,1.36,13.23,15.69,1344,1.38,975,13077.68,3.8,69.99,8.8
2,2016-03-05,17,Saturday,1,6,4.17,11.99,1.5,14.06,16.95,2518,1.99,1268,18389.45,3.8,70.01,10.15
2,2016-03-05,19,Saturday,1,6,3.76,11.14,1.48,13.14,16.44,2845,2.01,1412,19147.98,3.8,70.01,8.79
2,2016-03-05,22,Saturday,1,6,4.45,12.1,1.61,13.42,18.99,2776,2.06,1349,20448.32,4.3,70.01,9.04
2,2016-03-05,23,Saturday,1,6,4.42,12.01,1.7,13.45,19.06,2732,2.01,1357,20492.86,4.3,63.36,8.85
1,2016-03-06,2,Sunday,1,7,4.83,11.91,1.7,11.76,23.23,1169,1.4,835,12479.9,4.3,58.34,8.39
1,2016-03-06,4,Sunday,1,7,5.54,12.8,1.47,11.55,26.77,543,1.35,403,6329.86,4.8,68.34,9.5
2,2016-03-06,5,Sunday,1,7,6.78,14.48,1.32,11.5,31.89,386,1.95,198,3431.35,4.8,70.01,13.06
2,2016-03-06,6,Sunday,1,7,6.73,14.51,1.62,10.71,33.69,359,1.94,185,3216.01,3.8,70.01,14.74
2,2016-03-06,7,Sunday,1,7,5.22,12.21,1.35,9.5,29.63,477,1.97,242,3529.62,4.3,70.01,11.92
2,2016-03-06,8,Sunday,1,7,4.79,11.32,1.44,9.01,27.75,943,1.99,473,6530.87,3.8,70.01,11.63
1,2016-03-06,9,Sunday,1,7,3.92,9.95,1.29,8.8,24.41,724,1.27,570,6970.76,3.8,69.99,8.85
2,2016-03-06,11,Sunday,1,7,3.84,10.41,1.38,10.62,20.82,2198,2.09,1052,13358.49,3.8,65.34,8.32
2,2016-03-06,18,Sunday,1,7,4.54,12.17,1.7,13.45,18.91,2337,2.03,1151,17214.26,3.8,70.01,11.47
2,2016-03-06,20,Sunday,1,7,5.07,12.28,1.78,12.07,22.71,1877,2.03,925,14537.9,4.3,70.01,11.32
1,2016-03-06,21,Sunday,1,7,5.42,12.67,1.77,11.47,24.92,846,1.33,636,10246.31,4.3,68.34,12.04
2,2016-03-07,1,Monday,0,1,6.24,13.63,1.51,11.56,29.61,366,1.99,184,3046.42,5.3,62.8,11.31
2,2016-03-07,3,Monday,0,1,5.73,12.68,1.18,10.85,29.81,145,2.16,67,1026.63,4.3,46.01,9.24
1,2016-03-07,5,Monday,0,1,6.31,13.6,1.72,10.49,31.32,227,1.15,198,3387.53,4.8,70.0,14.67
1,2016-03-07,6,Monday,0,1,4.67,11.38,1.7,9.96,25.32,509,1.1,463,6599.55,3.8,69.99,12.71
1,2016-03-07,7,Monday,0,1,3.98,10.92,1.47,11.65,19.37,960,1.11,862,11560.43,3.8,64.34,9.27
1,2016-03-07,8,Monday,0,1,3.78,11.58,1.58,13.72,15.68,1130,1.14,992,14014.87,3.8,69.99,9.91
2,2016-03-07,10,Monday,0,1,3.97,12.17,1.82,14.52,15.68,1686,1.93,874,13228.1,4.3,70.01,11.06
1,2016-03-07,11,Monday,0,1,4.29,12.93,1.76,15.17,15.55,879,1.18,747,11822.94,4.3,69.99,12.23
2,2016-03-07,13,Monday,0,1,4.1,11.77,1.52,13.15,16.95,1727,2.04,847,12192.33,3.8,70.01,11.26
2,2016-03-07,14,Monday,0,1,3.93,11.54,1.6,12.86,17.05,1673,2.03,825,11718.06,3.8,70.01,10.74
2,2016-03-07,15,Monday,0,1,4.54,12.43,1.73,13.94,17.24,1823,2.0,912,14024.54,3.8,70.01,12.38
2,2016-03-07,16,Monday,0,1,3.91,11.02,1.6,12.46,17.79,1754,2.11,833,12207.06,4.8,64.61,9.98
1,2016-03-07,18,Monday,0,1,3.53,10.5,1.63,12.1,16.81,1248,1.2,1040,14624.54,4.8,53.34,7.76
1,2016-03-07,20,Monday,0,1,4.65,11.64,1.79,11.47,21.69,1089,1.2,905,13513.19,4.8,69.99,10.98
2,2016-03-08,1,Tuesday,0,2,5.9,13.06,1.93,11.46,28.81,495,2.14,231,3784.11,4.3,55.3,10.31
2,2016-03-08,3,Tuesday,0,2,5.83,13.01,1.2,10.66,30.18,142,1.84,77,1204.19,4.8,67.34,11.47
1,2016-03-08,5,Tuesday,0,2,5.05,11.45,1.46,8.82,29.19,206,1.1,188,2734.04,4.8,69.99,13.22
1,2016-03-08,6,Tuesday,0,2,4.17,10.35,1.34,9.25,24.58,496,1.06,468,5948.16,3.8,69.99,9.81
1,2016-03-08,7,Tuesday,0,2,3.68,10.66,1.66,11.88,17.72,951,1.1,861,11451.07,3.3,70.0,8.98
1,2016-03-08,8,Tuesday,0,2,3.3,10.9,1.63,13.47,14.34,1052,1.12,943,12656.41,3.8,69.99,8.46
2,2016-03-08,10,Tuesday,0,2,4.05,12.56,1.79,15.43,14.85,1822,2.04,895,13816.64,3.8,70.01,11.07
1,2016-03-08,11,Tuesday,0,2,3.67,11.93,1.56,14.67,14.06,918,1.16,790,11480.06,3.8,70.01,10.24
2,2016-03-08,13,Tuesday,0,2,4.26,12.44,1.73,14.22,16.41,1914,2.12,903,13827.77,3.3,70.01,11.42
2,2016-03-08,14,Tuesday,0,2,4.04,12.34,1.58,14.8,14.94,2046,2.16,948,14206.91,3.8,70.34,11.22
2,2016-03-08,15,Tuesday,0,2,3.98,12.16,1.68,14.85,14.82,1900,2.1,904,13553.94,3.8,70.01,11.04
2,2016-03-08,16,Tuesday,0,2,3.99,11.71,1.63,13.9,16.24,1653,1.99,829,12782.6,4.8,59.18,10.16
1,2016-03-08,18,Tuesday,0,2,3.55,10.99,1.73,13.35,15.35,1437,1.23,1167,17091.53,4.8,54.35,8.05
1,2016-03-08,20,Tuesday,0,2,4.47,11.57,1.85,12.06,20.41,1342,1.21,1111,16544.99,4.3,69.99,9.52
2,2016-03-09,0,Wednesday,0,3,5.27,12.33,1.78,11.48,25.89,867,1.95,444,6892.95,4.3,63.36,9.77
1,2016-03-09,1,Wednesday,0,3,5.8,13.14,1.52,11.78,27.14,270,1.23,220,3542.06,4.8,65.34,10.09
1,2016-03-09,3,Wednesday,0,3,5.42,12.29,1.42,10.41,28.61,167,1.19,140,2117.86,4.3,69.99,9.64
1,2016-03-09,10,Wednesday,0,3,3.96,12.22,1.68,14.68,15.03,926,1.16,801,11966.8,3.8,68.34,10.37
2,2016-03-09,12,Wednesday,0,3,4.1,12.67,1.75,15.43,14.75,1920,2.03,945,14722.92,4.3,70.01,11.46
1,2016-03-09,13,Wednesday,0,3,4.02,12.32,1.6,14.74,14.84,1026,1.2,854,12799.86,3.8,69.99,10.6
1,2016-03-09,14,Wednesday,0,3,3.74,12.02,1.6,14.87,13.97,1029,1.19,864,12656.35,3.3,70.34,10.7
1,2016-03-09,15,Wednesday,0,3,3.8,11.94,1.55,14.68,14.2,1080,1.23,879,12937.57,3.8,69.99,10.72
1,2016-03-09,16,Wednesday,0,3,3.9,11.88,1.77,14.71,14.98,923,1.22,759,11942.06,4.8,63.99,10.7
2,2016-03-09,17,Wednesday,0,3,3.74,11.52,1.74,14.21,15.53,1949,1.87,1042,15960.51,4.8,65.81,9.97
2,2016-03-09,19,Wednesday,0,3,3.64,10.55,1.6,12.0,17.45,2481,1.93,1287,18108.8,4.3,72.34,7.68
2,2016-03-09,22,Wednesday,0,3,5.29,13.17,2.11,13.72,22.01,2401,2.03,1182,19841.75,4.8,70.01,10.38
2,2016-03-09,23,Wednesday,0,3,5.46,12.98,1.9,12.68,24.1,1937,2.07,937,15414.18,4.3,70.01,10.13
1,2016-03-10,0,Thursday,0,4,5.38,12.75,1.77,12.11,25.09,609,1.2,506,8158.09,4.3,66.95,9.69
2,2016-03-10,2,Thursday,0,4,4.98,11.49,1.31,10.23,27.83,382,2.08,184,2600.12,4.3,42.88,7.3
2,2016-03-10,4,Thursday,0,4,7.01,14.93,1.75,11.84,32.25,237,1.96,121,2226.21,4.8,64.61,14.14
2,2016-03-10,9,Thursday,0,4,4.12,12.3,1.79,14.66,15.65,2008,2.04,983,14992.84,3.8,70.01,11.0
1,2016-03-10,12,Thursday,0,4,4.04,12.8,1.88,15.75,14.1,981,1.16,843,13280.06,3.3,70.01,11.54
1,2016-03-10,17,Thursday,0,4,3.52,11.24,1.64,13.92,14.78,1126,1.23,916,13632.2,4.8,70.0,9.09
1,2016-03-10,19,Thursday,0,4,3.79,11.01,1.71,12.76,16.63,1444,1.23,1174,17205.38,4.3,59.15,8.33
2,2016-03-10,21,Thursday,0,4,5.07,12.84,2.01,13.65,20.66,2639,2.04,1292,21148.44,4.3,70.01,10.51
1,2016-03-10,22,Thursday,0,4,5.19,13.22,2.1,13.99,20.68,1298,1.24,1043,17550.84,4.3,69.99,11.02
1,2016-03-10,23,Thursday,0,4,5.03,12.78,1.85,13.28,20.95,1226,1.27,966,15539.56,4.8,69.99,10.02
1,2016-03-11,0,Friday,0,5,4.92,12.19,1.83,12.2,22.38,821,1.24,664,10274.71,3.8,69.99,9.97
2,2016-03-11,2,Friday,0,5,5.16,12.1,1.45,11.45,25.21,654,1.96,334,4990.69,3.8,60.36,8.68
2,2016-03-11,4,Friday,0,5,7.64,16.02,1.64,13.55,31.08,303,2.09,145,2801.5,4.3,63.36,12.36
2,2016-03-11,9,Friday,0,5,3.76,11.74,1.72,14.09,15.17,2082,1.98,1054,15218.04,3.8,70.01,9.82
1,2016-03-11,12,Friday,0,5,3.96,12.13,1.75,14.29,15.05,936,1.17,803,12021.84,3.8,69.99,11.19
1,2016-03-11,17,Friday,0,5,3.71,11.7,1.67,14.59,14.79,1207,1.28,941,14428.93,4.8,67.59,9.48
1,2016-03-11,19,Friday,0,5,3.68,10.94,1.66,12.8,16.16,1742,1.3,1341,19438.61,4.3,64.84,8.49
2,2016-03-11,21,Friday,0,5,4.33,11.7,1.7,12.78,19.16,2657,2.03,1311,19494.39,4.3,67.09,9.31
1,2016-03-11,22,Friday,0,5,4.71,12.55,1.75,13.81,19.02,1650,1.41,1169,18450.7,4.3,70.0,10.24
1,2016-03-11,23,Friday,0,5,4.72,12.61,1.8,13.9,19.18,1618,1.35,1201,19041.15,4.8,69.99,9.9
1,2016-03-12,0,Saturday,1,6,4.99,12.66,1.78,13.31,20.98,1472,1.38,1068,16932.41,4.3,69.99,10.11
2,2016-03-12,2,Saturday,1,6,4.85,11.85,1.6,11.67,23.35,1669,2.05,816,12070.09,3.8,60.96,8.5
2,2016-03-12,4,Saturday,1,6,6.51,14.24,1.55,12.35,28.42,800,2.12,378,6507.63,4.3,63.36,11.51
2,2016-03-12,9,Saturday,1,6,4.19,10.82,1.33,10.56,21.81,1742,2.04,854,11231.2,3.3,70.01,9.61
1,2016-03-12,12,Saturday,1,6,3.87,11.22,1.45,12.6,17.63,1293,1.35,955,13013.78,3.8,69.99,8.89
1,2016-03-12,17,Saturday,1,6,3.89,11.42,1.36,13.42,16.56,1514,1.44,1050,14526.24,3.8,69.99,9.54
1,2016-03-12,19,Saturday,1,6,3.79,11.54,1.51,14.0,15.54,1724,1.45,1186,16691.81,3.8,69.99,8.6
2,2016-03-12,21,Saturday,1,6,4.33,12.0,1.58,13.5,18.41,2423,2.03,1191,17866.55,4.3,70.01,9.1
1,2016-03-12,22,Saturday,1,6,4.5,12.27,1.57,13.64,18.38,1624,1.46,1115,17035.13,4.3,69.99,9.28
1,2016-03-12,23,Saturday,1,6,4.68,12.52,1.73,13.78,19.37,1782,1.48,1202,18830.93,4.3,69.99,8.98
1,2016-03-13,4,Sunday,1,7,5.47,12.83,1.54,11.89,25.68,834,1.36,611,9609.44,4.3,65.34,9.61
2,2016-03-13,5,Sunday,1,7,6.02,13.4,1.22,11.76,28.81,740,2.25,329,5272.58,4.3,70.01,10.38
2,2016-03-13,6,Sunday,1,7,7.33,15.48,1.66,12.55,31.54,417,2.04,204,3746.89,4.3,70.01,14.1
2,2016-03-13,7,Sunday,1,7,6.22,13.36,1.49,10.28,31.57,462,1.92,241,3855.79,4.3,70.01,13.37
2,2016-03-13,8,Sunday,1,7,5.07,11.8,1.5,9.97,27.98,782,1.96,398,5708.8,4.3,70.01,11.71
1,2016-03-13,9,Sunday,1,7,3.91,9.94,1.2,9.0,24.47,647,1.25,517,6259.69,3.8,49.84,7.45
2,2016-03-13,11,Sunday,1,7,4.15,10.84,1.43,10.73,21.7,1970,1.94,1013,13471.82,3.8,70.01,9.23
2,2016-03-13,18,Sunday,1,7,4.81,12.44,1.74,13.41,19.7,2170,2.05,1061,16221.97,3.3,70.01,11.69
2,2016-03-13,20,Sunday,1,7,4.71,11.68,1.67,11.5,22.01,1754,2.05,854,12755.41,4.8,70.01,11.19
1,2016-03-13,21,Sunday,1,7,5.12,12.26,1.71,11.63,23.07,905,1.32,688,10710.97,4.3,69.99,11.88
2,2016-03-14,1,Monday,0,1,5.8,12.82,1.47,11.05,29.31,345,1.94,178,2785.95,4.8,63.36,10.02
2,2016-03-14,3,Monday,0,1,5.38,12.12,1.13,10.38,28.81,139,1.81,77,1137.01,5.8,46.61,8.87
1,2016-03-14,5,Monday,0,1,6.51,13.92,2.11,10.96,31.07,230,1.12,206,3702.95,4.8,69.99,15.94
1,2016-03-14,6,Monday,0,1,4.41,10.9,1.62,10.11,23.82,564,1.11,508,6943.1,4.3,70.0,11.7
1,2016-03-14,7,Monday,0,1,3.67,10.23,1.48,11.03,18.72,980,1.14,863,10953.99,4.3,70.0,9.3
1,2016-03-14,8,Monday,0,1,3.55,11.27,1.72,14.03,14.34,1192,1.16,1030,14367.48,3.8,69.99,9.33
2,2016-03-14,10,Monday,0,1,4.2,12.28,1.69,14.55,15.85,1758,1.99,884,13356.18,4.3,70.01,11.28
1,2016-03-14,11,Monday,0,1,3.99,11.95,1.63,13.98,15.51,937,1.17,802,11805.42,4.18,69.99,11.42
2,2016-03-14,13,Monday,0,1,3.79,11.32,1.51,13.21,15.55,2063,2.03,1014,14061.84,3.8,70.01,10.65
2,2016-03-14,14,Monday,0,1,4.02,11.76,1.52,13.95,15.42,2153,2.07,1039,14922.47,3.8,70.01,11.59
2,2016-03-14,15,Monday,0,1,3.86,11.61,1.49,14.16,14.67,2168,2.11,1026,14559.54,3.8,70.01,10.95
2,2016-03-14,16,Monday,0,1,3.41,10.74,1.5,13.21,15.23,1856,2.05,906,12864.53,4.8,60.41,8.58
1,2016-03-14,18,Monday,0,1,3.57,10.91,1.71,13.07,15.52,1345,1.2,1125,16433.31,4.8,70.0,9.09
1,2016-03-14,20,Monday,0,1,4.07,10.82,1.64,11.36,19.65,1260,1.19,1055,14702.04,4.3,58.59,8.75
2,2016-03-15,0,Tuesday,0,2,6.56,14.21,1.98,12.15,29.09,846,2.01,420,7561.75,4.3,68.34,12.77
1,2016-03-15,1,Tuesday,0,2,5.55,12.72,1.55,11.0,27.32,257,1.25,206,3258.09,4.8,64.55,10.2
1,2016-03-15,3,Tuesday,0,2,6.15,13.59,1.37,11.66,29.35,98,1.31,75,1236.79,4.8,46.3,9.14
1,2016-03-15,10,Tuesday,0,2,3.58,11.98,1.73,15.08,13.65,899,1.16,777,11445.53,3.8,69.99,10.04
2,2016-03-15,12,Tuesday,0,2,4.01,12.41,1.68,14.78,14.73,1869,1.93,966,14675.83,3.8,70.01,11.64
1,2016-03-15,13,Tuesday,0,2,4.16,12.67,1.73,14.92,15.26,1014,1.22,829,12886.45,3.8,70.34,11.06
1,2016-03-15,14,Tuesday,0,2,3.73,11.93,1.52,14.53,14.11,1108,1.2,920,13359.06,3.8,70.34,10.91
1,2016-03-15,15,Tuesday,0,2,3.8,11.87,1.54,14.33,14.47,1117,1.25,897,13054.86,3.3,70.0,11.23
1,2016-03-15,16,Tuesday,0,2,3.7,11.22,1.61,13.4,15.36,914,1.21,755,11204.07,4.8,70.34,10.23
2,2016-03-15,17,Tuesday,0,2,3.82,11.42,1.7,13.56,15.98,1971,1.91,1030,15628.1,4.8,63.41,9.8
2,2016-03-15,19,Tuesday,0,2,3.94,10.94,1.75,11.95,18.72,2627,2.04,1289,18894.04,4.8,58.5,8.49
2,2016-03-15,22,Tuesday,0,2,5.3,12.83,2.08,12.84,22.74,2270,1.97,1150,18856.18,4.3,70.01,10.77
2,2016-03-15,23,Tuesday,0,2,5.49,12.99,1.93,12.74,24.0,1704,1.99,855,14055.93,4.3,70.01,10.63
2,2016-03-16,0,Wednesday,0,3,5.31,12.4,1.86,11.58,25.84,1087,2.2,494,7767.96,4.3,70.01,10.2
1,2016-03-16,1,Wednesday,0,3,5.3,12.17,1.5,10.78,27.27,363,1.21,299,4516.08,4.3,70.01,9.55
1,2016-03-16,3,Wednesday,0,3,5.62,12.52,1.56,10.37,28.84,144,1.21,119,1846.67,4.8,47.75,10.0
1,2016-03-16,10,Wednesday,0,3,3.84,12.48,1.75,15.7,13.96,922,1.12,825,12629.65,3.8,63.34,10.27
2,2016-03-16,12,Wednesday,0,3,4.25,13.25,1.84,16.15,14.84,1975,2.06,958,15558.63,4.3,70.01,11.88
1,2016-03-16,13,Wednesday,0,3,3.77,12.62,1.76,15.76,13.84,968,1.22,793,12221.03,3.8,70.01,10.16
1,2016-03-16,14,Wednesday,0,3,4.11,13.01,1.74,16.24,13.97,1029,1.23,838,13303.69,3.8,69.99,11.2
1,2016-03-16,15,Wednesday,0,3,3.79,12.06,1.64,15.19,13.93,1161,1.25,927,13772.22,3.8,70.0,10.49
1,2016-03-16,16,Wednesday,0,3,4.03,12.22,1.82,14.93,15.09,828,1.2,692,11168.99,4.3,68.34,11.27
2,2016-03-16,17,Wednesday,0,3,3.97,12.26,1.82,15.26,15.22,2208,1.97,1118,18082.79,5.3,66.41,10.36
2,2016-03-16,19,Wednesday,0,3,3.64,10.77,1.75,12.62,16.6,2696,2.02,1334,19323.27,5.3,65.0,8.19
2,2016-03-16,22,Wednesday,0,3,5.35,13.0,2.05,13.11,22.64,2445,1.96,1247,20611.56,4.3,70.01,11.03
2,2016-03-16,23,Wednesday,0,3,5.3,12.85,1.88,12.75,23.44,1904,2.07,919,14980.5,4.3,70.01,10.96
1,2016-03-17,2,Thursday,0,4,4.94,11.62,1.57,10.27,26.38,215,1.2,179,2603.04,4.3,69.99,9.57
1,2016-03-17,4,Thursday,0,4,7.44,15.61,1.95,11.79,33.07,160,1.18,136,2628.86,4.8,63.35,14.06
2,2016-03-17,5,Thursday,0,4,6.25,13.49,1.79,10.61,30.66,398,1.96,203,3456.38,4.3,70.01,15.54
2,2016-03-17,6,Thursday,0,4,4.87,11.59,1.75,10.69,24.7,1089,1.93,564,8162.86,3.8,70.01,12.44
2,2016-03-17,7,Thursday,0,4,4.15,11.6,1.67,12.76,18.66,1787,1.9,943,13468.93,3.8,70.01,10.22
2,2016-03-17,8,Thursday,0,4,3.84,12.24,1.8,15.11,15.03,2253,2.04,1103,16581.8,3.3,70.01,9.91
1,2016-03-17,9,Thursday,0,4,3.75,12.48,1.78,15.69,14.04,900,1.12,806,12305.3,3.8,65.19,9.72
2,2016-03-17,11,Thursday,0,4,4.25,13.13,1.87,15.97,15.22,1624,2.02,804,12962.95,3.8,70.01,11.82
2,2016-03-17,18,Thursday,0,4,3.56,10.95,1.65,12.98,15.93,2305,1.91,1205,17568.73,4.8,66.36,8.71
2,2016-03-17,20,Thursday,0,4,4.55,11.77,1.82,12.3,20.18,2955,2.0,1481,22443.11,4.3,70.01,10.34
1,2016-03-17,21,Thursday,0,4,4.64,12.18,1.9,12.86,19.77,1631,1.34,1216,18942.74,4.3,69.99,10.21
1,2016-03-18,2,Friday,0,5,4.85,11.68,1.42,10.91,24.8,461,1.23,374,5408.13,4.3,51.95,8.24
1,2016-03-18,4,Friday,0,5,7.03,15.11,1.54,12.52,30.78,254,1.33,191,3499.35,4.8,69.99,11.99
2,2016-03-18,5,Friday,0,5,6.98,14.78,1.96,11.31,31.93,377,1.85,204,3820.27,4.3,70.01,16.72
2,2016-03-18,6,Friday,0,5,5.21,12.14,1.55,10.87,25.39,1103,2.09,528,7844.84,4.3,70.01,13.41
2,2016-03-18,7,Friday,0,5,4.35,11.59,1.67,12.39,19.96,1983,2.03,979,14028.18,3.8,70.01,10.71
2,2016-03-18,8,Friday,0,5,3.9,11.61,1.76,13.67,16.05,2367,2.03,1165,16733.38,3.8,70.01,10.09
1,2016-03-18,9,Friday,0,5,3.89,12.05,1.71,14.55,14.95,1043,1.11,940,13903.75,3.8,69.99,10.02
2,2016-03-18,11,Friday,0,5,4.09,12.8,1.64,15.67,14.76,2018,2.03,993,15418.85,3.8,70.01,10.78
2,2016-03-18,18,Friday,0,5,3.77,11.49,1.72,13.92,16.15,2468,1.94,1275,19344.72,4.8,61.01,8.92
2,2016-03-18,20,Friday,0,5,4.12,11.43,1.66,12.69,18.18,2536,2.02,1258,18318.83,4.3,70.01,9.45
1,2016-03-18,21,Friday,0,5,4.36,11.86,1.76,12.89,18.61,1484,1.36,1092,16433.68,4.3,69.99,9.82
1,2016-03-19,2,Saturday,1,6,4.86,11.91,1.72,11.77,23.42,943,1.34,705,10547.64,4.3,53.15,8.28
1,2016-03-19,4,Saturday,1,6,5.47,12.66,1.29,11.29,26.25,431,1.31,329,5019.02,4.8,63.36,10.11
2,2016-03-19,5,Saturday,1,6,7.07,15.32,1.75,11.95,32.4,346,1.91,181,3403.6,4.8,70.01,14.38
2,2016-03-19,6,Saturday,1,6,5.99,13.5,1.46,10.96,30.03,485,2.0,242,3897.98,4.3,70.01,13.12
2,2016-03-19,7,Saturday,1,6,5.54,12.53,1.51,10.38,28.19,610,1.79,341,5219.31,3.8,70.01,13.45
2,2016-03-19,8,Saturday,1,6,4.83,11.64,1.64,10.5,25.12,1231,2.05,601,8625.49,4.3,70.01,11.71
1,2016-03-19,9,Saturday,1,6,3.73,10.05,1.21,9.86,21.14,775,1.19,651,7920.94,3.8,69.99,8.26
2,2016-03-19,11,Saturday,1,6,3.88,10.75,1.34,11.52,19.33,2361,2.1,1125,14654.35,3.8,70.01,8.54
2,2016-03-19,18,Saturday,1,6,3.78,10.88,1.45,12.38,17.49,2661,2.05,1295,17186.53,3.8,70.01,9.14
2,2016-03-19,20,Saturday,1,6,4.02,11.33,1.45,12.7,18.16,2401,2.05,1169,16582.53,4.8,70.01,8.96
1,2016-03-19,21,Saturday,1,6,3.98,11.27,1.48,12.6,18.17,1526,1.44,1061,15064.62,4.8,69.99,8.54
1,2016-03-20,2,Sunday,1,7,4.94,12.12,1.64,11.96,22.88,1244,1.42,878,13265.41,4.3,58.34,8.49
1,2016-03-20,4,Sunday,1,7,5.83,13.21,1.65,11.72,27.19,555,1.38,401,6536.58,4.8,69.99,10.32
2,2016-03-20,5,Sunday,1,7,6.07,13.31,1.42,11.02,29.65,448,2.1,213,3457.61,4.8,70.01,12.01
2,2016-03-20,6,Sunday,1,7,6.52,14.07,1.7,10.92,30.32,537,2.09,257,4419.5,4.3,70.01,15.05
2,2016-03-20,7,Sunday,1,7,5.09,12.07,1.36,10.47,27.1,535,1.98,270,3923.16,3.8,70.01,12.16
2,2016-03-20,8,Sunday,1,7,5.14,12.15,1.5,10.43,26.67,809,1.92,422,6224.14,3.8,70.01,12.25
1,2016-03-20,9,Sunday,1,7,4.45,11.66,1.42,11.12,22.84,724,1.31,551,7791.33,3.8,69.99,10.87
2,2016-03-20,11,Sunday,1,7,4.1,10.81,1.36,10.76,21.13,2221,2.01,1103,14576.86,3.8,70.01,10.05
2,2016-03-20,18,Sunday,1,7,4.5,11.58,1.63,11.95,20.36,2017,1.91,1054,15067.95,3.8,70.01,11.26
2,2016-03-20,20,Sunday,1,7,4.87,11.85,1.75,11.67,22.66,1832,1.99,919,13982.77,4.3,70.01,11.05
1,2016-03-20,21,Sunday,1,7,4.62,11.51,1.6,10.95,22.44,1025,1.34,765,11178.16,4.3,69.99,11.21
2,2016-03-21,0,Monday,0,1,6.67,14.29,1.68,11.91,29.47,681,2.0,341,6017.76,4.8,70.01,12.66
1,2016-03-21,1,Monday,0,1,6.1,13.61,1.76,11.23,29.25,246,1.23,200,3365.29,4.8,69.99,12.54
1,2016-03-21,3,Monday,0,1,6.38,13.95,1.46,11.81,29.59,109,1.14,96,1622.2,4.8,57.35,11.69
1,2016-03-21,10,Monday,0,1,4.21,12.12,1.67,13.72,16.61,861,1.19,723,10808.31,4.3,69.99,11.79
2,2016-03-21,12,Monday,0,1,4.43,12.17,1.55,13.25,17.83,1759,2.04,863,12857.31,3.3,70.01,11.47
1,2016-03-21,13,Monday,0,1,4.34,12.07,1.48,13.08,17.49,979,1.25,781,11433.15,3.3,69.99,11.18
1,2016-03-21,14,Monday,0,1,4.31,11.91,1.49,13.04,17.37,1035,1.25,830,12021.32,3.3,69.99,11.52
1,2016-03-21,15,Monday,0,1,4.25,11.87,1.66,13.06,17.45,967,1.25,776,11479.55,3.8,69.99,11.51
1,2016-03-21,16,Monday,0,1,4.27,11.7,1.58,12.75,18.03,962,1.31,733,11272.41,4.8,69.99,11.58
2,2016-03-21,17,Monday,0,1,3.62,10.47,1.55,11.58,17.96,2127,2.02,1053,14757.9,4.8,65.81,8.9
2,2016-03-21,19,Monday,0,1,3.8,10.27,1.59,10.68,19.65,2348,2.06,1141,15755.21,4.8,64.14,8.43
2,2016-03-21,22,Monday,0,1,5.15,12.31,1.89,11.62,24.01,1782,1.97,905,14258.44,3.8,70.01,11.09
2,2016-03-21,23,Monday,0,1,5.57,12.87,1.83,11.7,25.75,1381,2.06,669,10867.03,4.3,70.01,11.64
2,2016-03-22,0,Tuesday,0,2,6.6,14.39,1.9,12.26,28.65,880,2.02,435,7837.66,4.3,70.01,12.97
1,2016-03-22,1,Tuesday,0,2,6.06,13.44,1.78,11.29,28.33,220,1.21,182,3040.96,4.3,65.34,11.89
1,2016-03-22,3,Tuesday,0,2,6.06,13.23,1.62,10.96,29.85,120,1.2,100,1625.68,4.8,53.15,10.2
1,2016-03-22,10,Tuesday,0,2,3.98,12.44,1.71,15.16,14.41,962,1.17,819,12498.92,4.3,69.99,10.95
2,2016-03-22,12,Tuesday,0,2,3.79,12.3,1.51,15.2,14.13,1861,2.08,894,13287.91,3.8,70.01,10.17
1,2016-03-22,13,Tuesday,0,2,3.89,12.07,1.53,14.42,14.82,918,1.22,751,10980.49,3.8,69.99,10.25
1,2016-03-22,14,Tuesday,0,2,3.78,11.79,1.45,14.33,14.62,1064,1.24,855,12212.66,3.8,69.99,9.68
1,2016-03-22,15,Tuesday,0,2,4.16,12.43,1.48,15.13,14.99,989,1.27,777,11725.45,3.8,69.99,11.36
1,2016-03-22,16,Tuesday,0,2,3.74,11.81,1.58,14.53,14.93,894,1.3,689,10616.79,4.8,58.34,10.22
2,2016-03-22,17,Tuesday,0,2,3.86,11.83,1.7,14.34,15.92,1977,1.96,1009,15723.9,5.3,66.41,9.78
2,2016-03-22,19,Tuesday,0,2,3.96,10.97,1.76,12.04,18.69,2352,1.92,1225,18000.18,4.8,71.21,8.64
2,2016-03-22,22,Tuesday,0,2,4.81,12.02,1.9,12.21,22.37,2289,2.09,1095,16842.57,4.8,70.01,9.58
2,2016-03-22,23,Tuesday,0,2,5.41,12.74,1.93,12.21,24.68,1617,2.05,790,12754.98,4.8,70.01,10.3
2,2016-03-23,0,Wednesday,0,3,5.17,12.3,1.71,11.49,25.09,1117,2.09,534,8245.67,4.3,70.01,9.7
1,2016-03-23,1,Wednesday,0,3,5.07,11.87,1.77,10.9,25.94,334,1.2,278,4169.14,5.3,55.35,9.05
1,2016-03-23,3,Wednesday,0,3,5.72,13.0,1.35,11.42,28.59,139,1.15,121,1904.17,4.8,43.8,8.76
1,2016-03-23,10,Wednesday,0,3,4.21,12.86,1.77,15.49,14.92,985,1.21,811,12797.27,3.8,66.39,11.11
2,2016-03-23,12,Wednesday,0,3,3.88,12.5,1.71,15.49,14.1,1938,2.03,953,14579.24,3.8,70.34,10.61
1,2016-03-23,13,Wednesday,0,3,4.0,12.65,1.62,15.31,14.94,1059,1.24,854,13087.97,3.8,69.99,10.54
1,2016-03-23,14,Wednesday,0,3,3.96,12.06,1.55,14.3,15.0,1001,1.22,819,12008.83,3.8,69.99,10.89
1,2016-03-23,15,Wednesday,0,3,4.12,12.47,1.56,15.27,14.77,1038,1.23,847,12866.88,3.8,69.99,11.11
1,2016-03-23,16,Wednesday,0,3,3.86,11.84,1.74,14.56,15.54,927,1.24,748,11700.91,4.8,64.34,10.36
2,2016-03-23,17,Wednesday,0,3,3.79,11.79,1.66,14.62,15.2,1968,1.94,1015,15705.26,4.8,56.81,9.75
2,2016-03-23,19,Wednesday,0,3,3.94,11.09,1.77,12.37,18.08,2695,2.03,1327,19665.64,4.8,68.81,8.92
2,2016-03-23,22,Wednesday,0,3,5.14,12.88,2.01,13.3,21.74,2355,1.92,1226,20088.8,4.3,70.01,10.81
2,2016-03-23,23,Wednesday,0,3,5.16,12.68,1.91,12.75,23.0,2007,2.03,990,15845.64,4.8,70.01,10.65
2,2016-03-24,1,Thursday,0,4,5.43,12.5,1.69,11.47,26.46,816,2.13,384,5982.39,4.3,58.34,9.3
2,2016-03-24,3,Thursday,0,4,5.8,12.94,1.68,11.22,28.72,295,2.22,133,2139.94,4.3,46.61,10.01
1,2016-03-24,5,Thursday,0,4,5.88,13.08,1.56,10.1,29.42,201,1.09,185,3030.91,3.8,70.34,15.22
1,2016-03-24,6,Thursday,0,4,4.56,11.03,1.48,9.92,24.26,523,1.1,477,6522.3,3.8,69.99,11.19
1,2016-03-24,7,Thursday,0,4,3.57,10.11,1.49,10.83,19.26,886,1.11,799,10041.82,3.8,69.99,8.35
1,2016-03-24,8,Thursday,0,4,3.67,11.44,1.68,13.7,15.57,1086,1.12,973,13671.04,3.8,69.99,8.52
2,2016-03-24,10,Thursday,0,4,3.78,11.97,1.61,14.53,14.73,2063,2.08,994,14499.31,3.8,65.34,9.57
1,2016-03-24,11,Thursday,0,4,3.62,11.7,1.45,14.32,14.41,1080,1.25,867,12218.2,3.8,67.59,8.73
2,2016-03-24,13,Thursday,0,4,4.23,12.75,1.65,15.35,15.16,1934,2.02,956,14866.01,3.8,70.01,11.5
2,2016-03-24,14,Thursday,0,4,4.06,12.44,1.66,15.44,14.7,1968,2.05,960,14585.44,3.8,70.01,11.3
2,2016-03-24,15,Thursday,0,4,4.11,12.9,1.69,16.43,14.32,1808,2.01,900,14127.61,3.8,70.01,11.06
2,2016-03-24,16,Thursday,0,4,3.87,12.06,1.75,15.17,15.31,1528,1.97,775,12261.43,4.8,59.21,10.47
1,2016-03-24,18,Thursday,0,4,3.35,10.86,1.54,13.32,15.05,1408,1.24,1131,16145.39,4.8,59.8,7.69
1,2016-03-24,20,Thursday,0,4,4.21,11.59,1.8,12.82,18.16,1518,1.27,1195,17795.76,4.3,70.0,9.71
2,2016-03-25,0,Friday,0,5,5.35,13.06,1.9,13.35,22.57,1871,1.95,958,15775.77,4.3,70.01,10.74
1,2016-03-25,1,Friday,0,5,4.91,11.91,1.68,11.41,23.99,743,1.33,558,8427.5,4.3,61.59,9.29
1,2016-03-25,3,Friday,0,5,5.68,12.92,1.54,11.25,27.1,344,1.26,274,4357.93,4.3,69.99,10.23
1,2016-03-25,10,Friday,0,5,3.92,11.27,1.49,12.42,17.07,918,1.27,724,10003.29,3.8,69.99,9.83
2,2016-03-25,12,Friday,0,5,4.13,11.88,1.53,13.64,16.71,2230,2.04,1092,15820.02,3.8,70.01,10.33
1,2016-03-25,13,Friday,0,5,4.1,11.79,1.46,13.44,16.56,1107,1.29,861,12329.1,3.3,70.34,11.03
1,2016-03-25,14,Friday,0,5,4.18,11.98,1.47,13.58,16.67,1165,1.31,891,12989.17,3.8,70.0,11.18
1,2016-03-25,15,Friday,0,5,4.17,11.92,1.4,13.71,16.75,1142,1.35,847,12288.35,3.8,69.99,10.73
1,2016-03-25,16,Friday,0,5,3.91,11.45,1.42,13.31,16.71,1093,1.36,804,11979.64,4.8,60.95,9.69
2,2016-03-25,17,Friday,0,5,3.86,11.21,1.54,12.85,17.4,2228,1.99,1120,16492.08,4.8,60.41,8.83
2,2016-03-25,19,Friday,0,5,3.77,10.9,1.64,12.22,18.02,2551,2.0,1274,18405.25,4.8,62.16,7.97
2,2016-03-25,22,Friday,0,5,4.54,12.15,1.62,13.28,19.38,2477,1.98,1253,19045.49,4.3,70.01,9.28
2,2016-03-25,23,Friday,0,5,4.58,12.15,1.72,13.32,19.62,2679,2.05,1307,20044.42,4.3,70.01,9.11
2,2016-03-26,1,Saturday,1,6,5.04,12.28,1.66,12.26,23.41,2052,2.05,1001,15343.42,4.3,58.84,8.62
2,2016-03-26,3,Saturday,1,6,5.22,12.19,1.59,11.31,25.28,1347,2.14,628,9528.31,4.3,63.36,9.22
1,2016-03-26,5,Saturday,1,6,7.23,15.28,1.62,11.76,31.48,171,1.19,144,2683.66,4.3,69.99,15.18
1,2016-03-26,6,Saturday,1,6,7.7,15.96,1.73,11.89,33.19,248,1.17,212,4042.47,4.3,69.99,15.11
1,2016-03-26,7,Saturday,1,6,5.34,12.03,1.49,9.77,29.49,302,1.15,263,3850.16,3.8,68.34,11.25
1,2016-03-26,8,Saturday,1,6,4.71,11.29,1.4,9.72,25.61,515,1.28,401,5524.78,4.3,69.99,11.9
2,2016-03-26,10,Saturday,1,6,4.26,11.06,1.34,10.98,21.87,1854,2.1,884,11856.58,3.8,70.01,9.99
1,2016-03-26,11,Saturday,1,6,3.67,10.32,1.3,10.95,19.02,1045,1.36,771,9668.23,3.3,69.99,8.04
2,2016-03-26,13,Saturday,1,6,4.1,11.53,1.33,12.68,18.61,2175,2.08,1048,14516.87,3.8,70.01,9.68
2,2016-03-26,14,Saturday,1,6,4.01,11.34,1.3,12.59,18.42,2091,2.09,999,13594.75,3.8,70.01,9.14
2,2016-03-26,15,Saturday,1,6,4.14,11.54,1.27,12.81,18.15,2018,2.04,989,13583.26,3.8,70.01,9.69
2,2016-03-26,16,Saturday,1,6,3.76,11.03,1.2,12.48,17.85,1895,2.08,911,12001.41,4.3,70.01,9.06
1,2016-03-26,18,Saturday,1,6,3.59,11.02,1.23,12.91,16.68,1530,1.44,1066,14097.4,3.3,71.79,8.22
1,2016-03-26,20,Saturday,1,6,3.76,10.92,1.38,12.16,17.54,1464,1.49,983,13455.1,4.3,69.99,8.71
2,2016-03-27,1,Sunday,1,7,5.12,12.33,1.63,12.1,23.71,1961,2.06,952,14595.65,4.3,59.34,9.03
2,2016-03-27,3,Sunday,1,7,5.31,12.35,1.5,11.41,25.64,1339,2.18,614,9354.45,4.3,54.34,9.06
1,2016-03-27,5,Sunday,1,7,7.7,16.31,1.79,13.06,32.01,196,1.21,162,3187.11,4.8,69.99,14.47
1,2016-03-27,6,Sunday,1,7,6.27,13.63,1.35,10.41,31.26,185,1.2,154,2501.61,3.8,66.34,12.97
1,2016-03-27,7,Sunday,1,7,5.78,12.82,1.39,9.64,30.82,239,1.12,214,3278.96,3.8,68.34,12.99
1,2016-03-27,8,Sunday,1,7,4.63,10.92,1.33,8.88,28.14,413,1.33,311,4124.78,3.8,63.35,9.43
2,2016-03-27,10,Sunday,1,7,4.25,10.55,1.18,9.44,24.75,1632,1.91,854,10848.85,3.8,70.01,9.37
1,2016-03-27,11,Sunday,1,7,4.32,11.08,1.41,10.54,22.48,1049,1.42,741,10022.81,3.8,70.0,10.03
2,2016-03-27,13,Sunday,1,7,4.41,11.68,1.36,12.09,20.71,2032,2.04,997,14047.05,3.3,70.01,10.21
2,2016-03-27,14,Sunday,1,7,4.75,12.45,1.43,13.29,19.78,1885,2.08,907,13612.69,3.8,70.01,11.6
2,2016-03-27,15,Sunday,1,7,4.94,12.62,1.44,13.26,20.27,1903,2.12,899,13715.77,3.8,70.01,11.89
2,2016-03-27,16,Sunday,1,7,4.87,12.37,1.46,12.92,20.65,1919,2.07,929,13934.77,3.8,70.01,11.97
1,2016-03-27,18,Sunday,1,7,4.74,12.3,1.55,12.83,20.13,1182,1.4,842,12653.6,3.8,70.0,11.7
1,2016-03-27,20,Sunday,1,7,4.95,12.23,1.76,12.55,21.35,1050,1.37,767,11974.06,4.3,69.99,11.92
1,2016-03-28,2,Monday,0,1,5.86,13.08,1.38,11.19,28.74,162,1.23,132,2102.1,4.3,51.96,10.12
1,2016-03-28,4,Monday,0,1,8.02,16.81,1.58,13.06,32.6,160,1.28,125,2574.43,4.3,69.99,15.94
2,2016-03-28,5,Monday,0,1,6.45,13.94,1.72,11.28,29.77,413,2.16,191,3355.44,4.3,63.36,14.28
2,2016-03-28,6,Monday,0,1,4.86,11.44,1.54,10.75,24.88,954,1.98,483,6848.98,3.8,70.01,11.99
2,2016-03-28,7,Monday,0,1,4.27,11.2,1.69,12.07,20.05,1683,1.92,878,12273.7,3.8,66.37,10.54
2,2016-03-28,8,Monday,0,1,3.69,10.98,1.58,12.89,16.37,2211,2.0,1105,14982.02,3.8,70.01,9.59
1,2016-03-28,9,Monday,0,1,3.73,11.4,1.59,13.67,15.02,1137,1.17,971,13622.66,3.8,63.36,10.42
2,2016-03-28,11,Monday,0,1,4.22,12.23,1.66,14.3,15.96,1807,2.05,881,13261.4,3.8,70.01,11.91
2,2016-03-28,18,Monday,0,1,3.65,10.38,1.56,11.45,18.29,2278,1.97,1156,16056.76,4.8,60.41,7.92
2,2016-03-28,20,Monday,0,1,4.47,11.2,1.76,10.98,22.17,2224,2.0,1111,16105.84,4.3,70.01,10.13
1,2016-03-28,21,Monday,0,1,4.79,11.86,1.74,11.49,22.32,1099,1.26,875,13225.74,4.3,69.99,10.42
1,2016-03-29,0,Tuesday,0,2,6.52,14.38,2.0,12.18,28.85,475,1.19,398,7188.33,4.3,69.99,11.99
2,2016-03-29,2,Tuesday,0,2,5.19,11.73,1.3,10.05,29.2,310,2.25,138,1989.07,4.8,52.8,8.36
2,2016-03-29,9,Tuesday,0,2,3.72,11.57,1.61,13.89,15.08,2030,1.97,1029,14638.43,3.8,70.01,10.17
1,2016-03-29,12,Tuesday,0,2,3.61,11.56,1.53,13.95,14.23,1033,1.22,845,11936.11,3.8,68.34,10.02
1,2016-03-29,17,Tuesday,0,2,3.28,10.63,1.59,12.98,15.09,1091,1.23,889,12575.39,4.8,60.95,8.25
1,2016-03-29,19,Tuesday,0,2,3.66,10.28,1.7,11.08,18.49,1354,1.19,1137,15793.4,4.8,67.59,8.08
2,2016-03-29,21,Tuesday,0,2,4.42,11.42,1.73,11.66,21.32,2852,2.07,1379,20180.43,4.3,70.01,9.3
1,2016-03-29,22,Tuesday,0,2,5.04,12.39,1.97,12.13,22.58,1312,1.3,1006,15936.33,4.8,70.34,10.69
1,2016-03-29,23,Tuesday,0,2,5.24,12.48,1.89,11.87,24.11,939,1.29,730,11565.38,3.8,70.0,10.16
1,2016-03-30,0,Wednesday,0,3,5.9,13.26,2.05,11.78,27.14,530,1.19,447,7559.12,4.3,69.99,10.95
2,2016-03-30,2,Wednesday,0,3,5.14,11.93,1.52,10.2,27.21,405,2.3,176,2612.51,4.8,58.56,9.53
2,2016-03-30,4,Wednesday,0,3,6.57,14.13,1.5,11.46,33.54,199,2.31,86,1494.04,5.3,58.34,11.07
2,2016-03-30,9,Wednesday,0,3,3.67,11.54,1.68,13.91,15.15,2211,2.12,1043,14863.0,3.8,65.34,9.38
1,2016-03-30,12,Wednesday,0,3,3.77,12.55,1.63,15.8,13.54,965,1.23,786,11934.96,3.8,69.99,10.33
1,2016-03-30,17,Wednesday,0,3,3.67,11.87,1.69,14.89,14.69,1056,1.23,861,13403.28,4.8,57.39,9.29
1,2016-03-30,19,Wednesday,0,3,3.73,11.03,1.68,12.77,16.78,1441,1.23,1168,17085.82,4.8,63.99,8.05
2,2016-03-30,21,Wednesday,0,3,4.71,12.17,1.9,12.93,20.45,2631,2.03,1299,20189.25,4.3,70.01,10.09
1,2016-03-30,22,Wednesday,0,3,4.73,12.2,1.98,12.79,20.79,1379,1.27,1084,16906.67,4.3,69.99,9.54
1,2016-03-30,23,Wednesday,0,3,5.19,12.85,1.88,12.97,22.38,1077,1.29,837,13574.49,4.8,70.34,10.35
2,2016-03-31,0,Thursday,0,4,5.74,13.32,1.81,12.41,25.33,1162,2.06,563,9327.66,4.3,68.34,11.29
1,2016-03-31,1,Thursday,0,4,5.35,12.44,1.64,11.28,26.33,381,1.25,306,4731.91,4.3,65.34,9.48
1,2016-03-31,3,Thursday,0,4,5.88,12.97,1.52,10.76,29.35,162,1.19,136,2176.89,4.8,65.0,10.73
1,2016-03-31,10,Thursday,0,4,3.92,12.33,1.77,15.15,14.51,928,1.21,764,11581.45,3.8,70.34,10.41
2,2016-03-31,12,Thursday,0,4,4.15,13.23,1.74,16.48,14.13,1942,2.08,935,15041.32,3.8,70.01,11.33
1,2016-03-31,13,Thursday,0,4,3.65,11.91,1.53,14.81,13.91,1028,1.24,832,12037.56,3.3,69.99,9.99
1,2016-03-31,14,Thursday,0,4,3.91,12.35,1.57,15.35,14.18,1125,1.25,899,13474.52,3.3,69.99,10.94
1,2016-03-31,15,Thursday,0,4,3.81,12.21,1.53,15.25,13.9,1020,1.25,813,12151.42,3.8,64.34,10.52
1,2016-03-31,16,Thursday,0,4,3.96,12.41,1.71,15.47,14.51,893,1.27,704,11403.91,4.8,60.84,10.96
2,2016-03-31,17,Thursday,0,4,3.96,12.24,1.73,15.21,15.26,1944,1.97,986,15795.89,4.8,63.41,10.11
2,2016-03-31,19,Thursday,0,4,3.91,11.26,1.77,12.95,17.09,2498,2.02,1238,18588.8,4.8,61.61,8.97
2,2016-03-31,22,Thursday,0,4,5.08,12.95,2.02,13.91,20.6,2503,2.05,1222,20110.88,4.3,70.01,10.41
2,2016-03-31,23,Thursday,0,4,5.38,13.16,1.91,13.36,22.27,2380,2.1,1134,18785.15,4.3,65.84,10.61
1,2016-04-01,2,Friday,0,5,5.16,12.09,1.38,11.07,25.61,419,1.29,324,4789.12,4.3,51.35,8.61
1,2016-04-01,4,Friday,0,5,7.23,15.12,1.71,11.56,32.85,219,1.21,181,3396.04,4.8,69.99,13.47
2,2016-04-01,5,Friday,0,5,6.66,14.08,2.11,10.92,32.87,390,2.1,186,3379.02,4.8,70.01,14.02
2,2016-04-01,6,Friday,0,5,5.33,12.22,1.67,10.71,26.56,1052,2.06,511,7757.81,3.8,70.01,13.56
2,2016-04-01,7,Friday,0,5,4.03,10.84,1.58,11.52,19.99,1809,1.97,918,12303.02,3.8,70.01,8.95
2,2016-04-01,8,Friday,0,5,3.77,11.49,1.71,13.71,15.64,2252,1.97,1145,16220.53,3.8,70.01,9.19
1,2016-04-01,9,Friday,0,5,3.77,12.3,1.77,15.24,14.32,1025,1.14,899,13550.93,3.8,69.84,9.85
2,2016-04-01,11,Friday,0,5,3.98,12.63,1.7,15.29,14.6,1930,1.99,969,14954.61,3.8,70.01,11.13
2,2016-04-01,18,Friday,0,5,3.72,11.59,1.77,14.35,15.4,2762,1.94,1422,21758.08,4.8,62.21,8.82
2,2016-04-01,20,Friday,0,5,4.24,12.16,1.77,14.03,17.62,2439,2.03,1202,18537.42,4.3,70.01,10.08
1,2016-04-01,21,Friday,0,5,4.43,12.46,1.84,14.07,18.35,1481,1.35,1093,17247.19,4.8,69.99,9.47
1,2016-04-02,0,Saturday,1,6,5.07,13.06,1.86,13.98,20.53,1380,1.39,995,16274.2,4.3,66.96,9.71
2,2016-04-02,2,Saturday,1,6,5.39,12.82,1.77,12.6,24.09,1838,2.11,873,13939.6,4.3,58.34,8.77
2,2016-04-02,4,Saturday,1,6,6.21,14.1,1.57,12.98,27.26,815,2.16,378,6467.36,3.8,57.25,10.64
2,2016-04-02,9,Saturday,1,6,3.61,9.97,1.31,10.28,20.07,1847,1.93,956,11666.53,3.8,70.01,8.18
1,2016-04-02,12,Saturday,1,6,3.49,10.64,1.43,12.25,16.69,1220,1.32,923,11991.29,3.3,63.34,8.13
1,2016-04-02,17,Saturday,1,6,3.53,11.03,1.42,13.07,16.22,1396,1.39,1003,13493.98,4.3,69.99,8.41
1,2016-04-02,19,Saturday,1,6,3.56,11.44,1.43,14.07,15.28,1618,1.43,1134,15714.18,3.8,69.99,8.34
2,2016-04-02,21,Saturday,1,6,3.94,11.38,1.6,13.0,17.6,2371,2.02,1175,16878.87,4.3,70.01,8.58
1,2016-04-02,22,Saturday,1,6,4.22,12.06,1.56,13.83,17.83,1564,1.42,1105,16619.91,4.8,70.01,8.37
1,2016-04-02,23,Saturday,1,6,4.54,12.6,1.8,14.37,18.15,1756,1.44,1223,19353.5,4.3,69.99,9.58
1,2016-04-03,0,Sunday,1,7,4.46,12.04,1.72,13.38,19.35,1640,1.4,1170,17742.36,4.8,69.99,8.75
2,2016-04-03,2,Sunday,1,7,5.27,12.63,1.73,12.59,23.4,1941,2.03,957,15070.27,4.3,63.88,8.98
2,2016-04-03,4,Sunday,1,7,6.15,13.71,1.46,12.21,27.8,977,2.27,431,7163.52,4.3,70.34,10.64
2,2016-04-03,9,Sunday,1,7,4.3,10.53,1.28,9.33,25.1,1270,1.96,648,8295.67,4.3,70.01,9.89
1,2016-04-03,12,Sunday,1,7,3.66,10.35,1.34,10.79,18.63,1335,1.39,961,12181.57,3.8,69.99,9.32
1,2016-04-03,17,Sunday,1,7,4.13,11.89,1.53,13.51,17.37,1091,1.36,801,11606.73,3.8,69.99,10.45
1,2016-04-03,19,Sunday,1,7,4.14,11.06,1.49,11.49,19.73,1176,1.33,886,12134.14,3.8,70.01,10.0
2,2016-04-03,21,Sunday,1,7,5.01,11.84,1.79,10.79,24.75,1696,2.07,819,12486.89,4.3,70.01,11.62
1,2016-04-03,22,Sunday,1,7,5.29,12.31,1.78,11.03,25.21,813,1.31,620,9712.48,4.8,70.01,11.73
1,2016-04-03,23,Sunday,1,7,6.38,14.04,1.86,11.72,28.53,679,1.29,528,9279.53,4.3,70.01,12.99
2,2016-04-04,0,Monday,0,1,7.23,15.19,1.97,12.21,31.7,778,2.06,377,7104.74,4.3,70.01,13.32
1,2016-04-04,1,Monday,0,1,6.5,14.19,1.77,11.41,30.36,245,1.24,198,3464.7,3.8,70.0,13.25
1,2016-04-04,3,Monday,0,1,7.58,15.92,1.27,13.03,31.65,103,1.24,83,1558.81,4.8,48.45,11.38
1,2016-04-04,10,Monday,0,1,3.84,12.04,1.62,14.85,14.25,925,1.17,792,11621.53,3.8,70.59,10.88
2,2016-04-04,12,Monday,0,1,3.99,12.29,1.56,15.03,14.53,1769,1.94,910,13628.78,3.8,70.01,10.97
1,2016-04-04,13,Monday,0,1,3.96,12.13,1.49,14.48,14.89,1019,1.26,811,11905.66,3.8,69.99,11.17
1,2016-04-04,14,Monday,0,1,3.58,11.51,1.5,14.14,13.95,1160,1.22,948,13314.93,3.8,70.34,10.36
1,2016-04-04,15,Monday,0,1,3.58,11.57,1.5,14.53,13.79,1119,1.25,898,12743.88,3.8,69.99,9.61
1,2016-04-04,16,Monday,0,1,3.34,10.75,1.37,13.3,14.51,969,1.26,769,10843.7,4.8,63.39,8.89
2,2016-04-04,17,Monday,0,1,3.43,10.76,1.6,13.33,14.93,2461,2.03,1213,17371.99,4.8,67.01,9.13
2,2016-04-04,19,Monday,0,1,3.78,10.37,1.62,11.19,19.02,2587,2.04,1267,17670.7,4.8,58.8,8.07
2,2016-04-04,22,Monday,0,1,5.26,12.52,1.83,11.73,23.86,1814,1.95,931,14892.2,4.3,70.01,11.94
2,2016-04-04,23,Monday,0,1,5.33,12.33,1.94,11.23,25.96,1438,1.95,738,11720.04,4.3,70.01,10.91
1,2016-04-05,0,Tuesday,0,2,5.88,13.23,1.85,11.76,26.82,570,1.3,438,7299.15,4.3,63.35,11.11
2,2016-04-05,2,Tuesday,0,2,5.65,12.73,1.77,11.19,28.27,338,2.33,145,2306.87,4.3,62.16,9.83
2,2016-04-05,4,Tuesday,0,2,6.55,14.02,1.97,11.47,30.86,173,2.04,85,1530.44,5.3,58.34,12.19
2,2016-04-05,9,Tuesday,0,2,3.73,13.11,1.76,17.36,13.02,2128,2.05,1040,16493.88,3.8,63.41,10.35
1,2016-04-05,12,Tuesday,0,2,4.0,13.09,1.8,16.48,13.49,967,1.15,841,13446.28,4.3,69.99,11.31
1,2016-04-05,17,Tuesday,0,2,3.55,11.72,1.68,14.97,14.17,1195,1.22,977,15007.36,4.8,62.19,8.77
1,2016-04-05,19,Tuesday,0,2,3.81,10.98,1.76,12.6,17.18,1385,1.19,1165,17010.37,4.8,59.79,8.32
2,2016-04-05,21,Tuesday,0,2,4.94,12.35,1.96,12.73,21.47,2744,2.04,1344,21289.17,4.3,70.01,10.29
1,2016-04-05,22,Tuesday,0,2,5.04,12.81,1.97,13.42,20.85,1212,1.23,982,15983.42,4.3,69.99,10.53
1,2016-04-05,23,Tuesday,0,2,5.05,12.36,1.77,12.12,22.99,871,1.23,711,11086.53,4.8,68.34,10.39
1,2016-04-06,2,Wednesday,0,3,5.22,11.91,1.47,10.29,27.32,189,1.29,147,2175.28,4.8,58.34,8.81
1,2016-04-06,4,Wednesday,0,3,5.04,11.57,1.21,9.7,28.85,137,1.1,124,1790.95,3.8,51.39,9.6
2,2016-04-06,5,Wednesday,0,3,6.54,13.94,2.09,10.67,32.0,340,1.95,174,3115.87,5.3,70.01,15.71
2,2016-04-06,6,Wednesday,0,3,4.96,11.59,1.75,10.42,25.49,1026,1.98,517,7521.5,3.8,70.01,12.34
2,2016-04-06,7,Wednesday,0,3,3.88,10.97,1.58,12.24,18.58,2204,2.11,1047,14196.58,3.8,69.41,9.13
2,2016-04-06,8,Wednesday,0,3,3.72,11.56,1.77,13.96,15.43,2463,2.08,1186,16977.79,3.8,70.01,9.95
1,2016-04-06,9,Wednesday,0,3,3.6,11.97,1.74,14.88,13.68,1107,1.12,990,14523.22,3.8,70.0,9.54
2,2016-04-06,11,Wednesday,0,3,3.81,12.38,1.75,15.44,13.96,1846,1.98,930,14099.71,3.8,70.01,10.41
2,2016-04-06,18,Wednesday,0,3,3.43,10.8,1.75,13.24,15.5,2454,1.86,1320,19125.17,4.8,55.61,7.87
2,2016-04-06,20,Wednesday,0,3,4.61,12.07,1.87,12.98,19.72,2629,2.01,1308,20214.6,4.3,70.01,10.42
1,2016-04-06,21,Wednesday,0,3,4.48,11.94,1.87,12.98,19.34,1370,1.27,1081,16573.9,4.3,70.01,9.15
1,2016-04-07,0,Thursday,0,4,5.42,12.87,1.83,12.09,24.81,537,1.24,432,6980.53,4.3,69.99,10.88
2,2016-04-07,2,Thursday,0,4,5.28,12.19,1.64,11.08,27.84,407,2.08,196,2992.34,4.3,56.76,8.84
2,2016-04-07,4,Thursday,0,4,7.1,14.83,2.27,11.39,33.53,199,2.14,93,1766.35,4.8,70.01,13.62
2,2016-04-07,9,Thursday,0,4,3.71,11.89,1.67,14.58,14.37,2345,2.05,1146,16668.6,3.8,70.01,10.05
1,2016-04-07,12,Thursday,0,4,3.53,12.38,1.68,16.18,12.27,1086,1.2,903,13585.43,3.8,69.99,9.96
1,2016-04-07,17,Thursday,0,4,3.54,11.29,1.66,13.98,14.8,1129,1.24,909,13515.47,4.3,60.99,8.83
1,2016-04-07,19,Thursday,0,4,3.88,11.28,1.82,13.0,16.66,1382,1.17,1183,17772.53,4.8,65.19,8.93
2,2016-04-07,21,Thursday,0,4,4.72,12.4,1.94,13.49,19.76,2454,1.94,1266,19995.71,4.3,70.01,9.96
1,2016-04-07,22,Thursday,0,4,4.9,13.13,1.97,14.65,19.07,1399,1.27,1101,18275.57,4.3,69.99,10.7
1,2016-04-07,23,Thursday,0,4,5.02,12.91,1.97,13.69,20.66,1135,1.26,904,14756.63,4.3,69.99,10.16
2,2016-04-08,1,Friday,0,5,5.49,12.67,1.66,11.55,26.1,1081,2.05,527,8289.73,4.8,70.01,10.36
2,2016-04-08,3,Friday,0,5,5.52,12.51,1.35,11.33,27.97,318,2.01,158,2411.54,4.8,50.3,8.95
1,2016-04-08,5,Friday,0,5,5.93,12.98,1.57,10.5,29.21,254,1.11,228,3721.07,3.3,69.99,13.47
1,2016-04-08,6,Friday,0,5,5.1,11.9,1.91,10.27,25.79,543,1.06,514,7728.57,3.8,70.34,13.65
1,2016-04-08,7,Friday,0,5,4.0,10.97,1.6,11.67,19.09,922,1.12,821,11145.95,3.8,69.99,9.73
1,2016-04-08,8,Friday,0,5,3.82,11.54,1.72,13.59,15.73,1156,1.14,1010,14372.63,4.3,69.99,9.67
2,2016-04-08,10,Friday,0,5,3.92,12.29,1.61,15.1,14.72,2061,2.02,1018,15189.08,3.8,70.01,9.84
1,2016-04-08,11,Friday,0,5,4.06,12.84,1.72,15.89,14.0,1080,1.21,894,13985.17,3.8,68.34,11.12
2,2016-04-08,13,Friday,0,5,4.16,12.32,1.67,14.57,15.27,1960,2.06,953,14412.62,3.8,70.01,11.72
2,2016-04-08,14,Friday,0,5,3.91,12.08,1.56,14.81,14.78,2190,2.07,1060,15578.77,3.8,70.01,10.78
2,2016-04-08,15,Friday,0,5,3.74,11.96,1.53,15.31,13.84,1993,2.06,969,14136.96,4.3,70.01,10.44
2,2016-04-08,16,Friday,0,5,3.41,11.15,1.59,14.31,14.36,1733,2.07,836,12259.52,4.8,58.34,9.02
1,2016-04-08,18,Friday,0,5,3.55,11.06,1.67,13.67,15.27,1455,1.24,1171,17170.85,4.8,60.95,8.45
1,2016-04-08,20,Friday,0,5,4.17,11.69,1.75,13.24,17.57,1657,1.32,1257,18722.38,4.3,69.99,9.46
1,2016-04-09,0,Saturday,1,6,4.76,12.4,1.85,13.4,19.98,1501,1.37,1094,17110.86,4.3,69.99,9.38
2,2016-04-09,2,Saturday,1,6,4.73,11.7,1.65,11.74,22.81,1767,2.13,831,12217.46,4.3,55.38,8.39
2,2016-04-09,4,Saturday,1,6,5.83,13.41,1.51,12.36,26.64,774,2.33,332,5416.48,4.8,70.01,10.07
2,2016-04-09,9,Saturday,1,6,4.08,10.5,1.37,10.04,22.53,1714,2.01,852,10978.67,3.8,70.01,8.83
1,2016-04-09,12,Saturday,1,6,3.55,10.7,1.34,12.1,16.37,1608,1.36,1179,15334.87,3.8,69.99,9.01
1,2016-04-09,17,Saturday,1,6,3.89,11.37,1.45,13.22,16.36,1507,1.41,1070,14836.6,3.8,69.99,9.27
1,2016-04-09,19,Saturday,1,6,3.53,10.87,1.41,12.74,16.06,1671,1.41,1187,15750.79,3.8,70.34,7.91
2,2016-04-09,21,Saturday,1,6,4.03,11.14,1.57,12.0,18.9,2448,2.05,1193,16820.8,4.3,70.01,9.14
1,2016-04-09,22,Saturday,1,6,4.11,11.43,1.55,12.59,18.34,1656,1.45,1144,16436.54,3.8,63.99,8.51
1,2016-04-09,23,Saturday,1,6,4.43,11.96,1.62,13.12,19.1,1714,1.46,1175,17606.99,4.3,62.8,8.44
1,2016-04-10,2,Sunday,1,7,4.97,12.15,1.64,12.05,23.37,1214,1.43,849,12831.58,4.3,57.25,8.58
1,2016-04-10,4,Sunday,1,7,5.72,13.24,1.53,12.0,26.42,522,1.35,386,6262.82,4.8,63.35,10.26
2,2016-04-10,5,Sunday,1,7,7.13,15.08,1.65,12.0,32.39,401,2.19,183,3357.15,4.3,63.36,12.25
2,2016-04-10,6,Sunday,1,7,7.02,14.71,1.68,11.23,32.82,357,1.88,190,3366.82,3.8,70.01,14.22
2,2016-04-10,7,Sunday,1,7,5.6,12.48,1.56,10.04,29.53,675,2.19,308,4665.32,4.3,70.01,11.9
2,2016-04-10,8,Sunday,1,7,5.0,11.62,1.37,9.75,27.6,828,1.95,425,6026.41,4.3,70.01,11.1
1,2016-04-10,9,Sunday,1,7,4.06,10.37,1.35,9.47,23.47,841,1.3,646,8198.3,3.8,68.34,9.42
2,2016-04-10,11,Sunday,1,7,4.11,10.99,1.49,11.19,20.4,2256,2.11,1069,14405.75,3.8,70.01,9.93
2,2016-04-10,18,Sunday,1,7,4.71,12.31,1.66,13.4,19.26,2233,1.96,1139,17165.9,3.8,70.01,11.77
2,2016-04-10,20,Sunday,1,7,4.61,11.52,1.6,11.55,21.71,1859,1.96,948,13900.47,3.3,70.01,10.5
1,2016-04-10,21,Sunday,1,7,5.11,12.45,1.78,12.17,22.49,973,1.36,718,11356.08,4.3,69.99,11.85
1,2016-04-11,0,Monday,0,1,5.52,12.6,1.7,10.91,27.42,395,1.24,318,5020.89,4.3,64.8,11.03
2,2016-04-11,2,Monday,0,1,7.14,15.25,1.44,12.71,30.39,194,1.94,100,1819.02,4.3,70.01,13.42
2,2016-04-11,4,Monday,0,1,8.47,17.07,2.18,12.79,34.97,200,2.0,100,2136.49,4.8,70.01,15.45
2,2016-04-11,9,Monday,0,1,4.14,12.38,1.81,14.93,15.44,2029,1.93,1053,16116.5,3.8,70.01,11.45
1,2016-04-11,12,Monday,0,1,3.93,12.09,1.54,14.27,15.12,891,1.22,732,10771.73,4.3,69.99,10.68
1,2016-04-11,17,Monday,0,1,3.68,11.17,1.58,13.18,15.88,1156,1.23,937,13804.93,4.8,69.99,9.76
1,2016-04-11,19,Monday,0,1,4.0,10.94,1.73,11.76,18.48,1270,1.25,1019,14899.42,4.8,69.99,9.64
2,2016-04-11,21,Monday,0,1,4.96,12.02,1.93,11.62,23.24,2256,2.0,1129,17471.79,4.3,70.01,10.37
1,2016-04-11,22,Monday,0,1,5.51,12.98,1.91,12.29,24.07,1044,1.27,822,13518.28,4.8,69.99,11.55
1,2016-04-11,23,Monday,0,1,5.24,12.46,1.78,11.77,24.49,728,1.24,585,9198.86,4.3,69.99,10.4
2,2016-04-12,1,Tuesday,0,2,5.18,11.86,1.35,10.27,27.75,527,2.16,244,3579.19,4.3,70.01,9.69
2,2016-04-12,3,Tuesday,0,2,6.55,14.29,1.6,11.89,29.48,191,2.25,85,1470.86,4.8,60.8,11.78
1,2016-04-12,5,Tuesday,0,2,5.54,12.27,1.61,9.63,29.95,213,1.12,190,2974.83,4.3,69.99,12.15
1,2016-04-12,6,Tuesday,0,2,3.64,9.46,1.35,8.87,22.85,550,1.06,519,6133.65,4.3,69.99,8.44
1,2016-04-12,7,Tuesday,0,2,3.56,10.64,1.58,12.3,16.59,1049,1.12,938,12348.05,3.3,69.99,8.88
1,2016-04-12,8,Tuesday,0,2,3.18,11.15,1.7,14.42,12.83,1233,1.15,1075,14787.32,3.8,69.99,8.85
2,2016-04-12,10,Tuesday,0,2,3.75,12.97,1.89,17.16,12.66,1890,1.96,966,15382.22,3.8,70.01,10.8
1,2016-04-12,11,Tuesday,0,2,3.39,12.3,1.63,16.39,11.91,922,1.16,793,11858.91,3.8,69.99,10.09
2,2016-04-12,13,Tuesday,0,2,4.1,12.9,1.6,15.87,14.44,1831,2.07,884,13809.65,4.3,70.01,11.2
2,2016-04-12,14,Tuesday,0,2,4.12,12.56,1.72,15.04,14.96,1756,1.92,916,14146.77,4.3,70.01,11.52
2,2016-04-12,15,Tuesday,0,2,4.13,12.5,1.62,15.2,14.9,1770,2.0,886,13484.9,4.3,70.01,11.23
2,2016-04-12,16,Tuesday,0,2,3.6,10.98,1.62,13.11,15.52,1662,2.02,823,12066.96,4.8,68.16,9.89
1,2016-04-12,18,Tuesday,0,2,3.43,10.79,1.71,12.95,15.27,1321,1.19,1113,16067.98,4.8,68.34,7.71
1,2016-04-12,20,Tuesday,0,2,4.43,11.63,1.87,12.11,20.03,1396,1.2,1166,17505.15,4.3,69.99,9.99
1,2016-04-13,0,Wednesday,0,3,5.11,12.2,1.76,11.68,24.51,560,1.22,460,7047.21,4.3,58.55,9.3
2,2016-04-13,2,Wednesday,0,3,6.02,13.27,1.65,11.42,28.61,358,2.08,172,2817.52,4.3,63.36,10.92
2,2016-04-13,4,Wednesday,0,3,7.19,15.12,2.02,11.77,32.42,202,1.92,105,1990.25,4.3,63.36,13.39
2,2016-04-13,9,Wednesday,0,3,3.9,12.52,1.79,15.54,14.32,2239,2.05,1091,16742.77,3.8,70.01,10.37
1,2016-04-13,12,Wednesday,0,3,3.73,12.76,1.69,16.42,12.96,952,1.23,777,12028.57,3.8,69.99,10.63
1,2016-04-13,17,Wednesday,0,3,3.85,12.39,1.73,15.86,14.47,1040,1.21,856,13802.76,4.8,63.95,9.94
1,2016-04-13,19,Wednesday,0,3,3.67,10.88,1.68,12.49,16.6,1358,1.2,1133,16375.7,5.3,67.34,8.38
2,2016-04-13,21,Wednesday,0,3,4.94,12.53,2.08,13.08,20.94,2506,1.9,1316,21230.71,4.3,70.01,11.11
1,2016-04-13,22,Wednesday,0,3,4.88,12.73,1.98,13.68,20.52,1286,1.23,1046,16917.3,4.8,69.99,10.01
1,2016-04-13,23,Wednesday,0,3,4.96,12.54,1.87,12.95,21.78,979,1.24,792,12584.23,4.8,63.35,10.22
1,2016-04-14,0,Thursday,0,4,5.18,12.39,1.69,11.88,24.53,603,1.23,489,7540.34,4.3,63.36,9.32
2,2016-04-14,2,Thursday,0,4,5.32,12.19,1.34,10.92,28.19,332,1.83,181,2684.87,4.8,47.76,8.05
2,2016-04-14,4,Thursday,0,4,7.03,14.78,1.74,11.58,32.98,283,2.19,129,2390.9,4.8,70.01,13.02
2,2016-04-14,9,Thursday,0,4,3.84,12.41,1.88,15.56,14.16,2233,2.02,1107,17036.35,3.8,70.01,10.64
1,2016-04-14,12,Thursday,0,4,3.84,12.66,1.76,15.99,13.46,1008,1.2,842,13073.19,3.8,69.99,10.88
1,2016-04-14,17,Thursday,0,4,3.47,11.55,1.72,14.63,14.03,1132,1.24,910,13909.64,4.8,59.21,9.6
1,2016-04-14,19,Thursday,0,4,3.67,11.38,1.71,13.65,15.79,1392,1.21,1147,17202.21,5.3,64.59,8.45
2,2016-04-14,21,Thursday,0,4,4.63,12.36,1.88,13.55,19.26,2775,2.0,1385,21803.17,4.3,70.01,10.28
1,2016-04-14,22,Thursday,0,4,4.88,12.88,1.95,14.18,19.24,1418,1.28,1112,18089.19,4.3,69.99,10.19
1,2016-04-14,23,Thursday,0,4,5.08,12.93,2.01,13.77,20.84,1340,1.29,1035,16949.77,4.3,69.99,10.16
2,2016-04-15,1,Friday,0,5,5.26,12.51,1.75,12.22,24.47,885,1.99,444,6932.0,4.3,70.01,10.03
2,2016-04-15,3,Friday,0,5,5.33,12.39,1.44,10.98,27.86,427,2.05,208,3156.6,4.8,57.36,9.07
1,2016-04-15,5,Friday,0,5,5.67,12.51,1.4,9.94,30.34,235,1.1,214,3323.76,4.3,69.99,12.5
1,2016-04-15,6,Friday,0,5,4.86,11.57,1.56,10.4,25.55,520,1.08,483,6857.28,3.8,69.99,12.27
1,2016-04-15,7,Friday,0,5,3.84,10.76,1.6,11.68,18.77,971,1.16,834,11134.34,3.8,69.99,8.74
1,2016-04-15,8,Friday,0,5,3.7,11.38,1.65,13.55,15.29,1124,1.15,975,13658.18,4.3,69.99,9.22
2,2016-04-15,10,Friday,0,5,4.02,12.8,1.65,16.04,14.22,1879,2.01,936,14522.84,3.8,70.01,11.16
1,2016-04-15,11,Friday,0,5,3.9,12.86,1.75,16.17,13.51,992,1.23,807,12674.97,3.8,69.99,11.14
2,2016-04-15,13,Friday,0,5,4.53,13.27,1.81,15.92,15.34,1807,2.05,880,14312.74,3.8,70.01,12.17
2,2016-04-15,14,Friday,0,5,4.16,12.91,1.6,16.19,14.44,1953,2.05,952,14895.03,3.8,70.01,11.3
2,2016-04-15,15,Friday,0,5,3.84,12.47,1.8,16.28,13.52,1930,2.03,952,14623.25,3.8,70.01,10.79
2,2016-04-15,16,Friday,0,5,3.85,12.68,1.64,16.79,13.74,1530,2.05,746,12171.49,4.8,61.01,9.97
1,2016-04-15,18,Friday,0,5,3.87,11.81,1.78,14.56,15.18,1544,1.28,1208,18788.56,4.8,60.35,9.39
1,2016-04-15,20,Friday,0,5,3.95,11.29,1.66,12.83,17.35,1658,1.31,1266,18268.07,4.3,69.99,9.01
1,2016-04-16,2,Saturday,1,6,5.19,12.74,1.77,12.82,22.43,968,1.4,690,10959.38,4.3,68.34,9.57
1,2016-04-16,4,Saturday,1,6,5.67,13.18,1.41,12.04,25.93,448,1.33,337,5413.32,4.3,69.99,11.39
2,2016-04-16,5,Saturday,1,6,6.92,14.7,1.57,11.61,31.58,344,2.11,163,2907.34,4.3,70.01,14.07
2,2016-04-16,6,Saturday,1,6,6.72,14.32,1.65,11.08,32.23,521,2.06,253,4355.33,3.8,70.01,14.7
2,2016-04-16,7,Saturday,1,6,5.6,12.63,1.65,10.5,28.52,798,2.1,380,5870.57,4.3,70.01,12.87
2,2016-04-16,8,Saturday,1,6,4.45,11.07,1.49,10.29,23.5,1291,2.05,630,8575.0,4.3,70.01,10.41
1,2016-04-16,9,Saturday,1,6,3.92,10.64,1.42,10.6,20.43,984,1.23,798,10411.4,3.8,70.0,9.48
2,2016-04-16,11,Saturday,1,6,3.9,11.1,1.37,12.28,18.64,2359,2.04,1159,15602.63,3.8,70.01,8.61
2,2016-04-16,18,Saturday,1,6,3.87,11.54,1.45,13.83,16.54,2591,2.02,1282,17774.23,3.8,70.01,8.81
2,2016-04-16,20,Saturday,1,6,3.98,11.75,1.59,14.03,16.41,2580,2.03,1272,18739.15,4.8,70.01,9.14
1,2016-04-16,21,Saturday,1,6,3.98,11.45,1.57,13.07,17.33,1562,1.43,1090,15725.56,4.3,69.99,9.03
2,2016-04-17,0,Sunday,1,7,4.77,12.46,1.76,13.68,20.13,2714,2.04,1330,20779.07,4.3,70.01,8.97
1,2016-04-17,1,Sunday,1,7,4.64,11.92,1.66,12.44,21.32,1358,1.43,947,14142.85,4.3,64.34,8.21
1,2016-04-17,3,Sunday,1,7,5.22,12.37,1.64,11.64,24.55,869,1.36,641,9864.54,4.3,64.59,9.42
1,2016-04-17,10,Sunday,1,7,4.47,11.47,1.45,11.21,21.83,1056,1.33,794,11075.5,3.8,70.0,10.2
2,2016-04-17,12,Sunday,1,7,4.44,11.88,1.53,12.91,18.96,2328,2.08,1120,16201.08,3.8,70.01,10.66
1,2016-04-17,13,Sunday,1,7,4.46,12.41,1.61,13.99,17.84,1330,1.37,972,14682.82,3.8,69.99,10.77
1,2016-04-17,14,Sunday,1,7,4.46,12.46,1.59,14.25,17.13,1337,1.36,980,14843.17,3.8,70.0,11.24
1,2016-04-17,15,Sunday,1,7,4.4,12.32,1.57,13.97,17.09,1258,1.39,908,13618.36,3.3,70.0,11.2
1,2016-04-17,16,Sunday,1,7,4.88,13.26,1.68,15.33,17.56,1147,1.4,818,13234.35,3.8,69.99,12.28
2,2016-04-17,17,Sunday,1,7,5.06,13.32,1.72,15.11,18.73,1938,2.0,969,15661.04,3.8,70.01,12.23
2,2016-04-17,19,Sunday,1,7,4.62,12.19,1.81,13.3,19.4,2080,1.99,1045,15761.43,3.8,70.01,11.34
2,2016-04-17,22,Sunday,1,7,5.67,13.32,1.87,12.7,24.66,1539,1.97,782,13136.98,4.8,70.01,11.88
2,2016-04-17,23,Sunday,1,7,6.66,14.66,2.01,12.53,28.4,1160,1.97,588,10763.02,4.3,70.01,13.09
1,2016-04-18,2,Monday,0,1,5.02,11.65,1.36,10.21,27.62,193,1.3,149,2143.2,4.8,47.85,8.53
1,2016-04-18,4,Monday,0,1,7.97,16.49,1.57,12.44,34.36,166,1.28,130,2580.14,4.3,67.34,13.84
2,2016-04-18,5,Monday,0,1,7.25,15.07,1.96,11.07,33.99,335,1.91,175,3332.72,4.3,70.01,17.18
2,2016-04-18,6,Monday,0,1,4.99,11.62,1.51,10.26,26.56,945,1.91,495,7081.17,4.3,70.01,11.5
2,2016-04-18,7,Monday,0,1,4.34,11.74,1.67,12.82,19.33,1773,1.97,899,13042.3,3.8,70.01,10.5
2,2016-04-18,8,Monday,0,1,3.83,11.74,1.79,14.15,15.58,1979,1.93,1025,14882.49,4.3,70.01,9.69
1,2016-04-18,9,Monday,0,1,3.59,11.43,1.61,13.93,14.67,972,1.14,853,11962.52,3.8,69.99,9.46
2,2016-04-18,11,Monday,0,1,4.39,12.98,1.74,15.48,15.67,1604,1.9,846,13459.74,3.8,70.01,12.1
2,2016-04-18,18,Monday,0,1,3.97,11.22,1.64,12.84,17.39,2497,1.97,1266,18797.62,4.8,65.21,9.06
2,2016-04-18,20,Monday,0,1,4.81,11.98,1.88,12.09,21.58,2359,2.03,1163,17863.16,4.3,70.01,11.02
1,2016-04-18,21,Monday,0,1,4.8,12.02,1.81,11.95,21.93,1133,1.24,911,13934.38,4.3,70.34,10.29
2,2016-04-19,0,Tuesday,0,2,5.47,12.56,1.75,11.45,26.4,833,2.03,410,6454.53,4.3,70.01,10.89
1,2016-04-19,1,Tuesday,0,2,5.7,12.91,1.49,11.82,27.67,283,1.22,232,3653.22,4.3,42.3,7.84
1,2016-04-19,3,Tuesday,0,2,5.57,12.63,1.36,10.71,27.36,132,1.48,89,1375.33,5.3,69.99,11.7
1,2016-04-19,10,Tuesday,0,2,3.76,12.68,1.8,16.22,13.36,888,1.14,778,12077.54,3.8,69.99,10.32
2,2016-04-19,12,Tuesday,0,2,3.8,12.61,1.69,15.74,13.62,1791,2.01,892,13720.35,3.8,70.01,11.11
1,2016-04-19,13,Tuesday,0,2,3.77,12.41,1.62,15.39,14.06,1035,1.22,845,12724.65,3.8,70.0,10.14
1,2016-04-19,14,Tuesday,0,2,4.08,12.85,1.68,15.87,14.17,1116,1.23,905,14131.13,3.3,69.99,11.22
1,2016-04-19,15,Tuesday,0,2,3.77,12.19,1.56,15.26,13.73,991,1.23,807,12025.64,3.8,69.99,10.33
1,2016-04-19,16,Tuesday,0,2,3.68,11.74,1.72,14.73,14.38,911,1.23,739,11449.07,4.8,61.6,9.75
2,2016-04-19,17,Tuesday,0,2,3.58,11.34,1.66,14.19,14.82,2100,1.9,1106,16558.23,5.3,62.81,8.96
2,2016-04-19,19,Tuesday,0,2,3.9,11.22,1.75,12.91,17.3,2657,2.08,1280,19082.96,4.8,59.84,8.78
2,2016-04-19,22,Tuesday,0,2,5.05,13.05,1.97,13.8,20.93,2369,2.03,1168,19287.25,4.3,70.01,10.61
2,2016-04-19,23,Tuesday,0,2,5.38,13.08,1.98,13.11,23.02,1770,2.03,873,14424.49,4.3,70.01,10.83
1,2016-04-20,2,Wednesday,0,3,5.1,11.87,1.66,10.51,26.81,203,1.25,163,2432.76,5.3,45.95,8.82
1,2016-04-20,4,Wednesday,0,3,6.99,14.88,1.66,11.33,31.78,137,1.22,112,2067.87,4.3,69.99,14.85
2,2016-04-20,5,Wednesday,0,3,6.48,14.05,2.13,10.71,31.63,365,2.01,182,3268.71,4.3,70.01,15.68
2,2016-04-20,6,Wednesday,0,3,4.54,10.94,1.6,9.78,25.18,995,1.95,510,6956.3,3.8,70.01,11.42
2,2016-04-20,7,Wednesday,0,3,4.0,11.22,1.64,12.6,18.48,1943,1.99,976,13506.52,3.8,70.01,9.36
2,2016-04-20,8,Wednesday,0,3,3.54,11.44,1.66,14.11,14.78,2276,2.05,1110,15576.93,3.8,70.01,8.82
1,2016-04-20,9,Wednesday,0,3,3.78,12.35,1.78,15.49,13.92,1042,1.12,933,14098.78,3.8,69.99,10.02
2,2016-04-20,11,Wednesday,0,3,3.79,12.52,1.71,15.97,13.58,2025,2.1,963,14734.81,3.8,63.8,9.77
2,2016-04-20,18,Wednesday,0,3,3.5,11.42,1.73,14.41,14.56,2679,1.98,1356,20483.37,5.3,61.56,8.63
2,2016-04-20,20,Wednesday,0,3,4.37,11.87,1.85,13.15,18.82,2649,2.01,1320,20127.49,4.3,70.01,9.49
1,2016-04-20,21,Wednesday,0,3,4.6,12.23,1.91,13.31,19.62,1383,1.25,1104,17256.53,4.8,68.34,9.51
2,2016-04-21,1,Thursday,0,4,5.16,12.12,1.55,11.38,25.43,724,2.14,339,5093.36,4.8,53.5,8.91
2,2016-04-21,3,Thursday,0,4,5.44,12.62,1.25,11.46,27.48,258,2.06,125,1901.58,4.8,46.01,9.18
1,2016-04-21,5,Thursday,0,4,6.53,14.31,2.02,11.04,30.62,229,1.1,209,3798.11,4.3,69.99,15.0
1,2016-04-21,6,Thursday,0,4,4.51,11.12,1.59,10.29,24.25,588,1.07,550,7572.19,3.8,70.01,11.39
1,2016-04-21,7,Thursday,0,4,4.05,11.6,1.65,13.19,17.51,939,1.12,835,11930.61,3.8,69.99,9.89
1,2016-04-21,8,Thursday,0,4,3.28,11.46,1.71,14.74,13.63,1089,1.11,979,13755.31,3.8,59.8,8.25
2,2016-04-21,10,Thursday,0,4,3.68,12.65,1.81,16.4,13.33,1890,2.1,901,13941.95,4.3,70.01,10.51
1,2016-04-21,11,Thursday,0,4,4.01,13.54,1.81,17.59,13.01,880,1.17,754,12407.63,4.3,69.99,11.52
2,2016-04-21,13,Thursday,0,4,4.3,13.69,1.81,17.45,14.15,1805,2.06,878,14594.33,3.8,70.01,11.96
2,2016-04-21,14,Thursday,0,4,4.22,13.62,1.82,17.57,13.63,2019,2.06,982,16343.25,3.8,70.01,12.55
2,2016-04-21,15,Thursday,0,4,3.82,12.99,1.69,17.13,12.94,1753,2.0,877,13847.31,3.8,70.01,11.45
2,2016-04-21,16,Thursday,0,4,3.93,13.41,1.82,18.06,13.06,1436,2.08,692,11983.42,4.8,61.61,11.86
1,2016-04-21,18,Thursday,0,4,3.82,12.46,1.9,15.9,14.18,776,1.21,643,10526.65,4.8,71.2,10.18
1,2016-04-21,20,Thursday,0,4,4.38,12.23,1.86,14.0,17.5,1363,1.26,1083,16893.21,4.3,69.99,10.25
2,2016-04-22,0,Friday,0,5,5.22,12.74,1.87,13.05,22.87,1702,2.11,805,12861.6,4.3,60.96,9.72
1,2016-04-22,1,Friday,0,5,5.07,12.32,1.68,11.96,23.71,593,1.24,478,7343.71,4.8,68.34,9.11
1,2016-04-22,3,Friday,0,5,5.46,12.57,1.49,11.22,27.42,282,1.19,237,3650.22,4.3,51.95,8.55
1,2016-04-22,10,Friday,0,5,3.77,12.56,1.62,15.91,13.74,855,1.19,716,10878.19,3.8,68.34,9.97
2,2016-04-22,12,Friday,0,5,4.23,13.42,1.78,16.79,14.35,1744,2.05,850,13840.78,4.3,70.01,11.45
1,2016-04-22,13,Friday,0,5,3.69,12.1,1.5,15.1,14.06,958,1.23,779,11346.48,3.8,66.34,10.34
1,2016-04-22,14,Friday,0,5,3.81,12.77,1.67,16.55,13.29,1114,1.24,895,13832.49,3.8,67.84,10.34
1,2016-04-22,15,Friday,0,5,3.67,12.88,1.69,17.32,12.45,973,1.26,775,12090.48,3.8,63.35,10.52
1,2016-04-22,16,Friday,0,5,3.43,12.03,1.68,15.9,13.12,858,1.27,676,10574.54,4.8,61.55,10.11
2,2016-04-22,17,Friday,0,5,3.68,12.58,1.65,16.89,13.75,1677,1.87,896,14502.64,4.8,58.01,9.47
2,2016-04-22,19,Friday,0,5,3.83,11.66,1.69,14.12,16.08,2368,2.02,1171,17881.4,4.8,64.8,8.76
2,2016-04-22,22,Friday,0,5,4.55,12.57,1.63,14.46,18.23,2457,2.04,1203,18764.78,4.3,70.01,8.79
2,2016-04-22,23,Friday,0,5,4.87,12.94,1.83,14.57,19.05,2454,2.11,1161,18875.36,4.3,70.01,10.06
1,2016-04-23,2,Saturday,1,6,4.81,11.96,1.64,12.15,21.95,1020,1.38,739,11032.67,4.3,56.19,8.65
1,2016-04-23,4,Saturday,1,6,6.39,14.24,1.45,12.82,26.52,410,1.3,315,5387.41,4.3,69.99,12.2
2,2016-04-23,5,Saturday,1,6,6.21,13.73,1.39,11.55,30.13,310,1.97,157,2648.02,4.8,70.01,11.68
2,2016-04-23,6,Saturday,1,6,5.52,12.43,1.35,10.44,29.29,421,2.06,204,3033.52,4.3,70.01,12.49
2,2016-04-23,7,Saturday,1,6,5.14,11.83,1.5,10.21,27.44,782,2.18,358,5202.74,4.3,70.01,11.71
2,2016-04-23,8,Saturday,1,6,4.37,10.96,1.31,10.49,22.58,1161,2.11,550,7284.56,4.3,70.01,10.1
1,2016-04-23,9,Saturday,1,6,4.04,10.87,1.37,11.0,20.45,758,1.23,615,8126.67,3.8,69.99,9.66
2,2016-04-23,11,Saturday,1,6,4.02,11.38,1.42,12.58,18.35,1935,1.95,991,13696.38,3.8,70.01,9.99
2,2016-04-23,18,Saturday,1,6,3.68,10.97,1.34,12.65,17.71,2141,1.96,1090,14371.14,3.8,70.01,7.75
2,2016-04-23,20,Saturday,1,6,4.02,11.47,1.51,13.09,18.29,1989,1.97,1009,14518.41,4.3,70.01,8.07
1,2016-04-23,21,Saturday,1,6,3.97,11.14,1.51,12.44,18.19,1402,1.42,988,13885.66,4.3,69.99,7.95
2,2016-04-24,0,Sunday,1,7,4.61,12.07,1.66,13.19,20.45,2491,2.06,1207,18220.84,4.3,62.34,8.44
1,2016-04-24,1,Sunday,1,7,4.63,11.88,1.7,12.43,20.96,1296,1.41,921,13720.88,4.3,57.35,8.57
1,2016-04-24,3,Sunday,1,7,5.26,12.54,1.6,11.98,24.45,815,1.41,577,8961.86,4.3,55.84,8.86
1,2016-04-24,10,Sunday,1,7,3.94,10.49,1.38,10.29,21.57,895,1.31,684,8784.18,4.3,69.99,8.63
2,2016-04-24,12,Sunday,1,7,4.54,11.75,1.56,12.05,20.58,1998,2.03,985,14204.66,3.8,70.01,10.96
1,2016-04-24,13,Sunday,1,7,4.51,12.12,1.54,12.95,19.23,1100,1.38,797,11740.23,3.8,70.0,10.72
1,2016-04-24,14,Sunday,1,7,4.77,12.75,1.56,13.78,18.86,1143,1.39,822,12699.88,4.3,70.0,11.73
1,2016-04-24,15,Sunday,1,7,4.75,12.45,1.63,13.36,19.06,1089,1.37,797,12123.06,3.8,70.0,12.22
1,2016-04-24,16,Sunday,1,7,4.88,12.68,1.68,13.61,19.2,1047,1.34,783,12242.93,3.8,70.34,11.86
2,2016-04-24,17,Sunday,1,7,4.77,12.37,1.61,13.14,20.04,2178,2.07,1050,15895.7,3.8,70.01,12.07
2,2016-04-24,19,Sunday,1,7,4.99,12.29,1.74,12.39,21.51,2018,2.05,982,14889.52,3.8,70.01,12.39
2,2016-04-24,22,Sunday,1,7,5.35,12.51,1.68,11.33,25.39,1533,2.0,767,12079.22,4.8,70.01,11.46
2,2016-04-24,23,Sunday,1,7,5.99,13.39,1.88,11.22,28.29,1044,1.9,550,9314.25,4.3,70.01,13.08
1,2016-04-25,0,Monday,0,1,5.65,12.78,1.63,11.34,26.83,394,1.3,304,4817.89,3.8,69.99,11.88
2,2016-04-25,2,Monday,0,1,5.39,12.36,1.24,11.09,27.13,272,2.34,116,1728.1,4.3,43.3,8.63
2,2016-04-25,4,Monday,0,1,6.54,13.93,1.65,11.21,33.16,200,1.9,105,1822.46,5.8,70.01,11.84
2,2016-04-25,9,Monday,0,1,4.61,12.69,1.78,13.95,17.63,1801,1.98,909,14243.19,3.8,70.01,11.77
1,2016-04-25,12,Monday,0,1,3.98,11.82,1.56,13.34,16.07,925,1.24,746,10839.18,3.8,69.99,10.97
1,2016-04-25,17,Monday,0,1,4.06,11.75,1.67,13.51,16.86,1022,1.24,825,12730.67,4.8,70.0,9.77
1,2016-04-25,19,Monday,0,1,3.82,10.35,1.64,10.64,20.18,1150,1.21,947,13186.5,4.8,61.34,8.45
2,2016-04-25,21,Monday,0,1,4.82,11.92,1.85,11.77,22.79,1977,1.96,1011,15476.74,4.3,70.01,10.44
1,2016-04-25,22,Monday,0,1,5.14,12.45,1.93,12.1,23.54,897,1.24,724,11488.86,4.3,70.01,10.78
1,2016-04-25,23,Monday,0,1,5.13,12.27,1.89,11.37,24.6,653,1.23,533,8359.99,4.3,69.99,11.18
1,2016-04-26,2,Tuesday,0,2,5.16,12.02,1.41,10.95,26.76,152,1.26,121,1788.1,4.8,46.3,8.43
1,2016-04-26,4,Tuesday,0,2,6.92,15.02,1.77,12.51,30.07,129,1.21,107,1979.05,4.8,63.36,13.59
2,2016-04-26,5,Tuesday,0,2,6.28,13.47,1.91,10.76,31.61,370,2.24,165,2830.58,4.8,70.01,14.31
2,2016-04-26,6,Tuesday,0,2,5.09,12.01,1.66,10.61,25.77,1029,2.07,497,7365.48,3.3,70.01,12.68
2,2016-04-26,7,Tuesday,0,2,4.01,10.86,1.66,11.51,19.6,1747,1.97,885,11990.43,4.3,70.01,9.78
2,2016-04-26,8,Tuesday,0,2,3.85,11.67,1.69,13.71,15.97,1999,1.87,1069,15389.57,3.8,70.01,10.33
1,2016-04-26,9,Tuesday,0,2,3.62,11.78,1.68,14.3,14.25,944,1.13,836,12125.12,3.8,69.99,9.93
2,2016-04-26,11,Tuesday,0,2,3.98,12.12,1.68,14.41,15.33,1802,2.02,892,13267.97,4.3,70.01,10.59
2,2016-04-26,18,Tuesday,0,2,3.72,11.08,1.74,12.97,16.72,2556,1.98,1292,19138.7,4.8,59.8,8.6
2,2016-04-26,20,Tuesday,0,2,4.25,11.14,1.73,11.57,20.69,2703,2.02,1341,19216.45,4.3,70.01,8.97
1,2016-04-26,21,Tuesday,0,2,4.39,11.39,1.76,11.65,21.1,1309,1.26,1036,15126.79,4.8,63.34,8.61
2,2016-04-27,1,Wednesday,0,3,5.37,12.28,1.48,11.08,27.84,470,1.9,247,3745.84,4.8,47.21,8.52
2,2016-04-27,3,Wednesday,0,3,6.06,13.44,1.3,11.6,28.96,219,2.09,105,1694.5,4.8,67.56,11.24
1,2016-04-27,5,Wednesday,0,3,5.6,12.32,1.63,9.68,30.96,215,1.13,191,2979.31,4.8,69.99,12.0
1,2016-04-27,6,Wednesday,0,3,4.29,10.58,1.5,9.65,24.49,550,1.08,510,6721.3,4.3,70.0,9.88
1,2016-04-27,7,Wednesday,0,3,3.84,10.82,1.51,11.61,18.28,945,1.11,854,11348.21,3.8,70.01,9.32
1,2016-04-27,8,Wednesday,0,3,3.56,11.3,1.78,13.48,15.13,1058,1.14,928,13025.41,3.8,70.0,9.14
2,2016-04-27,10,Wednesday,0,3,4.04,12.67,1.79,15.45,15.14,1777,2.04,871,13534.76,3.8,70.61,10.46
1,2016-04-27,11,Wednesday,0,3,3.56,12.06,1.68,15.03,13.77,884,1.19,741,10953.99,3.8,69.99,9.3
2,2016-04-27,13,Wednesday,0,3,4.41,13.5,1.64,16.61,14.95,1793,2.03,884,14429.81,3.8,70.01,12.01
2,2016-04-27,14,Wednesday,0,3,4.39,13.1,1.72,15.77,14.9,1747,2.02,865,13845.07,3.8,70.01,12.39
2,2016-04-27,15,Wednesday,0,3,4.32,12.99,1.72,15.79,14.84,1714,1.99,860,13698.26,3.8,70.01,12.33
2,2016-04-27,16,Wednesday,0,3,4.15,12.42,1.84,14.99,15.69,1493,2.01,744,12162.77,4.3,62.81,11.17
1,2016-04-27,18,Wednesday,0,3,3.63,11.69,1.75,14.37,14.93,1307,1.21,1084,16731.0,5.3,71.84,9.29
1,2016-04-27,20,Wednesday,0,3,4.54,12.23,1.85,13.22,19.36,1320,1.24,1068,16627.82,4.3,70.0,10.42
2,2016-04-28,0,Thursday,0,4,5.35,12.54,1.68,11.87,24.9,1243,2.15,577,9014.88,4.3,63.36,10.45
1,2016-04-28,1,Thursday,0,4,5.32,12.41,1.63,11.17,25.96,373,1.28,292,4538.18,4.3,69.99,10.46
1,2016-04-28,3,Thursday,0,4,5.34,12.25,1.39,10.71,27.22,183,1.25,146,2197.19,4.8,58.34,9.29
1,2016-04-28,10,Thursday,0,4,3.91,12.31,1.57,14.86,14.91,910,1.17,777,11598.79,3.8,69.99,10.38
2,2016-04-28,12,Thursday,0,4,3.77,12.1,1.66,14.92,14.36,1854,1.96,948,14022.49,3.8,70.01,9.9
1,2016-04-28,13,Thursday,0,4,4.08,12.84,1.73,15.59,14.07,1007,1.22,826,12946.54,3.8,70.0,11.57
1,2016-04-28,14,Thursday,0,4,4.22,13.28,1.74,16.44,14.03,1090,1.23,889,14338.52,3.8,70.34,11.78
1,2016-04-28,15,Thursday,0,4,4.08,12.65,1.74,15.69,14.32,1069,1.22,878,13668.09,3.8,70.34,11.71
1,2016-04-28,16,Thursday,0,4,4.09,12.5,1.8,15.3,14.96,943,1.28,737,12083.46,4.8,62.15,11.06
2,2016-04-28,17,Thursday,0,4,3.66,11.62,1.74,14.45,15.05,2220,2.06,1078,16560.35,4.8,61.01,9.26
2,2016-04-28,19,Thursday,0,4,3.96,11.26,1.78,12.76,17.7,2685,1.95,1380,20668.2,4.8,64.01,8.84
2,2016-04-28,22,Thursday,0,4,5.06,12.88,1.98,13.38,21.2,2750,1.98,1390,22751.18,4.3,70.01,10.5
2,2016-04-28,23,Thursday,0,4,5.09,12.62,1.92,12.84,22.24,2149,2.05,1050,16833.43,4.3,70.01,10.32
2,2016-04-29,0,Friday,0,5,5.53,13.11,1.92,12.86,23.89,1552,2.0,776,12793.87,4.3,70.01,10.48
1,2016-04-29,1,Friday,0,5,5.22,12.44,1.75,11.95,24.23,545,1.25,437,6806.56,4.8,58.34,9.24
1,2016-04-29,3,Friday,0,5,5.48,12.71,1.67,11.68,26.31,222,1.22,182,2870.26,4.8,69.99,9.71
1,2016-04-29,10,Friday,0,5,4.16,12.48,1.66,14.44,15.79,794,1.17,678,10307.29,3.8,70.0,11.43
2,2016-04-29,12,Friday,0,5,4.1,12.16,1.56,14.29,15.85,1798,1.91,942,13945.63,3.8,70.01,10.96
1,2016-04-29,13,Friday,0,5,4.11,12.14,1.53,14.04,15.97,1063,1.26,845,12473.69,3.8,70.0,10.85
1,2016-04-29,14,Friday,0,5,4.23,12.52,1.6,14.92,15.25,1183,1.28,927,14067.01,4.3,70.0,11.7
1,2016-04-29,15,Friday,0,5,4.15,12.54,1.6,15.14,14.85,1089,1.25,869,13322.03,4.3,69.99,11.59
1,2016-04-29,16,Friday,0,5,3.64,11.54,1.57,14.13,15.09,918,1.28,720,10880.84,4.8,57.89,9.56
2,2016-04-29,17,Friday,0,5,3.9,11.91,1.66,14.6,15.51,2216,2.02,1099,17147.84,4.8,60.36,9.76
2,2016-04-29,19,Friday,0,5,3.7,11.1,1.66,13.11,16.17,3104,1.95,1589,23341.93,4.8,59.8,8.47
2,2016-04-29,22,Friday,0,5,4.32,12.28,1.8,14.46,17.42,2877,2.08,1381,21479.83,4.8,70.01,9.78
2,2016-04-29,23,Friday,0,5,4.98,13.22,1.83,14.88,19.16,2248,1.97,1142,18816.34,4.3,70.01,9.74
2,2016-04-30,1,Saturday,1,6,5.12,12.58,1.72,12.75,22.39,1843,2.06,894,14047.61,4.3,70.01,9.47
2,2016-04-30,3,Saturday,1,6,5.24,12.39,1.6,11.66,24.89,1282,2.26,567,8709.06,4.8,59.12,8.91
1,2016-04-30,5,Saturday,1,6,6.58,14.21,1.62,11.05,31.23,197,1.21,163,2850.29,4.3,69.99,13.96
1,2016-04-30,6,Saturday,1,6,4.92,11.35,1.34,8.99,29.47,232,1.12,208,2863.39,4.3,66.34,11.2
1,2016-04-30,7,Saturday,1,6,5.21,12.02,1.48,9.93,27.39,339,1.15,296,4332.49,3.8,69.99,12.52
1,2016-04-30,8,Saturday,1,6,4.49,11.1,1.4,9.9,24.2,533,1.2,445,6020.74,3.8,69.99,10.31
2,2016-04-30,10,Saturday,1,6,4.1,10.89,1.39,10.95,20.89,1871,2.02,924,12298.17,3.8,70.01,9.57
1,2016-04-30,11,Saturday,1,6,3.83,10.78,1.36,11.53,18.83,1087,1.32,824,10780.56,3.8,68.34,8.88
2,2016-04-30,13,Saturday,1,6,4.22,11.81,1.5,13.05,18.23,2197,2.02,1088,15620.49,3.8,70.01,10.47
2,2016-04-30,14,Saturday,1,6,4.28,11.86,1.4,13.27,17.82,2133,2.07,1028,14680.45,3.8,70.01,10.67
2,2016-04-30,15,Saturday,1,6,4.2,11.88,1.41,13.56,17.61,2188,2.16,1015,14509.38,3.8,70.01,10.3
2,2016-04-30,16,Saturday,1,6,3.75,11.02,1.37,12.67,17.64,1907,2.05,928,12381.69,3.8,70.01,9.27
1,2016-04-30,18,Saturday,1,6,3.7,11.48,1.41,14.09,15.49,1582,1.43,1107,15290.39,3.8,69.99,8.45
1,2016-04-30,20,Saturday,1,6,4.16,11.87,1.6,13.67,17.39,1581,1.45,1087,16184.92,4.3,69.99,9.1
1,2016-05-01,0,Sunday,1,7,4.55,12.02,1.65,13.05,19.89,1531,1.45,1058,15930.22,3.8,58.34,8.2
2,2016-05-01,2,Sunday,1,7,4.73,11.57,1.69,11.39,23.64,1915,2.01,951,13909.68,4.3,59.16,7.96
2,2016-05-01,4,Sunday,1,7,5.92,13.4,1.38,12.25,27.3,867,2.16,402,6479.11,4.3,63.84,9.37
2,2016-05-01,9,Sunday,1,7,4.43,11.27,1.44,10.81,22.49,1325,1.97,674,9272.93,3.8,70.01,11.15
1,2016-05-01,12,Sunday,1,7,3.97,10.85,1.42,11.46,19.06,1351,1.37,984,13096.37,3.8,70.0,10.41
1,2016-05-01,17,Sunday,1,7,4.36,11.53,1.54,12.33,19.05,1160,1.35,857,12178.23,3.8,70.34,11.1
1,2016-05-01,19,Sunday,1,7,4.26,11.23,1.38,11.75,19.77,1044,1.34,779,10671.43,3.8,64.34,9.64
2,2016-05-01,21,Sunday,1,7,5.52,12.92,1.78,12.02,24.23,1559,2.01,776,12673.99,4.3,70.01,13.37
1,2016-05-01,22,Sunday,1,7,5.87,13.37,1.87,11.94,25.91,739,1.27,583,9821.13,4.3,69.99,12.58
1,2016-05-01,23,Sunday,1,7,6.34,14.1,1.97,12.15,27.22,590,1.27,465,8238.74,4.8,70.01,13.47
1,2016-05-02,2,Monday,0,1,5.26,11.98,1.35,10.09,28.4,132,1.19,111,1628.86,5.3,53.84,8.76
2,2016-05-02,5,Monday,0,1,6.63,13.9,1.91,10.26,32.83,366,1.96,187,3331.78,4.3,70.01,14.72
1,2016-05-02,4,Monday,0,1,6.57,14.06,1.07,11.05,32.76,127,1.14,111,1873.98,4.8,52.8,11.3
2,2016-05-02,6,Monday,0,1,5.3,12.18,1.81,10.81,26.69,1011,2.01,502,7665.99,4.3,70.01,13.46
2,2016-05-02,7,Monday,0,1,4.18,11.26,1.69,11.96,19.79,1902,2.03,938,13131.73,3.8,70.01,10.25
2,2016-05-02,8,Monday,0,1,4.14,12.22,1.85,14.55,16.3,2095,1.9,1105,16720.52,3.8,70.01,10.89
1,2016-05-02,9,Monday,0,1,3.77,11.77,1.75,14.15,14.93,1032,1.12,925,13521.95,3.8,69.99,10.5
2,2016-05-02,11,Monday,0,1,4.2,12.7,1.69,15.28,15.31,1744,2.01,867,13427.27,3.8,70.01,10.77
2,2016-05-02,18,Monday,0,1,3.85,11.37,1.73,13.28,16.72,2618,2.08,1260,18986.34,4.8,62.21,8.91
2,2016-05-02,20,Monday,0,1,4.35,11.11,1.67,11.16,21.34,2225,2.03,1098,15685.29,4.8,70.01,9.49
1,2016-05-02,21,Monday,0,1,4.75,11.99,1.79,11.95,21.98,1127,1.26,896,13679.84,4.3,69.99,10.01
1,2016-05-03,2,Tuesday,0,2,4.81,11.41,1.43,10.38,24.92,229,1.25,183,2598.94,4.8,56.8,9.49
1,2016-05-03,4,Tuesday,0,2,7.06,15.01,1.32,12.78,30.05,131,1.17,112,1995.75,4.8,52.85,11.9
2,2016-05-03,5,Tuesday,0,2,5.77,12.77,1.87,10.73,27.91,383,2.02,190,3107.53,4.8,70.01,14.56
2,2016-05-03,6,Tuesday,0,2,4.19,10.34,1.42,9.63,23.86,1181,1.96,602,7693.17,3.8,70.01,10.33
2,2016-05-03,7,Tuesday,0,2,3.65,10.63,1.58,12.27,17.45,2028,1.96,1037,13646.32,3.8,70.61,8.68
2,2016-05-03,8,Tuesday,0,2,3.48,11.38,1.7,14.46,14.01,2503,2.01,1248,17490.5,3.8,70.01,9.33
1,2016-05-03,9,Tuesday,0,2,3.57,12.08,1.78,15.63,13.32,1085,1.13,962,14282.8,3.3,68.34,9.83
2,2016-05-03,11,Tuesday,0,2,3.59,12.87,1.64,17.33,12.19,2097,1.97,1062,16480.87,3.8,70.01,10.07
2,2016-05-03,18,Tuesday,0,2,3.79,11.64,1.79,14.18,15.41,2638,2.02,1306,20116.6,4.8,61.01,8.81
2,2016-05-03,20,Tuesday,0,2,4.34,11.6,1.78,12.58,19.29,2413,1.9,1267,18797.7,4.3,70.01,9.56
1,2016-05-03,21,Tuesday,0,2,4.69,12.27,1.9,12.95,20.15,1379,1.24,1116,17458.59,4.3,69.99,10.06
1,2016-05-04,0,Wednesday,0,3,5.75,13.36,1.84,12.87,24.88,525,1.2,437,7308.48,3.8,69.99,10.86
2,2016-05-04,2,Wednesday,0,3,4.97,11.73,1.56,10.61,26.52,330,1.86,177,2582.9,4.8,63.36,8.28
2,2016-05-04,4,Wednesday,0,3,5.6,12.42,1.38,10.2,29.38,196,1.92,102,1567.25,4.3,52.8,10.91
2,2016-05-04,9,Wednesday,0,3,3.8,12.32,1.79,15.43,14.26,2163,1.98,1095,16587.36,3.8,70.01,10.08
1,2016-05-04,12,Wednesday,0,3,3.96,13.06,1.77,16.54,13.26,1005,1.18,851,13616.81,3.8,69.99,11.53
1,2016-05-04,17,Wednesday,0,3,3.46,11.95,1.75,15.86,13.11,1121,1.24,901,14139.38,4.8,70.59,9.99
1,2016-05-04,19,Wednesday,0,3,3.61,10.97,1.7,13.25,15.52,1362,1.18,1154,16849.19,4.8,56.34,8.19
2,2016-05-04,21,Wednesday,0,3,4.78,12.21,1.91,12.8,20.65,2623,2.02,1301,20370.53,4.8,70.01,10.53
1,2016-05-04,22,Wednesday,0,3,4.92,12.48,1.99,12.9,21.19,1370,1.24,1107,17675.32,4.8,69.99,10.57
1,2016-05-04,23,Wednesday,0,3,5.23,12.94,1.89,13.06,22.28,1004,1.28,786,12864.99,4.3,69.99,10.78
1,2016-05-05,2,Thursday,0,4,5.06,11.93,1.4,10.93,25.93,290,1.29,225,3292.13,4.8,59.3,8.52
1,2016-05-05,4,Thursday,0,4,6.23,13.74,1.52,10.75,31.16,171,1.27,135,2278.8,4.3,69.99,12.28
2,2016-05-05,5,Thursday,0,4,6.22,13.52,1.73,10.16,31.55,403,1.99,203,3481.7,4.8,70.01,14.47
2,2016-05-05,6,Thursday,0,4,4.5,10.88,1.43,9.72,25.48,1063,1.93,552,7404.14,4.3,70.01,11.07
2,2016-05-05,7,Thursday,0,4,3.9,10.96,1.57,12.05,18.59,2083,2.0,1041,14099.62,3.8,70.01,9.83
2,2016-05-05,8,Thursday,0,4,3.7,11.68,1.71,14.31,15.18,2334,1.98,1177,16918.78,3.8,70.01,9.5
1,2016-05-05,9,Thursday,0,4,3.77,12.27,1.73,15.44,13.74,1040,1.12,930,13954.26,3.3,70.0,10.5
2,2016-05-05,11,Thursday,0,4,3.94,12.7,1.69,16.05,13.86,2099,2.02,1039,16051.38,3.8,70.01,10.35
2,2016-05-05,18,Thursday,0,4,3.78,12.06,1.83,15.31,14.43,2699,2.03,1332,21105.38,4.8,65.81,9.32
2,2016-05-05,20,Thursday,0,4,4.38,12.02,1.78,13.56,18.1,2708,2.01,1346,20577.05,4.3,70.01,9.79
1,2016-05-05,21,Thursday,0,4,4.66,12.68,1.97,14.24,18.37,1565,1.29,1213,19511.88,4.8,69.99,10.43
1,2016-05-06,2,Friday,0,5,5.26,12.55,1.56,12.12,24.47,521,1.22,427,6597.22,4.3,51.3,9.04
1,2016-05-06,4,Friday,0,5,6.83,14.91,1.9,13.01,28.65,297,1.27,233,4306.66,4.3,69.99,12.35
2,2016-05-06,5,Friday,0,5,6.48,13.97,2.03,11.36,29.45,431,2.0,215,3819.98,4.8,70.01,15.9
2,2016-05-06,6,Friday,0,5,4.41,10.8,1.55,10.39,23.55,1041,1.81,576,7757.99,3.8,70.01,10.96
2,2016-05-06,7,Friday,0,5,3.82,10.93,1.62,12.43,17.61,2056,2.01,1024,13874.6,3.8,70.01,9.62
2,2016-05-06,8,Friday,0,5,3.49,11.6,1.71,14.8,13.65,2479,2.02,1227,17541.6,4.3,70.01,9.64
1,2016-05-06,9,Friday,0,5,3.22,11.78,1.65,15.63,12.37,1014,1.13,898,12923.18,3.8,69.99,9.12
2,2016-05-06,11,Friday,0,5,3.81,12.77,1.62,16.67,13.18,1944,1.96,994,15314.97,4.3,70.01,10.19
2,2016-05-06,18,Friday,0,5,3.86,11.88,1.78,14.59,15.27,2684,2.02,1332,20863.22,4.8,61.01,9.04
2,2016-05-06,20,Friday,0,5,4.12,11.44,1.76,12.75,17.96,2318,1.98,1171,17207.03,4.3,70.01,9.8
1,2016-05-06,21,Friday,0,5,4.38,12.16,1.72,13.45,17.98,1493,1.36,1095,16857.15,4.3,70.34,10.6
1,2016-05-07,0,Saturday,1,6,5.35,13.47,1.9,14.3,21.28,1374,1.35,1016,17136.49,4.8,63.34,10.79
2,2016-05-07,2,Saturday,1,6,4.7,11.62,1.53,11.47,23.13,1559,2.04,763,11093.22,4.3,61.56,8.42
2,2016-05-07,4,Saturday,1,6,5.61,12.81,1.38,11.86,27.01,746,2.19,341,5340.79,4.3,70.01,9.63
2,2016-05-07,9,Saturday,1,6,4.25,10.91,1.43,10.66,21.92,1671,1.99,841,11214.21,3.8,70.01,10.21
1,2016-05-07,12,Saturday,1,6,3.82,11.07,1.4,12.38,17.58,1367,1.34,1023,13752.73,3.8,69.99,9.26
1,2016-05-07,17,Saturday,1,6,3.96,11.57,1.47,13.5,16.82,1421,1.42,1004,14114.91,3.8,70.0,9.06
1,2016-05-07,19,Saturday,1,6,3.63,11.21,1.41,13.32,16.15,1760,1.45,1214,16547.62,3.8,69.99,8.42
2,2016-05-07,21,Saturday,1,6,3.94,11.14,1.43,12.45,18.37,2156,2.01,1070,14924.44,4.3,70.01,8.29
1,2016-05-07,22,Saturday,1,6,4.21,11.83,1.5,13.44,18.2,1640,1.47,1113,16383.03,4.3,69.99,8.39
1,2016-05-07,23,Saturday,1,6,4.16,11.7,1.54,13.08,18.44,1670,1.44,1158,16898.31,4.8,68.34,8.6
1,2016-05-08,2,Sunday,1,7,4.85,12.1,1.64,12.08,22.89,1033,1.41,735,11103.2,4.3,55.3,8.34
1,2016-05-08,4,Sunday,1,7,5.92,13.46,1.58,11.95,26.97,466,1.29,361,5933.14,4.3,69.99,10.39
2,2016-05-08,5,Sunday,1,7,7.11,15.28,1.26,11.75,32.7,301,1.88,160,2915.33,4.8,70.01,12.45
2,2016-05-08,6,Sunday,1,7,7.06,15.02,1.42,10.82,34.65,345,2.03,170,2996.76,4.3,70.01,14.8
2,2016-05-08,7,Sunday,1,7,5.16,11.63,1.36,9.18,28.9,533,1.83,292,4110.06,3.8,70.01,12.19
2,2016-05-08,8,Sunday,1,7,4.86,11.34,1.41,9.63,26.63,886,1.98,448,6218.92,3.8,67.34,11.17
1,2016-05-08,9,Sunday,1,7,4.23,10.49,1.38,9.36,24.23,740,1.3,569,7326.01,3.8,69.99,9.9
2,2016-05-08,11,Sunday,1,7,4.29,11.09,1.46,11.09,21.36,2190,2.04,1075,14556.9,3.8,70.01,9.87
2,2016-05-08,18,Sunday,1,7,4.81,12.51,1.61,13.74,19.3,2228,2.05,1089,16573.64,3.8,70.01,12.11
2,2016-05-08,20,Sunday,1,7,5.07,12.63,1.73,13.47,20.68,1814,1.99,911,14550.01,4.8,70.01,11.88
1,2016-05-08,21,Sunday,1,7,4.78,12.18,1.75,12.81,20.92,985,1.34,737,11417.12,4.8,69.99,10.85
2,2016-05-09,1,Monday,0,1,6.87,14.66,1.53,12.56,30.24,437,2.1,208,3660.27,4.3,58.34,10.43
2,2016-05-09,3,Monday,0,1,6.55,14.15,1.32,12.21,29.83,188,2.24,84,1426.09,4.3,55.56,11.87
1,2016-05-09,5,Monday,0,1,6.83,14.32,2.2,10.77,33.51,228,1.11,206,3793.58,4.3,69.99,15.19
1,2016-05-09,6,Monday,0,1,5.03,11.94,1.62,10.82,25.06,542,1.09,499,7363.73,3.8,70.0,13.02
1,2016-05-09,7,Monday,0,1,4.19,11.65,1.59,12.95,18.53,899,1.16,776,11068.89,3.8,70.0,10.73
1,2016-05-09,8,Monday,0,1,4.17,12.7,1.83,15.55,14.99,971,1.12,869,13592.21,3.8,70.0,11.66
2,2016-05-09,10,Monday,0,1,4.45,12.95,1.72,15.32,16.33,1354,1.89,716,11324.08,3.8,70.01,11.66
1,2016-05-09,11,Monday,0,1,4.01,12.34,1.68,14.94,15.04,842,1.2,702,10600.08,3.8,69.99,10.96
2,2016-05-09,13,Monday,0,1,4.3,12.28,1.52,14.01,16.84,1776,2.09,851,12718.5,3.8,70.01,11.59
2,2016-05-09,14,Monday,0,1,4.61,13.13,1.67,15.45,16.15,1949,2.08,935,14958.26,3.8,70.01,12.85
2,2016-05-09,15,Monday,0,1,4.03,12.2,1.58,15.15,15.24,1876,2.09,899,13418.25,3.8,70.01,10.81
2,2016-05-09,16,Monday,0,1,3.65,11.17,1.65,13.55,15.94,1700,2.08,819,12178.56,5.3,66.96,10.1
1,2016-05-09,18,Monday,0,1,3.58,10.97,1.64,12.9,16.19,1364,1.23,1113,16207.35,5.3,60.39,8.11
1,2016-05-09,20,Monday,0,1,4.57,11.65,1.68,11.69,21.52,1098,1.21,909,13480.04,4.8,69.99,10.01
2,2016-05-10,1,Tuesday,0,2,5.21,11.97,1.47,10.82,27.36,508,2.02,252,3737.37,4.3,63.36,8.39
2,2016-05-10,3,Tuesday,0,2,5.65,12.63,1.35,11.02,28.65,174,1.74,100,1541.36,4.8,49.8,10.16
1,2016-05-10,5,Tuesday,0,2,5.13,11.86,1.49,9.4,28.91,238,1.05,227,3389.51,4.3,69.99,12.18
1,2016-05-10,6,Tuesday,0,2,4.54,11.04,1.58,10.06,24.75,482,1.06,453,6219.03,4.3,70.0,10.58
1,2016-05-10,7,Tuesday,0,2,3.89,11.02,1.62,12.12,18.05,915,1.12,817,11143.95,3.8,71.2,9.58
1,2016-05-10,8,Tuesday,0,2,3.6,11.77,1.72,14.77,13.93,1121,1.16,969,13979.89,4.3,69.39,8.99
2,2016-05-10,10,Tuesday,0,2,3.92,12.73,1.73,16.13,14.17,1881,2.11,891,13843.77,4.3,70.01,10.56
1,2016-05-10,11,Tuesday,0,2,3.63,12.47,1.65,16.09,12.81,939,1.2,784,11854.92,3.8,69.99,9.97
2,2016-05-10,13,Tuesday,0,2,4.31,13.04,1.81,15.64,15.24,1868,1.98,944,15130.41,3.8,70.01,11.98
2,2016-05-10,14,Tuesday,0,2,4.14,12.69,1.63,15.72,14.27,2071,1.99,1043,16063.95,3.8,70.01,11.48
2,2016-05-10,15,Tuesday,0,2,4.02,12.58,1.74,15.7,14.24,1941,2.02,959,14828.93,3.8,70.34,11.66
2,2016-05-10,16,Tuesday,0,2,3.93,12.06,1.74,14.86,15.09,1694,1.95,867,13768.18,4.8,67.01,10.79
1,2016-05-10,18,Tuesday,0,2,3.53,11.32,1.73,13.95,15.05,1392,1.22,1144,17164.59,4.8,59.19,8.25
1,2016-05-10,20,Tuesday,0,2,4.37,11.6,1.84,12.21,19.76,1202,1.19,1009,15071.01,4.3,69.99,9.81
2,2016-05-11,1,Wednesday,0,3,5.12,11.82,1.48,10.63,26.85,571,2.09,273,4014.96,4.8,58.34,8.98
2,2016-05-11,3,Wednesday,0,3,6.66,14.3,1.58,12.12,31.32,214,1.96,109,1882.6,4.8,70.01,10.57
1,2016-05-11,5,Wednesday,0,3,5.22,11.75,1.75,9.21,29.65,204,1.08,189,2872.02,3.8,69.99,12.68
1,2016-05-11,6,Wednesday,0,3,4.18,10.45,1.41,9.33,24.29,529,1.1,480,6204.42,3.8,69.99,10.76
1,2016-05-11,7,Wednesday,0,3,3.83,10.92,1.67,12.16,17.93,1024,1.12,917,12446.37,4.3,69.99,9.49
1,2016-05-11,8,Wednesday,0,3,3.51,11.56,1.76,14.36,14.28,1097,1.14,964,13755.98,3.8,69.99,9.01
2,2016-05-11,10,Wednesday,0,3,3.82,12.68,1.82,16.28,13.49,1826,1.96,933,14482.83,3.8,70.01,10.22
1,2016-05-11,11,Wednesday,0,3,4.06,13.45,1.72,17.28,13.11,983,1.21,814,13259.66,3.8,69.99,11.42
2,2016-05-11,13,Wednesday,0,3,4.1,13.15,1.75,16.7,13.84,1814,1.92,944,15078.34,3.8,70.01,11.16
2,2016-05-11,14,Wednesday,0,3,4.18,13.31,1.77,17.02,13.43,1821,1.98,921,14925.69,3.8,70.01,11.43
2,2016-05-11,15,Wednesday,0,3,3.84,12.87,1.62,16.81,13.02,1853,1.99,932,14490.73,3.8,70.01,10.65
2,2016-05-11,16,Wednesday,0,3,4.04,12.88,1.83,16.54,14.23,1612,2.0,808,13572.6,5.3,68.81,11.43
1,2016-05-11,18,Wednesday,0,3,3.44,11.82,1.73,15.28,13.8,1200,1.21,989,15311.62,4.8,66.4,9.05
1,2016-05-11,20,Wednesday,0,3,4.35,11.94,1.84,13.25,18.32,1407,1.21,1167,17879.31,4.3,69.99,9.84
2,2016-05-12,1,Thursday,0,4,5.11,11.94,1.7,11.07,26.25,716,2.06,347,5210.3,4.8,66.34,9.66
2,2016-05-12,3,Thursday,0,4,6.01,13.26,1.58,11.59,29.1,268,2.05,131,2139.11,4.3,49.56,10.07
1,2016-05-12,5,Thursday,0,4,5.73,12.73,1.84,9.99,30.01,226,1.06,214,3527.71,4.3,69.99,13.4
1,2016-05-12,6,Thursday,0,4,4.22,10.52,1.51,9.58,23.85,537,1.08,498,6518.37,3.8,69.99,10.36
1,2016-05-12,7,Thursday,0,4,4.01,11.34,1.71,12.71,18.23,971,1.1,885,12462.35,3.8,69.99,9.53
1,2016-05-12,8,Thursday,0,4,3.43,11.49,1.74,14.46,13.84,1117,1.12,997,14088.32,3.8,58.59,8.3
2,2016-05-12,10,Thursday,0,4,3.99,13.15,1.89,16.88,13.56,1751,1.98,884,14289.58,3.8,70.01,11.27
1,2016-05-12,11,Thursday,0,4,4.24,14.21,1.94,18.57,12.99,1044,1.21,866,14968.73,4.3,69.99,11.54
2,2016-05-12,13,Thursday,0,4,4.24,13.81,1.88,17.85,13.25,1959,2.04,958,16056.58,3.8,70.01,12.04
2,2016-05-12,14,Thursday,0,4,3.89,13.26,1.78,17.3,12.78,2027,2.05,988,15958.85,3.8,70.01,11.81
2,2016-05-12,15,Thursday,0,4,3.7,13.11,1.73,17.64,12.13,1962,2.08,942,14963.65,3.8,70.01,10.87
2,2016-05-12,16,Thursday,0,4,3.76,12.76,1.82,17.13,12.95,1414,1.91,740,12340.05,4.8,66.41,11.45
1,2016-05-12,18,Thursday,0,4,3.48,11.8,1.68,15.31,13.6,1351,1.23,1099,16942.44,4.3,63.95,8.93
1,2016-05-12,20,Thursday,0,4,4.21,12.03,1.84,14.13,16.87,1411,1.22,1152,17677.07,4.3,70.0,9.41
2,2016-05-13,1,Friday,0,5,5.24,12.41,1.59,12.01,24.56,1121,2.08,539,8306.71,4.3,70.01,9.27
2,2016-05-13,3,Friday,0,5,5.31,12.11,1.46,10.48,27.76,385,2.04,189,2831.66,4.3,63.34,10.37
1,2016-05-13,5,Friday,0,5,6.26,13.62,1.98,10.52,31.24,245,1.09,225,3937.91,4.3,70.55,15.26
1,2016-05-13,6,Friday,0,5,5.1,11.97,1.71,10.7,25.53,470,1.08,434,6457.92,3.8,69.99,11.96
1,2016-05-13,7,Friday,0,5,3.56,10.42,1.47,11.54,17.68,930,1.12,832,10688.46,3.8,63.3,8.63
1,2016-05-13,8,Friday,0,5,3.69,11.86,1.76,14.76,14.19,1031,1.13,916,13362.19,3.8,69.99,9.32
2,2016-05-13,10,Friday,0,5,4.05,12.87,1.78,16.22,14.2,1903,2.06,923,14507.63,3.8,70.01,10.89
1,2016-05-13,11,Friday,0,5,3.84,13.16,1.79,16.89,12.88,966,1.21,800,12820.67,3.8,69.99,11.2
2,2016-05-13,13,Friday,0,5,4.38,14.36,1.88,18.61,13.95,1695,1.96,865,15060.86,3.8,70.01,12.3
2,2016-05-13,14,Friday,0,5,4.05,14.25,1.92,19.51,12.43,1795,1.98,908,15695.92,3.8,70.01,11.87
2,2016-05-13,15,Friday,0,5,3.54,13.53,1.66,19.44,11.09,1467,1.99,737,11972.93,3.3,62.81,10.59
2,2016-05-13,16,Friday,0,5,2.97,11.7,1.58,16.43,11.95,1195,1.85,647,9793.73,3.8,56.81,9.17
1,2016-05-13,18,Friday,0,5,3.29,11.78,1.73,15.87,12.89,1179,1.25,943,14530.23,4.8,60.3,8.77
1,2016-05-13,20,Friday,0,5,4.08,11.7,1.75,13.56,16.87,1391,1.32,1057,15790.3,3.8,69.99,10.01
2,2016-05-14,1,Saturday,1,6,4.86,12.08,1.7,12.41,22.29,1941,2.06,943,14306.97,4.3,59.16,8.7
2,2016-05-14,3,Saturday,1,6,5.14,12.06,1.56,11.33,25.21,1215,2.03,599,8970.46,4.3,58.56,8.61
1,2016-05-14,5,Saturday,1,6,7.19,15.42,1.65,11.81,32.28,252,1.22,207,3886.95,4.3,69.99,15.16
1,2016-05-14,6,Saturday,1,6,5.81,12.87,1.37,10.3,29.96,254,1.12,227,3503.2,3.8,69.99,12.46
1,2016-05-14,7,Saturday,1,6,4.96,11.75,1.41,9.84,26.83,353,1.11,317,4502.73,3.8,69.99,12.16
1,2016-05-14,8,Saturday,1,6,4.51,11.44,1.44,10.8,22.81,611,1.17,523,7310.47,3.8,69.99,10.58
2,2016-05-14,10,Saturday,1,6,4.17,11.43,1.47,12.33,19.35,2001,2.05,976,13544.91,3.8,70.01,9.7
1,2016-05-14,11,Saturday,1,6,4.04,11.52,1.45,12.84,17.75,1215,1.32,919,12813.12,3.8,69.99,9.62
2,2016-05-14,13,Saturday,1,6,3.91,11.76,1.41,14.02,16.41,2292,2.01,1140,16057.34,3.8,70.01,9.27
2,2016-05-14,14,Saturday,1,6,3.66,11.41,1.41,13.84,15.82,2063,2.0,1033,14208.35,3.8,68.34,9.02
2,2016-05-14,15,Saturday,1,6,3.93,11.79,1.52,14.11,16.3,2040,1.97,1033,14739.59,3.8,70.01,9.84
2,2016-05-14,16,Saturday,1,6,3.84,11.58,1.41,13.91,16.39,1799,2.07,867,12058.69,3.8,70.01,9.09
1,2016-05-14,18,Saturday,1,6,3.7,11.88,1.5,14.76,15.07,1673,1.44,1159,16625.07,3.8,69.99,8.83
1,2016-05-14,20,Saturday,1,6,3.77,11.45,1.46,13.74,16.2,1551,1.45,1066,15215.47,4.3,69.99,8.54
2,2016-05-15,1,Sunday,1,7,4.5,11.67,1.66,12.17,21.31,2311,2.09,1106,16212.12,4.3,63.36,8.07
2,2016-05-15,3,Sunday,1,7,5.17,12.25,1.55,11.75,24.54,1422,2.12,672,10197.73,4.8,57.36,8.86
1,2016-05-15,5,Sunday,1,7,7.54,15.92,1.79,12.23,32.12,229,1.27,180,3492.77,3.8,70.34,15.57
1,2016-05-15,6,Sunday,1,7,6.75,14.58,1.43,11.18,31.61,246,1.26,196,3391.74,4.3,70.0,14.08
1,2016-05-15,7,Sunday,1,7,5.49,12.41,1.49,9.9,28.86,309,1.16,267,3991.28,3.8,69.99,12.27
1,2016-05-15,8,Sunday,1,7,4.51,10.93,1.47,9.32,25.9,462,1.27,365,4922.19,3.8,69.99,10.88
2,2016-05-15,10,Sunday,1,7,4.46,11.26,1.47,10.9,22.52,1941,2.08,932,12832.21,3.8,70.01,10.08
1,2016-05-15,11,Sunday,1,7,4.02,10.99,1.49,11.65,19.12,1347,1.36,991,13336.46,3.8,69.99,9.4
2,2016-05-15,13,Sunday,1,7,4.43,12.08,1.56,13.54,18.4,2352,2.01,1169,17178.3,4.3,71.21,10.61
2,2016-05-15,14,Sunday,1,7,4.26,12.12,1.56,14.03,17.37,2318,2.0,1157,17045.21,3.8,70.01,10.95
2,2016-05-15,15,Sunday,1,7,4.27,11.98,1.59,14.06,17.42,2033,2.07,981,14319.23,3.8,70.01,10.6
2,2016-05-15,16,Sunday,1,7,4.65,12.69,1.63,14.56,18.15,1904,2.06,925,14251.59,3.8,70.01,11.93
1,2016-05-15,18,Sunday,1,7,3.95,11.62,1.55,13.53,16.76,1143,1.35,844,11997.89,3.8,63.35,9.94
1,2016-05-15,20,Sunday,1,7,4.44,11.6,1.68,12.31,19.84,1035,1.31,789,11652.5,4.3,69.99,10.13
2,2016-05-16,1,Monday,0,1,6.65,14.71,1.68,12.16,29.91,438,1.96,223,3997.04,4.8,71.21,13.19
2,2016-05-16,3,Monday,0,1,5.98,12.91,1.4,10.83,31.57,155,1.94,80,1271.07,4.8,43.84,9.91
1,2016-05-16,5,Monday,0,1,6.81,14.59,2.22,10.85,32.54,236,1.09,217,4082.08,4.8,69.99,15.98
1,2016-05-16,6,Monday,0,1,4.14,10.33,1.41,9.39,24.63,528,1.08,488,6245.56,3.8,69.99,9.89
1,2016-05-16,7,Monday,0,1,3.87,10.87,1.53,11.57,19.03,887,1.13,788,10575.32,3.8,69.99,9.38
1,2016-05-16,8,Monday,0,1,3.8,11.7,1.67,14.08,15.4,1134,1.17,973,14000.21,3.8,69.99,9.75
2,2016-05-16,10,Monday,0,1,4.26,12.98,1.83,15.8,15.18,1807,2.08,869,13901.15,3.8,70.01,11.39
1,2016-05-16,11,Monday,0,1,4.26,13.23,1.67,16.32,14.75,917,1.22,749,12034.15,3.3,69.99,11.36
2,2016-05-16,13,Monday,0,1,4.37,13.01,1.63,15.56,15.7,1768,2.03,871,13743.84,3.8,70.01,11.64
2,2016-05-16,14,Monday,0,1,4.6,13.29,1.75,15.84,15.74,2045,2.05,997,16150.35,3.8,70.01,12.56
2,2016-05-16,15,Monday,0,1,4.1,12.5,1.62,15.57,14.77,1860,2.02,920,14047.74,3.8,70.01,11.0
2,2016-05-16,16,Monday,0,1,4.2,12.48,1.78,15.2,15.8,1777,2.05,865,14234.26,4.8,63.41,11.02
1,2016-05-16,18,Monday,0,1,3.59,11.34,1.76,13.94,15.19,1257,1.22,1028,15423.82,5.3,59.75,8.4
1,2016-05-16,20,Monday,0,1,4.42,11.59,1.72,11.95,20.21,1323,1.25,1055,15654.27,4.8,69.99,10.03
2,2016-05-17,1,Tuesday,0,2,5.56,12.46,1.59,10.94,27.85,626,1.98,316,4901.86,4.8,55.61,9.46
2,2016-05-17,3,Tuesday,0,2,6.6,14.4,1.49,12.72,29.63,192,2.04,94,1626.4,4.8,55.84,11.19
1,2016-05-17,5,Tuesday,0,2,6.71,14.37,1.62,10.44,33.08,195,1.07,182,3183.36,4.3,69.99,14.23
1,2016-05-17,6,Tuesday,0,2,4.38,10.74,1.49,9.79,24.37,538,1.07,504,6694.01,4.3,69.99,10.1
1,2016-05-17,7,Tuesday,0,2,3.91,11.03,1.55,12.11,18.34,971,1.1,882,11962.94,4.3,69.99,9.38
1,2016-05-17,8,Tuesday,0,2,3.65,11.79,1.69,14.64,14.48,1143,1.14,999,14416.33,3.8,69.99,9.03
2,2016-05-17,10,Tuesday,0,2,4.31,13.84,1.96,17.62,13.82,1953,2.02,969,16432.46,4.3,68.34,11.74
1,2016-05-17,11,Tuesday,0,2,3.75,12.95,1.6,16.97,12.67,1004,1.22,824,12794.83,4.3,61.59,9.63
2,2016-05-17,13,Tuesday,0,2,4.45,13.92,1.69,17.39,14.35,1904,2.04,934,15635.64,3.8,70.01,12.0
2,2016-05-17,14,Tuesday,0,2,4.38,14.01,1.94,18.1,13.49,1951,1.94,1004,17201.21,3.8,70.01,12.51
2,2016-05-17,15,Tuesday,0,2,4.03,13.37,1.81,17.79,13.04,1895,2.02,937,15301.11,3.8,71.81,11.16
2,2016-05-17,16,Tuesday,0,2,3.96,12.99,1.81,17.2,13.36,1508,1.97,765,12955.09,5.3,64.61,11.03
1,2016-05-17,18,Tuesday,0,2,3.62,11.9,1.8,15.15,14.14,1382,1.26,1096,17192.77,4.8,65.75,9.07
1,2016-05-17,20,Tuesday,0,2,4.58,12.19,1.84,13.41,19.1,1311,1.21,1086,16918.27,4.3,69.99,9.82
2,2016-05-18,0,Wednesday,0,3,5.5,13.13,1.88,12.47,24.78,1325,2.1,631,10390.57,4.3,70.01,10.8
1,2016-05-18,1,Wednesday,0,3,5.36,12.47,1.55,11.32,27.02,370,1.19,312,4813.38,4.3,63.34,9.52
1,2016-05-18,3,Wednesday,0,3,6.01,13.47,1.66,11.96,27.51,173,1.31,132,2185.36,4.8,46.59,10.29
1,2016-05-18,10,Wednesday,0,3,3.91,12.95,1.81,16.34,13.71,908,1.16,782,12391.58,3.3,70.34,11.54
2,2016-05-18,12,Wednesday,0,3,4.17,14.02,1.75,18.13,13.33,1792,2.03,881,14895.36,3.8,70.01,11.52
1,2016-05-18,13,Wednesday,0,3,4.19,14.26,1.87,18.53,12.95,951,1.25,759,13099.91,3.8,68.34,12.09
1,2016-05-18,14,Wednesday,0,3,3.8,13.85,1.74,18.8,12.06,1015,1.24,819,13644.34,3.8,69.99,11.37
1,2016-05-18,15,Wednesday,0,3,3.52,14.02,1.72,19.69,10.91,815,1.29,633,10692.64,3.8,60.99,11.29
1,2016-05-18,16,Wednesday,0,3,3.36,13.13,1.87,18.36,11.64,619,1.24,501,8532.76,4.8,57.84,10.81
2,2016-05-18,17,Wednesday,0,3,3.86,14.01,2.0,19.62,12.5,1542,1.96,785,14125.54,4.8,66.41,11.17
2,2016-05-18,19,Wednesday,0,3,3.87,11.88,1.82,14.67,15.47,2456,1.99,1236,19388.65,4.8,61.61,9.18
2,2016-05-18,22,Wednesday,0,3,5.15,13.2,2.0,14.39,20.39,2615,2.0,1307,21786.39,4.3,68.34,10.47
2,2016-05-18,23,Wednesday,0,3,5.15,12.9,1.86,13.44,21.74,2036,2.0,1017,16460.95,4.3,70.01,10.17
2,2016-05-19,1,Thursday,0,4,5.4,12.43,1.66,11.48,26.77,876,2.22,394,6104.23,4.8,70.01,8.75
2,2016-05-19,3,Thursday,0,4,5.47,12.51,1.64,11.48,26.63,320,2.05,156,2421.39,4.8,52.01,9.44
1,2016-05-19,5,Thursday,0,4,6.17,13.71,1.91,10.16,30.89,250,1.09,229,3998.46,4.8,69.99,16.13
1,2016-05-19,6,Thursday,0,4,4.88,11.73,1.77,10.42,25.07,564,1.07,527,7761.22,3.8,70.01,12.76
1,2016-05-19,7,Thursday,0,4,4.02,11.38,1.67,12.71,17.83,1005,1.13,889,12495.83,3.8,69.99,10.09
1,2016-05-19,8,Thursday,0,4,3.67,11.68,1.77,14.3,14.39,1105,1.15,961,13877.1,3.8,69.99,9.81
2,2016-05-19,10,Thursday,0,4,4.2,13.35,1.89,17.06,14.03,1763,1.86,946,15461.77,3.8,71.21,11.39
1,2016-05-19,11,Thursday,0,4,4.2,13.49,1.89,17.06,13.55,962,1.19,809,13360.82,4.3,69.99,11.45
2,2016-05-19,13,Thursday,0,4,4.23,13.33,1.78,16.76,14.04,2101,2.07,1017,16543.69,3.8,70.01,11.95
2,2016-05-19,14,Thursday,0,4,4.05,13.48,1.67,17.85,12.87,2262,2.2,1030,16784.26,3.8,70.01,11.59
2,2016-05-19,15,Thursday,0,4,3.82,13.63,1.66,18.73,11.94,1844,2.14,861,14110.54,4.3,63.36,11.06
2,2016-05-19,16,Thursday,0,4,3.76,13.4,1.73,18.58,12.42,1267,1.89,672,11545.13,4.3,59.16,10.73
1,2016-05-19,18,Thursday,0,4,3.62,12.71,1.79,16.94,12.93,1298,1.25,1041,17138.16,4.8,62.79,9.69
1,2016-05-19,20,Thursday,0,4,4.49,12.41,1.85,14.27,17.41,1576,1.26,1254,19769.74,4.8,69.99,10.62
2,2016-05-20,0,Friday,0,5,5.18,13.01,1.82,13.8,21.7,1789,2.05,871,14149.34,4.3,70.01,10.35
1,2016-05-20,1,Friday,0,5,4.95,12.17,1.69,11.87,23.79,673,1.28,524,8005.49,4.3,64.55,9.35
1,2016-05-20,3,Friday,0,5,5.75,13.1,1.52,11.45,27.81,341,1.3,263,4233.02,4.3,63.35,10.46
1,2016-05-20,10,Friday,0,5,3.8,12.62,1.61,15.99,13.83,919,1.18,780,11840.8,3.8,63.39,9.45
2,2016-05-20,12,Friday,0,5,4.27,13.14,1.69,16.18,14.58,1832,1.98,926,14774.16,3.8,70.01,11.5
1,2016-05-20,13,Friday,0,5,4.25,13.02,1.69,15.86,14.65,1072,1.26,848,13484.53,3.8,70.34,12.21
1,2016-05-20,14,Friday,0,5,4.06,13.04,1.64,16.58,13.55,1152,1.3,886,13985.88,3.8,70.34,11.81
1,2016-05-20,15,Friday,0,5,3.72,12.75,1.49,17.09,12.79,1024,1.32,778,11923.42,3.8,69.99,10.24
1,2016-05-20,16,Friday,0,5,3.54,12.38,1.53,16.55,12.87,842,1.29,651,10291.72,4.8,57.99,9.43
2,2016-05-20,17,Friday,0,5,4.02,12.79,1.75,16.58,14.49,1812,1.91,947,15676.8,5.3,67.34,10.58
2,2016-05-20,19,Friday,0,5,3.92,11.4,1.7,13.26,17.0,2730,1.94,1404,21117.27,4.3,62.21,8.76
2,2016-05-20,22,Friday,0,5,4.43,12.44,1.62,14.57,17.92,2580,1.96,1315,20337.92,4.8,65.0,9.04
2,2016-05-20,23,Friday,0,5,5.03,13.94,1.88,16.46,18.06,2508,2.04,1227,21180.81,4.8,64.56,10.32
2,2016-05-21,0,Saturday,1,6,5.08,13.66,1.87,15.73,19.13,2269,2.01,1131,19162.41,4.3,70.01,10.34
1,2016-05-21,1,Saturday,1,6,4.91,12.82,1.77,14.15,20.38,1187,1.34,883,14076.79,4.56,62.15,9.49
1,2016-05-21,3,Saturday,1,6,5.6,13.28,1.76,12.95,24.18,784,1.39,566,9314.17,4.8,69.99,9.66
1,2016-05-21,10,Saturday,1,6,4.09,11.07,1.4,11.55,19.37,1072,1.35,793,10678.09,3.8,64.59,9.65
2,2016-05-21,12,Saturday,1,6,4.02,11.7,1.42,13.33,17.31,2427,2.09,1159,16386.52,3.3,70.01,10.26
1,2016-05-21,13,Saturday,1,6,4.03,12.16,1.46,14.38,16.06,1395,1.36,1026,14992.68,3.8,69.99,10.23
1,2016-05-21,14,Saturday,1,6,4.19,12.53,1.42,14.82,16.54,1335,1.4,956,14318.04,3.8,69.99,10.41
1,2016-05-21,15,Saturday,1,6,3.94,12.13,1.39,14.65,15.9,1349,1.46,924,13434.09,3.8,69.99,10.03
1,2016-05-21,16,Saturday,1,6,4.14,12.25,1.44,14.55,16.52,1326,1.47,899,13294.46,3.8,69.99,10.49
2,2016-05-21,17,Saturday,1,6,4.39,12.54,1.6,14.67,17.39,2143,2.0,1071,16264.82,3.8,70.01,10.79
2,2016-05-21,19,Saturday,1,6,3.73,11.85,1.43,14.8,15.1,3068,2.09,1470,20858.29,3.8,70.01,9.2
2,2016-05-21,22,Saturday,1,6,4.4,12.35,1.68,14.37,17.91,2621,2.08,1258,19422.4,4.3,70.01,9.26
2,2016-05-21,23,Saturday,1,6,4.57,12.67,1.72,14.87,18.16,2552,2.05,1247,19699.53,4.3,70.01,9.38
2,2016-05-22,0,Sunday,1,7,4.71,12.51,1.73,13.94,19.81,2277,2.04,1114,17407.15,3.8,70.01,9.13
1,2016-05-22,1,Sunday,1,7,4.75,12.14,1.6,12.82,21.14,1197,1.37,876,13201.71,3.8,54.8,8.52
1,2016-05-22,3,Sunday,1,7,5.37,12.7,1.54,11.98,24.89,779,1.37,569,8901.67,4.3,69.99,9.92
1,2016-05-22,10,Sunday,1,7,4.45,11.57,1.42,11.57,21.54,967,1.33,725,10156.01,3.8,69.99,10.31
2,2016-05-22,12,Sunday,1,7,4.91,12.67,1.54,13.28,19.93,2109,2.0,1053,16165.63,3.8,70.01,11.65
1,2016-05-22,13,Sunday,1,7,4.44,12.25,1.62,13.42,18.13,1240,1.32,942,14134.36,4.3,69.99,11.43
1,2016-05-22,14,Sunday,1,7,4.57,12.8,1.64,14.66,17.15,1315,1.39,945,14668.38,3.3,69.99,11.43
1,2016-05-22,15,Sunday,1,7,4.93,13.18,1.64,14.85,17.82,1275,1.42,899,14348.65,3.8,70.01,12.51
1,2016-05-22,16,Sunday,1,7,4.51,12.45,1.63,14.3,17.59,1107,1.39,795,12134.7,3.3,68.34,10.9
2,2016-05-22,17,Sunday,1,7,4.93,13.05,1.64,14.8,18.44,2032,1.98,1026,16249.54,4.3,70.01,12.32
2,2016-05-22,19,Sunday,1,7,4.71,12.35,1.67,13.43,19.33,1990,2.04,976,14754.92,3.8,70.01,11.57
2,2016-05-22,22,Sunday,1,7,5.62,12.96,1.86,12.22,25.09,1620,2.04,793,12980.04,4.3,70.01,11.36
2,2016-05-22,23,Sunday,1,7,6.2,13.78,1.97,11.88,27.95,1236,2.08,595,10360.17,4.3,70.01,12.79
2,2016-05-23,1,Monday,0,1,6.2,13.8,1.27,11.77,28.92,404,2.12,191,3154.27,4.8,58.34,10.44
2,2016-05-23,3,Monday,0,1,5.95,12.84,1.35,10.72,30.73,152,1.83,83,1296.37,4.3,52.56,10.14
1,2016-05-23,5,Monday,0,1,7.56,15.52,2.11,11.66,33.9,220,1.14,193,3793.95,4.8,69.99,15.66
1,2016-05-23,6,Monday,0,1,4.99,11.73,1.77,9.99,26.15,527,1.11,475,7026.64,3.8,69.99,13.55
1,2016-05-23,7,Monday,0,1,4.14,11.31,1.65,12.12,19.33,878,1.14,770,10813.01,3.8,69.99,10.06
1,2016-05-23,8,Monday,0,1,3.89,11.76,1.68,14.05,15.71,1039,1.16,897,12921.97,4.3,66.34,9.69
2,2016-05-23,10,Monday,0,1,4.69,13.43,1.87,15.61,16.3,1559,1.96,797,13199.29,3.8,70.01,12.59
1,2016-05-23,11,Monday,0,1,4.11,12.33,1.64,14.55,15.48,849,1.2,708,10663.89,3.8,69.99,11.16
2,2016-05-23,13,Monday,0,1,4.74,13.34,1.7,15.34,16.33,1710,2.07,828,13452.84,3.8,70.01,12.93
2,2016-05-23,14,Monday,0,1,4.55,12.98,1.57,15.33,15.74,1903,2.13,892,14053.23,3.8,70.01,12.88
2,2016-05-23,15,Monday,0,1,4.4,12.73,1.66,15.28,15.74,1875,2.11,888,13840.08,3.8,70.01,12.02
2,2016-05-23,16,Monday,0,1,3.83,11.42,1.62,13.67,15.87,1594,2.03,784,11827.59,4.8,64.01,10.11
1,2016-05-23,18,Monday,0,1,3.49,10.71,1.62,12.63,15.96,1214,1.21,1004,14367.86,4.8,60.39,8.21
1,2016-05-23,20,Monday,0,1,4.68,11.86,1.83,11.77,21.45,1156,1.25,928,14145.51,4.3,69.99,10.32
2,2016-05-24,0,Tuesday,0,2,6.48,14.36,1.86,12.57,28.33,770,1.9,405,7182.42,4.3,70.01,12.99
1,2016-05-24,1,Tuesday,0,2,5.18,12.22,1.49,10.68,26.25,248,1.21,205,3091.09,3.8,68.34,10.38
1,2016-05-24,3,Tuesday,0,2,5.58,12.71,1.01,11.16,26.66,113,1.27,89,1336.23,4.8,57.8,9.95
1,2016-05-24,10,Tuesday,0,2,3.47,12.07,1.64,15.74,12.86,904,1.14,795,11680.11,3.8,69.99,9.47
2,2016-05-24,12,Tuesday,0,2,3.94,13.25,1.61,17.07,13.08,1820,2.06,882,14059.13,3.8,70.01,11.13
1,2016-05-24,13,Tuesday,0,2,4.12,13.26,1.62,16.71,13.57,1000,1.23,811,12987.68,3.8,69.99,10.85
1,2016-05-24,14,Tuesday,0,2,3.86,12.51,1.69,15.53,13.37,1054,1.23,858,13153.25,3.8,70.0,11.58
1,2016-05-24,15,Tuesday,0,2,3.87,12.68,1.6,16.32,13.14,1039,1.25,829,12811.31,3.8,69.99,10.89
1,2016-05-24,16,Tuesday,0,2,3.7,12.19,1.69,15.64,13.66,922,1.25,740,11729.45,4.8,59.76,10.16
2,2016-05-24,17,Tuesday,0,2,3.73,12.07,1.8,15.46,14.39,2094,1.96,1067,16885.19,4.8,65.81,9.54
2,2016-05-24,19,Tuesday,0,2,3.95,11.28,1.73,12.88,17.47,2346,1.94,1211,18151.85,4.8,70.01,9.04
2,2016-05-24,22,Tuesday,0,2,5.04,12.66,1.96,13.01,21.57,2241,2.02,1108,17876.68,3.8,70.01,10.53
2,2016-05-24,23,Tuesday,0,2,5.43,12.93,1.97,12.63,23.89,1764,2.03,870,14273.54,4.3,70.01,11.11
2,2016-05-25,0,Wednesday,0,3,5.76,13.2,1.74,12.26,25.89,1114,2.09,533,8764.07,4.3,63.36,11.0
1,2016-05-25,1,Wednesday,0,3,5.66,12.96,1.65,11.53,27.06,352,1.28,274,4383.39,4.8,69.99,10.35
1,2016-05-25,3,Wednesday,0,3,5.66,12.69,1.01,10.78,28.91,148,1.24,119,1794.96,4.8,58.34,9.13
1,2016-05-25,10,Wednesday,0,3,3.82,12.81,1.73,16.31,13.54,942,1.16,814,12674.22,3.8,69.99,10.2
2,2016-05-25,12,Wednesday,0,3,3.98,13.14,1.68,16.77,13.47,2027,2.04,992,15838.73,3.8,70.01,11.35
1,2016-05-25,13,Wednesday,0,3,3.85,13.09,1.67,16.93,12.95,1003,1.21,831,13164.75,3.8,69.99,10.74
1,2016-05-25,14,Wednesday,0,3,3.9,13.05,1.65,17.09,12.75,1133,1.23,919,14496.36,3.8,69.99,10.78
1,2016-05-25,15,Wednesday,0,3,3.6,12.65,1.69,17.02,12.28,1023,1.27,808,12511.32,3.8,63.35,10.73
1,2016-05-25,16,Wednesday,0,3,3.56,12.39,1.71,16.63,12.84,862,1.27,681,10947.24,4.8,63.39,9.8
2,2016-05-25,17,Wednesday,0,3,3.81,12.7,1.77,16.98,13.63,1735,1.91,908,14986.55,4.8,64.01,10.04
2,2016-05-25,19,Wednesday,0,3,3.72,11.05,1.7,13.01,16.41,2513,2.02,1244,18265.94,4.8,59.81,8.6
2,2016-05-25,22,Wednesday,0,3,5.02,13.04,1.98,14.26,20.02,2479,2.03,1222,20167.82,4.8,70.01,10.44
2,2016-05-25,23,Wednesday,0,3,5.28,13.31,2.04,14.18,21.52,2044,1.99,1029,17344.78,4.3,70.01,10.65
2,2016-05-26,1,Thursday,0,4,5.47,12.62,1.68,11.57,26.3,726,1.94,374,5883.39,4.8,70.01,9.75
2,2016-05-26,3,Thursday,0,4,6.04,13.48,1.13,12.02,27.88,292,2.13,137,2184.54,4.3,63.36,9.92
1,2016-05-26,5,Thursday,0,4,7.36,15.64,2.12,11.91,32.61,244,1.15,213,4226.25,4.8,70.0,16.15
1,2016-05-26,6,Thursday,0,4,4.21,10.47,1.49,9.44,24.44,492,1.06,464,6073.66,3.8,69.99,10.55
1,2016-05-26,7,Thursday,0,4,3.75,10.94,1.5,12.36,17.95,940,1.13,830,11134.23,3.8,70.34,8.95
1,2016-05-26,8,Thursday,0,4,3.73,12.33,1.87,15.37,14.46,985,1.15,859,13038.38,3.3,62.79,9.91
2,2016-05-26,10,Thursday,0,4,3.81,12.82,1.8,16.6,13.44,1835,2.05,893,13994.1,3.8,70.01,10.77
1,2016-05-26,11,Thursday,0,4,3.46,12.7,1.59,17.1,11.92,891,1.18,756,11503.0,3.3,70.0,10.02
2,2016-05-26,13,Thursday,0,4,4.03,13.23,1.68,16.83,13.5,1899,2.11,902,14427.0,3.8,70.01,11.26
2,2016-05-26,14,Thursday,0,4,4.13,13.43,1.73,17.24,13.44,1985,2.04,972,15848.65,3.8,70.01,12.06
2,2016-05-26,15,Thursday,0,4,3.8,12.88,1.67,17.29,12.37,1608,1.94,830,13013.79,3.8,69.41,11.36
2,2016-05-26,16,Thursday,0,4,3.9,12.8,1.81,16.97,13.56,1478,2.0,740,12346.18,4.8,62.8,11.22
1,2016-05-26,18,Thursday,0,4,3.56,11.82,1.74,15.1,13.95,1305,1.24,1051,16296.18,5.3,65.84,9.18
1,2016-05-26,20,Thursday,0,4,4.35,12.22,1.77,14.09,17.31,1258,1.24,1018,15748.26,4.3,69.99,9.89
1,2016-05-27,0,Friday,0,5,5.15,13.12,1.78,13.96,21.38,839,1.29,650,10620.82,4.3,69.99,9.78
2,2016-05-27,2,Friday,0,5,5.38,12.59,1.49,11.93,25.34,624,2.14,291,4496.19,4.3,48.8,9.59
2,2016-05-27,4,Friday,0,5,7.18,15.2,1.91,12.24,32.65,357,1.9,188,3541.82,4.3,68.34,13.5
2,2016-05-27,9,Friday,0,5,3.8,12.01,1.62,14.67,14.9,1857,1.98,938,13712.87,4.3,70.34,9.88
1,2016-05-27,12,Friday,0,5,4.06,12.78,1.56,15.85,14.3,1035,1.22,845,13028.84,3.8,69.99,10.76
1,2016-05-27,17,Friday,0,5,3.44,10.97,1.44,13.23,15.36,1130,1.35,835,11995.88,4.8,53.79,8.85
1,2016-05-27,19,Friday,0,5,3.47,10.57,1.36,12.12,16.83,1285,1.38,934,12926.09,4.3,54.39,7.73
2,2016-05-27,21,Friday,0,5,4.47,11.84,1.49,12.72,19.8,1821,1.97,925,13682.89,4.3,70.01,9.68
1,2016-05-27,22,Friday,0,5,4.88,12.82,1.69,13.85,19.62,1251,1.42,881,14109.57,4.3,69.99,10.84
1,2016-05-27,23,Friday,0,5,4.84,12.75,1.59,13.66,19.89,1197,1.43,840,13267.92,4.3,67.34,10.02
1,2016-05-28,2,Saturday,1,6,5.09,12.21,1.69,11.51,24.87,681,1.37,498,7578.46,4.8,54.75,8.86
1,2016-05-28,4,Saturday,1,6,6.26,13.83,1.39,12.0,28.42,435,1.31,333,5562.58,4.3,58.34,10.39
2,2016-05-28,5,Saturday,1,6,7.46,15.76,1.72,12.88,31.89,268,2.0,134,2539.46,4.8,60.8,12.4
2,2016-05-28,6,Saturday,1,6,7.14,15.03,1.84,11.15,33.15,386,1.92,201,3674.3,3.8,70.01,15.43
2,2016-05-28,7,Saturday,1,6,6.15,13.37,1.66,10.38,30.7,607,1.88,323,5289.53,4.3,70.01,14.3
2,2016-05-28,8,Saturday,1,6,4.97,11.75,1.4,10.31,25.91,885,1.96,451,6430.66,4.3,70.01,11.35
1,2016-05-28,9,Saturday,1,6,4.52,11.37,1.37,10.71,22.89,607,1.27,479,6642.35,3.8,69.39,11.04
2,2016-05-28,11,Saturday,1,6,4.06,11.17,1.2,11.89,19.85,1675,2.04,821,10939.93,3.8,70.01,9.05
2,2016-05-28,18,Saturday,1,6,3.94,11.06,1.17,11.98,18.99,2046,1.96,1046,13746.32,4.3,61.56,8.19
2,2016-05-28,20,Saturday,1,6,4.4,11.65,1.34,12.23,19.96,1470,1.92,766,11070.32,4.3,70.01,10.3
1,2016-05-28,21,Saturday,1,6,4.0,10.93,1.28,11.6,19.44,1115,1.54,726,9860.77,4.3,68.24,8.21
1,2016-05-29,0,Sunday,1,7,4.82,12.16,1.47,12.46,22.08,979,1.46,671,10070.6,4.3,61.84,8.49
2,2016-05-29,2,Sunday,1,7,5.45,12.69,1.52,11.98,25.31,1077,2.01,535,8331.14,4.3,65.21,9.46
2,2016-05-29,4,Sunday,1,7,5.97,13.32,1.17,11.9,28.16,644,2.1,306,4861.72,4.3,70.01,9.29
2,2016-05-29,9,Sunday,1,7,4.6,11.16,1.1,10.24,24.99,1027,2.03,505,6679.49,3.8,63.36,9.53
1,2016-05-29,12,Sunday,1,7,4.22,11.42,1.25,11.39,20.35,918,1.45,635,8643.27,3.3,70.01,10.08
1,2016-05-29,17,Sunday,1,7,4.92,12.92,1.47,13.81,19.64,975,1.44,679,10519.34,3.8,69.99,11.43
1,2016-05-29,19,Sunday,1,7,4.08,11.08,1.37,11.58,20.06,952,1.46,653,8825.45,3.8,67.34,8.95
2,2016-05-29,21,Sunday,1,7,4.7,11.81,1.43,12.16,21.8,1489,1.96,759,11142.93,4.3,65.21,9.45
1,2016-05-29,22,Sunday,1,7,4.54,11.56,1.37,11.71,21.45,987,1.42,695,9983.99,4.3,69.99,9.28
1,2016-05-29,23,Sunday,1,7,4.9,12.18,1.43,12.09,22.13,1022,1.52,674,10126.77,4.8,63.34,9.78
2,2016-05-30,0,Monday,0,1,5.41,12.65,1.48,11.92,25.01,1343,2.03,661,10268.45,4.3,70.01,10.29
1,2016-05-30,1,Monday,0,1,4.97,12.01,1.5,11.87,22.61,634,1.36,467,6962.49,4.3,68.34,10.04
1,2016-05-30,3,Monday,0,1,5.71,12.96,1.46,11.92,25.97,277,1.34,207,3269.97,4.3,52.25,9.71
1,2016-05-30,10,Monday,0,1,5.19,12.22,1.41,10.33,26.51,568,1.39,410,6036.35,3.8,70.0,11.88
2,2016-05-30,12,Monday,0,1,4.79,11.63,1.39,10.59,24.12,1472,2.03,724,10251.49,3.8,70.01,11.19
1,2016-05-30,13,Monday,0,1,4.59,11.47,1.49,10.74,22.44,945,1.41,670,9414.15,4.3,69.99,11.7
1,2016-05-30,14,Monday,0,1,4.73,11.78,1.42,11.29,21.95,951,1.39,684,9822.3,3.8,70.01,12.04
1,2016-05-30,15,Monday,0,1,5.0,12.38,1.47,12.05,21.72,1023,1.42,720,10847.1,4.3,69.99,12.64
1,2016-05-30,16,Monday,0,1,4.95,12.36,1.45,12.08,21.48,992,1.41,706,10686.76,4.3,69.99,13.41
2,2016-05-30,17,Monday,0,1,5.09,12.39,1.53,12.13,22.65,1619,1.97,823,12433.4,3.8,70.01,12.85
2,2016-05-30,19,Monday,0,1,4.98,12.07,1.61,11.41,23.11,1777,1.98,896,13284.45,3.8,70.01,12.01
2,2016-05-30,22,Monday,0,1,5.84,13.27,1.88,11.84,26.8,1351,2.0,674,11318.09,4.3,70.34,12.94
2,2016-05-30,23,Monday,0,1,6.65,14.48,1.97,11.91,29.2,1176,1.9,618,11196.56,4.3,70.01,13.86
1,2016-05-31,2,Tuesday,0,2,6.05,13.42,1.41,11.7,28.89,151,1.34,113,1834.17,5.3,48.84,9.17
1,2016-05-31,4,Tuesday,0,2,7.45,15.84,1.61,12.82,31.52,114,1.3,88,1681.49,4.8,70.34,13.52
2,2016-05-31,5,Tuesday,0,2,7.25,14.97,2.08,11.26,34.17,310,1.72,180,3427.9,4.8,70.01,15.67
2,2016-05-31,6,Tuesday,0,2,4.98,11.71,1.56,10.65,26.35,985,1.94,507,7276.65,3.8,70.01,10.93
2,2016-05-31,7,Tuesday,0,2,4.13,11.3,1.59,12.38,19.23,1727,1.94,889,12379.21,3.8,70.01,10.26
2,2016-05-31,8,Tuesday,0,2,4.22,12.52,1.79,15.06,15.78,2127,1.98,1074,16491.43,3.8,70.01,10.76
1,2016-05-31,9,Tuesday,0,2,3.78,11.88,1.68,14.34,14.83,898,1.12,803,11749.56,3.8,69.99,10.59
2,2016-05-31,11,Tuesday,0,2,4.36,13.15,1.66,15.95,14.94,1764,2.03,867,13840.43,3.8,70.01,12.45
2,2016-05-31,18,Tuesday,0,2,3.71,11.13,1.65,13.21,16.18,2313,2.0,1158,17048.34,5.3,61.01,8.61
2,2016-05-31,20,Tuesday,0,2,4.69,11.76,1.77,12.0,21.18,2015,1.97,1025,15472.06,4.3,70.01,10.63
1,2016-05-31,21,Tuesday,0,2,4.74,12.14,1.88,12.66,20.54,1025,1.25,817,12666.38,4.3,69.99,10.18
1,2016-06-01,0,Wednesday,0,3,5.53,12.72,1.58,11.51,26.1,444,1.2,370,5834.85,4.3,69.99,10.02
2,2016-06-01,2,Wednesday,0,3,5.37,12.1,1.57,10.47,28.31,273,2.02,135,2037.6,4.3,67.61,11.26
2,2016-06-01,4,Wednesday,0,3,6.44,13.87,1.45,11.16,31.21,225,2.23,101,1716.38,4.3,63.36,12.67
2,2016-06-01,9,Wednesday,0,3,3.93,12.37,1.75,15.29,14.68,2013,2.01,1001,15179.23,4.3,68.84,10.13
1,2016-06-01,12,Wednesday,0,3,3.97,13.52,1.79,17.65,12.92,988,1.21,818,13435.95,4.3,69.99,11.22
1,2016-06-01,17,Wednesday,0,3,3.26,12.08,1.67,16.56,12.19,996,1.26,792,12428.19,4.8,61.59,8.72
1,2016-06-01,19,Wednesday,0,3,3.57,11.66,1.82,14.57,14.63,1219,1.24,982,15063.7,4.8,59.15,8.58
2,2016-06-01,21,Wednesday,0,3,4.68,12.41,1.95,13.73,19.2,2689,2.1,1280,20313.06,4.3,70.01,9.81
1,2016-06-01,22,Wednesday,0,3,4.8,12.5,1.85,13.41,19.97,1243,1.28,970,15349.12,4.3,69.99,10.05
1,2016-06-01,23,Wednesday,0,3,5.56,13.58,1.92,13.86,22.21,1027,1.29,797,13571.45,4.3,69.99,11.29
2,2016-06-02,0,Thursday,0,4,5.04,12.18,1.67,12.13,23.91,1226,2.02,607,9252.57,4.3,58.8,9.23
1,2016-06-02,1,Thursday,0,4,5.53,12.94,1.53,11.91,25.56,391,1.23,319,5063.32,4.3,63.35,10.0
1,2016-06-02,3,Thursday,0,4,6.15,13.69,1.64,12.12,27.62,150,1.26,119,1996.46,5.3,49.3,9.9
1,2016-06-02,10,Thursday,0,4,3.66,12.21,1.66,15.53,13.37,942,1.18,801,11962.08,3.8,66.0,10.08
2,2016-06-02,12,Thursday,0,4,3.75,12.83,1.6,16.62,13.08,1755,2.0,876,13494.26,3.3,64.34,9.84
1,2016-06-02,13,Thursday,0,4,3.79,12.83,1.7,16.63,12.95,994,1.23,806,12555.28,3.8,68.34,10.61
1,2016-06-02,14,Thursday,0,4,3.59,12.51,1.66,16.59,12.14,1095,1.23,887,13527.99,3.8,69.99,10.41
1,2016-06-02,15,Thursday,0,4,3.87,13.15,1.65,17.6,12.35,1017,1.25,814,12969.53,3.8,70.01,10.83
1,2016-06-02,16,Thursday,0,4,3.62,12.36,1.75,16.34,12.87,912,1.27,719,11596.16,4.8,63.39,9.98
2,2016-06-02,17,Thursday,0,4,3.9,12.83,1.79,16.87,13.75,1775,1.97,901,15023.54,4.8,59.81,10.33
2,2016-06-02,19,Thursday,0,4,3.62,11.11,1.68,13.38,15.64,2411,1.93,1246,18362.2,4.8,57.92,8.55
2,2016-06-02,22,Thursday,0,4,5.33,13.68,2.12,15.0,20.02,2466,2.03,1212,21008.41,4.8,70.01,11.04
2,2016-06-02,23,Thursday,0,4,5.56,13.77,1.96,14.51,21.64,2222,2.02,1100,18934.07,4.3,70.01,11.28
1,2016-06-03,2,Friday,0,5,5.31,12.5,1.56,11.8,25.37,383,1.29,297,4582.55,4.3,47.85,9.09
1,2016-06-03,4,Friday,0,5,6.8,14.56,1.88,11.87,30.58,194,1.18,165,3014.65,4.3,69.99,12.87
2,2016-06-03,5,Friday,0,5,5.99,13.1,1.87,10.08,31.31,342,1.77,193,3244.1,4.3,70.01,14.29
2,2016-06-03,6,Friday,0,5,4.44,10.74,1.43,9.59,25.5,991,2.05,483,6373.78,3.8,70.01,10.92
2,2016-06-03,7,Friday,0,5,3.88,10.97,1.61,12.31,18.2,1961,2.05,958,12994.88,3.8,70.01,9.17
2,2016-06-03,8,Friday,0,5,3.53,11.61,1.64,14.79,13.79,2408,1.99,1212,17178.65,3.8,70.01,9.18
1,2016-06-03,9,Friday,0,5,3.49,12.26,1.83,16.32,12.42,1002,1.11,903,13621.57,3.8,69.99,9.82
2,2016-06-03,11,Friday,0,5,3.58,12.21,1.5,15.6,13.07,1930,2.03,949,13971.5,3.8,70.01,9.69
2,2016-06-03,18,Friday,0,5,3.8,11.68,1.68,14.3,15.37,2457,1.99,1232,18863.38,4.8,61.61,8.93
2,2016-06-03,20,Friday,0,5,4.4,11.83,1.66,12.86,18.98,2321,2.06,1125,16879.19,4.3,70.01,10.18
1,2016-06-03,21,Friday,0,5,4.24,11.78,1.64,13.08,18.47,1416,1.38,1024,15235.32,4.3,69.99,9.42
2,2016-06-04,0,Saturday,1,6,4.73,12.45,1.66,13.59,20.28,2297,2.01,1141,17709.9,4.3,70.01,9.15
1,2016-06-04,1,Saturday,1,6,4.7,11.96,1.61,12.35,21.74,1254,1.36,922,13781.58,4.8,61.34,8.54
1,2016-06-04,3,Saturday,1,6,5.03,12.03,1.51,11.32,25.03,722,1.3,555,8253.55,4.3,51.84,8.13
1,2016-06-04,10,Saturday,1,6,4.01,10.93,1.34,11.36,19.51,978,1.29,759,10085.47,3.8,69.99,9.33
2,2016-06-04,12,Saturday,1,6,3.99,11.34,1.4,12.54,18.06,2326,2.03,1147,15725.51,3.8,70.01,9.97
1,2016-06-04,13,Saturday,1,6,4.17,11.94,1.44,13.64,17.16,1421,1.38,1029,14757.58,3.3,69.99,10.1
1,2016-06-04,14,Saturday,1,6,4.05,11.87,1.43,13.71,16.4,1364,1.38,988,14175.21,3.8,69.99,10.87
1,2016-06-04,15,Saturday,1,6,3.69,11.17,1.36,13.11,16.25,1309,1.4,934,12620.21,3.8,70.0,9.1
1,2016-06-04,16,Saturday,1,6,3.98,11.87,1.43,14.06,16.2,1232,1.43,863,12410.37,3.8,70.34,10.26
2,2016-06-04,17,Saturday,1,6,4.42,12.61,1.43,14.78,17.03,1835,1.91,959,14420.43,3.8,70.01,10.73
2,2016-06-04,19,Saturday,1,6,3.93,12.42,1.56,15.81,14.7,2856,2.06,1384,20623.88,3.8,70.01,9.82
2,2016-06-04,22,Saturday,1,6,4.46,12.14,1.6,13.75,18.54,2368,1.99,1187,18016.77,4.3,70.01,9.19
2,2016-06-04,23,Saturday,1,6,4.83,12.73,1.67,14.2,19.53,2608,2.07,1257,19867.13,4.3,70.01,9.08
2,2016-06-05,1,Sunday,1,7,4.74,11.92,1.68,12.29,21.82,2145,2.06,1039,15594.37,4.3,63.36,8.72
2,2016-06-05,3,Sunday,1,7,5.49,12.82,1.52,12.29,25.55,1338,2.16,620,9730.37,4.8,49.8,8.54
1,2016-06-05,5,Sunday,1,7,7.09,15.13,1.35,12.17,31.2,215,1.34,160,2902.11,4.3,69.99,13.23
1,2016-06-05,6,Sunday,1,7,7.17,15.27,1.7,11.74,33.26,212,1.21,175,3192.32,4.3,69.99,14.52
1,2016-06-05,7,Sunday,1,7,5.52,12.44,1.63,9.8,29.77,305,1.16,263,4012.31,3.8,69.99,13.03
1,2016-06-05,8,Sunday,1,7,4.56,11.19,1.44,9.87,24.43,418,1.19,352,4841.4,4.3,69.99,11.02
2,2016-06-05,10,Sunday,1,7,4.6,11.88,1.47,12.16,21.56,1590,1.9,837,12090.86,3.8,70.01,10.45
1,2016-06-05,11,Sunday,1,7,3.96,11.79,1.42,13.82,16.23,1328,1.37,971,13810.09,3.8,69.99,10.35
2,2016-06-05,13,Sunday,1,7,4.49,13.33,1.76,16.02,16.06,1877,2.09,898,14539.79,3.8,70.01,11.44
2,2016-06-05,14,Sunday,1,7,4.86,14.01,1.72,16.75,16.53,1819,2.04,890,15053.36,3.8,70.01,12.54
2,2016-06-05,15,Sunday,1,7,4.94,13.6,1.68,15.93,16.9,1807,2.07,875,14408.66,3.8,70.34,12.82
2,2016-06-05,16,Sunday,1,7,5.0,13.58,1.75,15.33,18.12,1733,1.92,901,14825.16,3.8,70.01,12.87
1,2016-06-05,18,Sunday,1,7,4.06,11.74,1.66,13.38,16.44,1333,1.34,998,14488.82,3.8,70.0,11.4
1,2016-06-05,20,Sunday,1,7,4.71,11.95,1.65,12.19,20.96,815,1.33,614,9314.48,4.3,69.99,10.97
1,2016-06-06,2,Monday,0,1,6.4,14.03,1.62,11.74,29.66,250,1.35,185,3154.64,4.3,70.34,12.64
1,2016-06-06,4,Monday,0,1,8.31,17.2,1.76,13.46,34.48,168,1.32,127,2647.81,4.3,68.34,14.1
2,2016-06-06,5,Monday,0,1,7.55,15.59,2.15,11.94,32.36,422,2.1,201,3968.7,4.8,70.01,16.65
2,2016-06-06,6,Monday,0,1,5.01,11.66,1.63,10.54,26.06,1007,1.97,512,7446.43,3.8,70.01,12.1
2,2016-06-06,7,Monday,0,1,4.33,11.47,1.7,12.35,19.88,1646,1.95,844,12028.66,4.3,70.01,10.27
2,2016-06-06,8,Monday,0,1,4.07,12.17,1.78,14.6,15.84,1920,2.02,949,14252.45,3.8,70.01,10.21
1,2016-06-06,9,Monday,0,1,4.03,12.68,1.9,15.54,14.33,972,1.13,862,13515.21,4.3,69.99,11.48
2,2016-06-06,11,Monday,0,1,4.21,12.7,1.68,15.33,15.25,1708,2.03,840,13025.68,3.8,70.01,11.33
2,2016-06-06,18,Monday,0,1,4.05,12.09,1.82,14.53,16.44,2480,1.99,1249,19923.28,4.8,71.81,9.66
2,2016-06-06,20,Monday,0,1,4.78,11.77,1.81,11.49,22.48,1979,1.94,1018,15408.83,4.8,70.01,10.97
1,2016-06-06,21,Monday,0,1,4.72,11.88,1.79,11.86,21.93,1268,1.27,997,15196.75,4.3,70.01,9.78
2,2016-06-07,0,Tuesday,0,2,5.6,12.99,1.74,12.04,25.99,1001,2.12,473,7639.73,4.3,70.01,10.64
1,2016-06-07,1,Tuesday,0,2,5.25,12.12,1.54,10.67,26.94,302,1.18,255,3820.68,4.8,67.34,9.88
1,2016-06-07,3,Tuesday,0,2,5.98,13.11,1.33,11.64,29.33,135,1.17,115,1822.06,3.8,44.1,8.85
1,2016-06-07,10,Tuesday,0,2,3.36,12.25,1.62,16.26,12.41,922,1.19,775,11492.46,3.8,69.99,9.28
2,2016-06-07,12,Tuesday,0,2,4.02,13.34,1.73,17.22,13.4,1938,2.11,918,14851.78,3.8,70.01,10.91
1,2016-06-07,13,Tuesday,0,2,4.06,13.2,1.7,16.68,13.14,1065,1.2,885,14190.33,3.8,69.99,11.83
1,2016-06-07,14,Tuesday,0,2,3.77,12.74,1.55,16.53,12.71,1121,1.2,932,14293.84,3.8,69.99,10.5
1,2016-06-07,15,Tuesday,0,2,3.5,12.27,1.6,16.23,12.32,1095,1.24,881,13173.4,3.8,70.0,10.08
1,2016-06-07,16,Tuesday,0,2,3.51,12.09,1.67,16.06,12.96,849,1.26,672,10569.0,5.3,66.39,10.06
2,2016-06-07,17,Tuesday,0,2,3.54,11.85,1.69,15.32,14.18,1915,1.96,978,15212.56,4.8,64.61,9.23
2,2016-06-07,19,Tuesday,0,2,3.88,11.06,1.71,12.57,17.63,2510,1.97,1276,18801.85,4.8,57.84,8.46
2,2016-06-07,22,Tuesday,0,2,5.38,13.4,2.01,14.19,21.24,2473,2.02,1224,20752.54,4.3,70.01,11.24
2,2016-06-07,23,Tuesday,0,2,5.5,13.3,2.0,13.45,22.84,1854,2.04,907,15245.15,4.3,70.01,11.53
1,2016-06-08,0,Wednesday,0,3,5.17,12.47,1.91,12.24,23.68,652,1.24,527,8392.32,4.3,64.59,10.26
2,2016-06-08,2,Wednesday,0,3,5.27,12.11,1.54,10.81,27.44,402,2.15,187,2808.55,4.8,48.8,8.97
2,2016-06-08,4,Wednesday,0,3,5.33,12.35,1.56,9.77,29.61,235,2.04,115,1783.45,4.3,63.36,11.72
2,2016-06-08,9,Wednesday,0,3,3.6,12.05,1.82,15.51,13.5,2284,2.08,1100,16327.04,3.8,70.01,9.55
1,2016-06-08,12,Wednesday,0,3,3.23,13.11,1.74,18.33,10.59,1220,1.2,1017,16090.27,3.8,69.99,10.15
1,2016-06-08,17,Wednesday,0,3,3.14,12.39,1.76,16.88,12.38,799,1.25,637,10245.05,4.8,62.19,10.0
1,2016-06-08,19,Wednesday,0,3,3.53,11.85,1.77,15.1,13.81,1134,1.21,941,14586.4,4.8,65.79,8.99
2,2016-06-08,21,Wednesday,0,3,4.71,12.34,1.95,13.32,20.15,2460,1.86,1325,20910.35,4.3,70.01,10.77
1,2016-06-08,22,Wednesday,0,3,4.89,12.89,1.96,13.93,19.95,1244,1.25,993,16241.26,4.3,64.8,10.75
1,2016-06-08,23,Wednesday,0,3,5.13,12.93,1.96,13.34,21.84,1123,1.27,885,14517.86,3.8,70.01,11.04
1,2016-06-09,0,Thursday,0,4,5.9,13.88,1.93,13.49,24.26,800,1.28,625,10868.25,4.3,69.99,11.93
2,2016-06-09,2,Thursday,0,4,5.23,12.04,1.67,10.91,26.99,391,2.13,184,2766.71,4.3,57.8,8.75
2,2016-06-09,4,Thursday,0,4,7.79,16.05,2.19,12.31,34.16,282,2.01,140,2827.42,4.8,70.01,14.53
2,2016-06-09,9,Thursday,0,4,4.09,12.85,1.85,16.16,14.18,1953,1.88,1038,16405.56,3.8,71.81,11.4
1,2016-06-09,12,Thursday,0,4,3.91,13.21,1.79,16.9,12.92,1021,1.19,860,13846.95,3.8,69.99,11.51
1,2016-06-09,17,Thursday,0,4,3.49,12.94,1.73,17.81,12.37,935,1.23,758,12639.93,4.8,63.39,10.32
1,2016-06-09,19,Thursday,0,4,3.7,11.59,1.75,14.18,14.92,1329,1.22,1085,16583.34,4.8,64.59,9.02
2,2016-06-09,21,Thursday,0,4,4.72,12.72,1.93,14.29,18.92,2728,2.05,1328,21482.63,4.3,70.01,10.94
1,2016-06-09,22,Thursday,0,4,4.92,13.57,2.02,15.73,18.22,1279,1.24,1031,17585.8,3.8,69.99,10.67
1,2016-06-09,23,Thursday,0,4,5.32,14.15,2.06,15.99,19.33,1247,1.3,962,16966.59,3.8,69.99,11.46
2,2016-06-10,1,Friday,0,5,5.03,12.51,1.64,12.84,23.16,1156,2.06,561,8750.48,4.3,70.01,9.69
2,2016-06-10,3,Friday,0,5,5.44,12.49,1.2,10.83,28.55,486,2.19,222,3353.95,4.3,44.21,8.93
1,2016-06-10,5,Friday,0,5,5.74,12.68,1.58,9.72,31.4,241,1.08,224,3582.66,4.8,69.99,13.92
1,2016-06-10,6,Friday,0,5,4.93,11.65,1.6,10.6,25.09,537,1.13,474,6838.88,4.3,69.99,12.59
1,2016-06-10,7,Friday,0,5,4.13,11.24,1.63,12.11,19.19,862,1.1,786,10920.35,3.8,69.99,10.24
1,2016-06-10,8,Friday,0,5,3.67,11.39,1.68,13.64,15.17,1063,1.15,924,12944.06,3.8,71.2,9.17
2,2016-06-10,10,Friday,0,5,4.32,13.13,1.83,16.22,14.66,1878,2.13,883,14193.15,3.8,70.01,11.42
1,2016-06-10,11,Friday,0,5,4.33,13.53,1.71,16.55,14.03,991,1.23,803,13128.89,3.8,69.99,11.74
2,2016-06-10,13,Friday,0,5,4.36,12.92,1.76,15.73,14.9,1692,2.03,833,13197.69,3.8,70.01,12.11
2,2016-06-10,14,Friday,0,5,4.04,12.66,1.66,16.07,14.19,1743,1.99,876,13529.85,3.8,70.01,11.4
2,2016-06-10,15,Friday,0,5,3.68,12.3,1.53,16.14,13.53,1612,1.98,816,12144.45,3.8,68.34,10.06
2,2016-06-10,16,Friday,0,5,3.84,12.56,1.73,16.43,13.93,1316,1.89,695,11358.52,4.8,66.41,10.63
1,2016-06-10,18,Friday,0,5,3.45,11.2,1.52,14.07,14.57,1348,1.29,1041,15280.13,4.3,65.84,8.09
1,2016-06-10,20,Friday,0,5,4.11,11.34,1.56,12.35,18.71,1351,1.32,1027,14778.9,4.3,71.79,9.24
1,2016-06-11,0,Saturday,1,6,4.81,12.83,1.86,14.21,19.62,1338,1.37,975,15672.81,4.8,69.34,9.36
2,2016-06-11,2,Saturday,1,6,4.98,12.06,1.66,11.64,23.71,1597,2.05,780,11773.15,4.3,63.91,9.06
2,2016-06-11,4,Saturday,1,6,6.31,13.94,1.47,12.61,27.99,801,2.12,378,6373.01,4.3,68.34,10.18
2,2016-06-11,9,Saturday,1,6,4.4,11.23,1.43,11.0,21.97,1252,1.85,675,9249.89,4.3,70.01,9.98
1,2016-06-11,12,Saturday,1,6,3.95,11.64,1.37,13.39,16.75,1174,1.38,851,11911.02,3.3,70.01,9.76
1,2016-06-11,17,Saturday,1,6,4.2,12.45,1.43,14.48,16.64,1305,1.46,896,13385.45,3.8,70.0,10.55
1,2016-06-11,19,Saturday,1,6,3.71,11.64,1.4,13.83,16.37,1388,1.42,976,13733.96,3.8,70.3,9.03
2,2016-06-11,21,Saturday,1,6,4.49,11.78,1.53,12.61,19.99,2075,2.04,1017,15020.55,4.3,70.01,9.7
1,2016-06-11,22,Saturday,1,6,4.24,11.57,1.5,12.78,19.0,1451,1.45,1002,14494.2,3.81,69.99,7.92
1,2016-06-11,23,Saturday,1,6,4.45,12.06,1.61,13.37,18.97,1494,1.45,1032,15568.51,4.3,69.99,8.38
2,2016-06-12,1,Sunday,1,7,4.81,12.01,1.51,12.23,22.13,1951,2.05,953,14226.77,4.3,68.34,8.78
2,2016-06-12,3,Sunday,1,7,5.62,12.95,1.61,11.97,26.48,1144,2.21,517,8269.23,4.8,58.34,9.44
1,2016-06-12,5,Sunday,1,7,7.22,15.42,1.46,11.89,31.56,198,1.25,159,2931.7,4.8,69.99,13.55
1,2016-06-12,6,Sunday,1,7,7.36,15.02,1.75,11.25,33.7,168,1.17,144,2646.95,3.8,69.99,14.55
1,2016-06-12,7,Sunday,1,7,5.76,12.81,1.52,9.83,29.93,244,1.15,213,3328.04,3.85,69.99,14.31
1,2016-06-12,8,Sunday,1,7,4.94,11.93,1.19,9.7,26.62,398,1.21,328,4709.99,4.3,69.99,12.15
2,2016-06-12,10,Sunday,1,7,4.54,11.58,1.51,11.37,22.17,1567,2.04,769,10901.45,3.8,70.01,10.68
1,2016-06-12,11,Sunday,1,7,4.32,11.65,1.43,12.04,19.74,912,1.4,651,9199.18,3.8,69.99,10.75
2,2016-06-12,13,Sunday,1,7,4.74,12.7,1.55,13.86,19.18,1635,1.94,843,13023.38,3.8,70.01,11.71
2,2016-06-12,14,Sunday,1,7,5.08,13.66,1.67,15.25,18.09,1635,2.06,794,13162.86,4.3,70.01,13.57
2,2016-06-12,15,Sunday,1,7,4.61,12.8,1.61,14.48,17.83,1592,2.0,796,12377.34,4.3,70.01,12.19
2,2016-06-12,16,Sunday,1,7,4.95,13.32,1.68,15.06,18.56,1666,2.06,810,13106.56,3.8,70.01,12.89
1,2016-06-12,18,Sunday,1,7,4.74,12.85,1.72,14.27,18.17,1046,1.39,754,11871.72,3.8,69.99,11.82
1,2016-06-12,20,Sunday,1,7,4.74,11.75,1.62,11.47,21.92,1033,1.36,760,11366.33,4.3,69.99,11.95
2,2016-06-13,1,Monday,0,1,5.87,13.13,1.61,11.54,28.26,464,1.98,234,3787.83,4.8,63.36,10.93
2,2016-06-13,3,Monday,0,1,6.24,14.2,1.69,12.11,28.56,227,2.2,103,1784.49,4.8,70.01,12.08
1,2016-06-13,5,Monday,0,1,6.34,13.65,1.75,10.43,31.48,219,1.15,191,3273.82,3.8,69.99,14.39
1,2016-06-13,6,Monday,0,1,4.87,11.75,1.66,10.45,25.6,514,1.08,476,6974.2,4.3,69.99,12.61
1,2016-06-13,7,Monday,0,1,4.13,11.0,1.59,11.48,19.99,840,1.12,753,10249.57,3.8,70.34,10.08
1,2016-06-13,8,Monday,0,1,3.82,11.52,1.6,13.63,15.92,1006,1.17,863,12174.76,3.8,68.34,9.46
2,2016-06-13,10,Monday,0,1,4.38,12.44,1.67,14.29,16.73,1602,2.09,768,11756.09,3.8,70.01,11.38
1,2016-06-13,11,Monday,0,1,4.3,12.53,1.57,14.4,16.21,842,1.23,683,10412.96,3.8,69.99,11.73
2,2016-06-13,13,Monday,0,1,4.62,12.59,1.62,13.91,17.25,1490,1.99,748,11488.27,4.3,70.01,12.41
2,2016-06-13,14,Monday,0,1,4.54,13.03,1.55,15.26,15.99,1711,1.96,871,13767.67,3.8,70.01,12.6
2,2016-06-13,15,Monday,0,1,3.99,11.84,1.46,14.33,15.53,1629,1.97,829,11932.68,3.8,70.01,10.85
2,2016-06-13,16,Monday,0,1,3.85,11.92,1.53,14.7,15.43,1379,1.86,742,11499.98,4.8,62.21,10.04
1,2016-06-13,18,Monday,0,1,3.66,11.15,1.6,13.01,16.54,1109,1.22,909,13392.19,4.8,57.39,8.56
1,2016-06-13,20,Monday,0,1,4.41,11.11,1.7,10.68,22.42,1140,1.24,923,13196.09,4.3,70.0,9.91
1,2016-06-14,0,Tuesday,0,2,5.46,12.86,1.7,12.26,25.0,574,1.28,450,7174.62,4.3,69.99,9.91
2,2016-06-14,2,Tuesday,0,2,5.95,13.32,1.54,11.45,28.72,295,2.11,140,2291.79,4.3,70.01,11.74
2,2016-06-14,4,Tuesday,0,2,6.81,14.48,1.59,11.71,32.23,205,2.25,91,1637.88,4.8,63.36,11.93
2,2016-06-14,9,Tuesday,0,2,4.11,12.57,1.85,15.34,14.71,2051,2.04,1004,15620.0,3.8,70.01,11.91
1,2016-06-14,12,Tuesday,0,2,4.09,13.0,1.71,16.2,13.75,976,1.25,779,12348.93,3.3,69.99,11.63
1,2016-06-14,17,Tuesday,0,2,3.3,11.62,1.77,15.27,13.2,1017,1.26,810,12434.53,4.8,62.19,9.24
1,2016-06-14,19,Tuesday,0,2,3.64,11.01,1.74,12.96,16.19,1208,1.25,966,14176.78,4.8,64.84,8.56
2,2016-06-14,21,Tuesday,0,2,4.65,12.07,1.86,12.99,20.5,2425,1.98,1227,18869.3,4.3,70.01,10.11
1,2016-06-14,22,Tuesday,0,2,4.91,12.9,2.01,14.18,20.09,1203,1.25,959,15679.34,4.3,70.34,9.59
1,2016-06-14,23,Tuesday,0,2,5.12,12.83,1.83,13.29,21.92,924,1.22,756,12170.91,4.8,69.99,10.0
2,2016-06-15,1,Wednesday,0,3,5.42,12.59,1.64,11.76,26.19,661,1.9,348,5436.52,4.3,70.01,10.07
2,2016-06-15,3,Wednesday,0,3,5.95,13.19,1.36,11.55,28.1,251,2.24,112,1780.25,4.3,63.36,11.11
1,2016-06-15,5,Wednesday,0,3,6.95,14.79,2.09,10.93,31.87,197,1.09,180,3358.73,4.3,69.99,16.22
1,2016-06-15,6,Wednesday,0,3,4.26,10.51,1.4,9.67,24.35,534,1.07,499,6473.81,4.3,69.99,10.09
1,2016-06-15,7,Wednesday,0,3,4.01,11.23,1.7,12.53,18.21,858,1.08,794,11051.93,3.8,69.99,9.67
1,2016-06-15,8,Wednesday,0,3,3.54,11.56,1.78,14.46,14.25,1034,1.14,909,12973.28,3.8,69.99,9.24
2,2016-06-15,10,Wednesday,0,3,3.64,12.5,1.69,16.41,13.17,1769,1.98,894,13640.22,3.8,70.01,10.54
1,2016-06-15,11,Wednesday,0,3,3.65,12.63,1.66,16.51,12.74,937,1.2,783,11979.5,3.8,63.39,10.37
2,2016-06-15,13,Wednesday,0,3,3.79,12.93,1.63,16.93,12.92,2030,2.13,955,14895.28,3.8,64.61,10.62
2,2016-06-15,14,Wednesday,0,3,3.83,12.73,1.6,16.64,13.08,1997,2.07,965,14839.98,3.8,70.01,10.43
2,2016-06-15,15,Wednesday,0,3,4.0,13.3,1.65,17.58,13.0,1811,2.12,854,13726.2,3.8,70.01,11.38
2,2016-06-15,16,Wednesday,0,3,4.11,13.1,1.82,17.08,13.98,1512,2.11,715,12194.35,4.8,67.01,12.03
1,2016-06-15,18,Wednesday,0,3,3.54,11.93,1.78,15.4,13.45,1295,1.25,1032,16142.77,4.8,64.59,8.91
1,2016-06-15,20,Wednesday,0,3,4.02,10.96,1.66,11.92,19.03,1284,1.25,1026,14435.49,4.8,68.34,8.87
2,2016-06-16,0,Thursday,0,4,5.19,12.74,1.87,13.04,23.25,1345,2.02,667,10684.2,4.3,70.01,10.06
1,2016-06-16,1,Thursday,0,4,5.32,12.53,1.53,11.86,25.18,451,1.26,358,5540.43,4.3,57.35,9.45
1,2016-06-16,3,Thursday,0,4,5.65,12.87,1.44,11.44,27.28,201,1.29,156,2473.71,5.3,42.34,9.02
1,2016-06-16,10,Thursday,0,4,3.61,12.01,1.66,15.25,13.68,933,1.13,823,12100.55,3.3,64.59,9.68
2,2016-06-16,12,Thursday,0,4,3.65,12.32,1.7,15.85,13.26,1895,1.96,968,14574.32,3.8,70.01,9.92
1,2016-06-16,13,Thursday,0,4,3.69,12.59,1.76,16.43,12.73,1123,1.24,908,13926.44,3.8,69.99,10.06
1,2016-06-16,14,Thursday,0,4,3.46,12.33,1.65,16.43,12.02,1075,1.23,876,13102.81,3.3,69.99,9.42
1,2016-06-16,15,Thursday,0,4,3.64,12.6,1.65,16.85,12.29,915,1.22,747,11437.9,3.8,70.0,10.06
1,2016-06-16,16,Thursday,0,4,3.42,12.58,1.72,17.0,12.38,770,1.26,613,9961.54,4.8,60.3,9.77
2,2016-06-16,17,Thursday,0,4,3.8,13.11,1.77,17.46,13.37,1739,1.85,940,15878.74,4.8,66.41,10.74
2,2016-06-16,19,Thursday,0,4,3.95,11.76,1.83,14.05,16.17,2562,1.99,1288,20043.84,5.3,69.41,9.2
2,2016-06-16,22,Thursday,0,4,5.16,13.31,2.0,14.54,20.16,2482,1.97,1259,21186.62,4.3,70.01,10.8
2,2016-06-16,23,Thursday,0,4,5.28,13.24,1.96,14.1,21.48,2365,2.05,1151,19229.6,4.3,63.36,10.79
2,2016-06-17,1,Friday,0,5,5.82,13.54,1.82,13.06,24.99,1208,2.14,565,9523.64,4.3,70.01,10.91
2,2016-06-17,3,Friday,0,5,5.76,12.98,1.77,11.7,28.34,443,2.16,205,3313.57,4.3,60.96,9.45
1,2016-06-17,5,Friday,0,5,6.53,14.15,1.86,10.92,31.0,247,1.12,220,3901.68,4.3,67.34,15.18
1,2016-06-17,6,Friday,0,5,4.65,11.17,1.53,9.95,25.01,525,1.1,476,6603.81,3.8,69.99,12.05
1,2016-06-17,7,Friday,0,5,3.93,10.78,1.55,11.39,19.18,833,1.12,743,9951.85,4.3,70.0,9.87
1,2016-06-17,8,Friday,0,5,3.64,11.38,1.62,13.63,15.14,999,1.13,888,12437.92,3.8,69.99,9.76
2,2016-06-17,10,Friday,0,5,4.16,13.06,1.66,16.29,14.31,1781,2.01,885,13996.95,3.8,70.01,11.5
1,2016-06-17,11,Friday,0,5,4.28,13.43,1.72,16.93,13.73,930,1.2,775,12640.75,4.3,70.34,11.76
2,2016-06-17,13,Friday,0,5,4.29,13.13,1.7,16.07,14.98,1681,2.04,824,13155.63,3.8,70.01,12.43
2,2016-06-17,14,Friday,0,5,4.2,13.21,1.75,16.97,14.17,1735,2.1,827,13336.51,4.3,60.41,11.61
2,2016-06-17,15,Friday,0,5,3.89,12.9,1.57,16.98,13.72,1431,1.93,741,11550.13,3.8,58.34,10.95
2,2016-06-17,16,Friday,0,5,3.82,12.71,1.7,16.89,13.88,1252,1.97,635,10410.03,3.8,64.56,10.29
1,2016-06-17,18,Friday,0,5,3.7,11.81,1.6,14.84,15.02,1306,1.3,1004,15416.77,4.8,58.3,8.71
1,2016-06-17,20,Friday,0,5,4.46,11.98,1.6,13.0,18.89,1336,1.38,971,14611.06,4.3,69.99,10.16
1,2016-06-18,0,Saturday,1,6,4.74,13.28,1.83,15.29,18.44,1288,1.38,932,15399.47,4.8,63.35,9.95
2,2016-06-18,2,Saturday,1,6,5.21,12.44,1.62,12.17,24.19,1412,2.11,669,10333.87,4.3,58.34,8.97
2,2016-06-18,4,Saturday,1,6,6.18,13.82,1.68,12.32,27.6,732,2.04,359,6076.97,4.3,70.01,11.48
2,2016-06-18,9,Saturday,1,6,4.41,11.46,1.35,11.51,21.32,1578,2.09,756,10459.89,3.8,70.01,10.22
1,2016-06-18,12,Saturday,1,6,4.12,12.0,1.45,13.75,17.29,1096,1.36,807,11711.64,3.8,69.99,10.15
1,2016-06-18,17,Saturday,1,6,3.79,11.45,1.28,13.75,16.28,1190,1.44,828,11354.54,3.8,69.99,8.87
1,2016-06-18,19,Saturday,1,6,3.93,11.85,1.39,14.07,16.61,1252,1.41,891,12680.68,3.8,69.99,8.9
2,2016-06-18,21,Saturday,1,6,4.27,11.35,1.37,12.31,19.74,1868,2.03,920,13007.36,4.3,70.01,8.81
1,2016-06-18,22,Saturday,1,6,4.27,11.83,1.45,13.21,18.61,1356,1.44,942,13796.62,4.3,68.79,8.5
1,2016-06-18,23,Saturday,1,6,4.63,12.42,1.57,13.86,19.09,1373,1.4,983,15101.93,4.3,67.34,9.09
2,2016-06-19,0,Sunday,1,7,4.82,12.39,1.71,13.45,20.65,2049,1.96,1047,16216.38,4.3,65.34,8.62
1,2016-06-19,1,Sunday,1,7,4.71,11.86,1.57,12.07,22.06,1057,1.35,782,11592.11,4.3,58.84,8.82
1,2016-06-19,3,Sunday,1,7,5.78,13.24,1.54,12.28,26.31,689,1.34,514,8316.19,4.3,65.34,9.11
1,2016-06-19,10,Sunday,1,7,4.67,11.35,1.5,10.18,24.18,740,1.32,561,7843.26,4.3,69.99,11.22
2,2016-06-19,12,Sunday,1,7,4.2,10.98,1.33,11.31,20.68,1892,2.02,936,12457.55,3.8,70.01,9.44
1,2016-06-19,13,Sunday,1,7,4.2,11.12,1.3,11.58,19.88,1143,1.43,797,10720.72,3.8,70.01,10.34
1,2016-06-19,14,Sunday,1,7,4.4,11.92,1.37,13.01,18.67,1037,1.42,730,10468.9,3.8,69.99,10.82
1,2016-06-19,15,Sunday,1,7,4.87,12.56,1.53,13.62,19.39,1077,1.45,745,11350.2,4.3,69.99,12.06
1,2016-06-19,16,Sunday,1,7,4.54,11.99,1.51,13.0,19.47,966,1.43,677,9935.83,3.8,69.99,11.2
2,2016-06-19,17,Sunday,1,7,4.59,11.93,1.49,12.54,20.47,1715,1.97,869,12617.71,3.8,70.01,11.04
2,2016-06-19,19,Sunday,1,7,4.81,12.03,1.61,12.49,21.31,1793,1.96,917,13547.56,3.8,68.42,11.11
2,2016-06-19,22,Sunday,1,7,5.25,12.29,1.68,11.71,24.76,1556,1.95,800,12405.29,4.3,70.01,11.43
2,2016-06-19,23,Sunday,1,7,6.1,13.72,1.84,12.33,26.85,1412,2.0,706,12149.27,4.3,70.01,12.75
1,2016-06-20,0,Monday,0,1,6.14,13.84,1.6,11.81,27.63,490,1.22,403,6831.06,4.3,69.99,12.36
2,2016-06-20,2,Monday,0,1,6.27,13.71,1.4,11.79,29.82,256,1.9,135,2226.36,4.3,58.34,10.16
2,2016-06-20,4,Monday,0,1,7.16,14.82,1.44,11.29,33.71,234,2.0,117,2127.66,4.3,66.34,13.0
2,2016-06-20,9,Monday,0,1,4.19,12.25,1.72,14.58,15.88,1773,2.02,876,13183.24,3.8,70.01,11.28
1,2016-06-20,12,Monday,0,1,4.15,12.41,1.62,14.37,15.57,926,1.26,736,11155.82,4.3,70.01,11.86
1,2016-06-20,17,Monday,0,1,3.54,11.02,1.53,13.19,15.76,1020,1.25,813,11779.04,5.3,59.75,8.77
1,2016-06-20,19,Monday,0,1,3.77,10.64,1.6,11.59,18.29,1092,1.2,907,12881.43,4.8,69.84,8.78
2,2016-06-20,21,Monday,0,1,4.75,11.76,1.74,11.88,22.19,2125,1.97,1079,16200.32,4.8,70.01,10.47
1,2016-06-20,22,Monday,0,1,4.95,12.28,1.76,12.22,22.52,1012,1.31,773,12034.54,3.8,69.99,10.6
1,2016-06-20,23,Monday,0,1,5.35,12.75,1.68,12.09,24.23,764,1.25,611,9782.86,4.8,69.99,11.03
1,2016-06-21,2,Tuesday,0,2,5.15,11.84,1.39,10.34,27.63,198,1.31,151,2199.96,4.8,44.8,8.13
1,2016-06-21,4,Tuesday,0,2,7.44,15.76,1.71,12.25,33.5,128,1.25,102,1961.94,5.8,58.34,13.64
2,2016-06-21,5,Tuesday,0,2,5.43,11.9,1.28,9.22,31.22,315,2.05,154,2299.66,4.8,68.34,11.97
2,2016-06-21,6,Tuesday,0,2,4.61,11.09,1.53,10.01,25.17,1126,2.1,535,7327.82,3.8,70.01,11.38
2,2016-06-21,7,Tuesday,0,2,3.89,10.75,1.54,11.69,19.27,1799,1.99,905,12015.72,3.8,70.01,8.93
2,2016-06-21,8,Tuesday,0,2,3.75,11.58,1.71,14.08,15.63,2074,2.02,1026,14650.16,4.3,62.21,9.17
1,2016-06-21,9,Tuesday,0,2,3.55,11.67,1.73,14.51,14.11,909,1.14,797,11506.24,3.8,69.99,9.75
2,2016-06-21,11,Tuesday,0,2,3.73,12.35,1.69,15.78,13.29,1809,2.01,902,13583.51,3.8,70.01,10.3
2,2016-06-21,18,Tuesday,0,2,3.64,11.33,1.65,13.72,15.69,2489,1.98,1255,18728.58,5.3,68.21,8.64
2,2016-06-21,20,Tuesday,0,2,4.47,11.38,1.79,11.47,21.5,2214,1.96,1127,16543.75,3.8,70.01,9.79
1,2016-06-21,21,Tuesday,0,2,4.58,11.69,1.76,12.02,21.0,1327,1.26,1051,15683.83,4.8,69.99,9.54
2,2016-06-22,0,Wednesday,0,3,6.02,13.8,1.82,12.85,26.03,1231,1.94,635,10901.82,4.3,70.01,11.83
1,2016-06-22,1,Wednesday,0,3,5.84,13.45,1.83,12.64,25.9,341,1.19,286,4795.24,4.3,69.99,10.74
1,2016-06-22,3,Wednesday,0,3,6.13,13.52,1.56,11.53,29.34,153,1.24,123,2027.95,5.3,60.95,10.81
1,2016-06-22,10,Wednesday,0,3,3.76,12.2,1.68,15.2,13.9,917,1.21,755,11272.52,3.8,69.99,10.27
2,2016-06-22,12,Wednesday,0,3,3.82,12.49,1.64,15.7,13.82,2101,2.07,1015,15389.94,3.8,70.01,10.46
1,2016-06-22,13,Wednesday,0,3,3.93,12.65,1.66,15.78,13.94,1040,1.24,838,12923.05,3.8,69.99,11.18
1,2016-06-22,14,Wednesday,0,3,3.47,11.93,1.58,15.35,12.93,1079,1.22,886,12901.6,3.8,68.34,9.9
1,2016-06-22,15,Wednesday,0,3,3.73,12.57,1.57,16.6,12.88,1006,1.29,780,11877.79,4.3,69.99,10.01
1,2016-06-22,16,Wednesday,0,3,3.49,12.52,1.62,17.02,12.72,760,1.27,598,9635.0,4.3,58.6,9.79
2,2016-06-22,17,Wednesday,0,3,3.45,12.43,1.78,16.95,13.22,1688,1.95,867,13954.16,4.8,57.96,9.12
2,2016-06-22,19,Wednesday,0,3,3.78,11.8,1.77,14.73,15.24,2301,2.0,1151,17842.09,4.8,64.61,9.28
2,2016-06-22,22,Wednesday,0,3,5.05,12.88,2.02,13.81,20.64,2169,1.89,1145,18750.09,4.3,70.01,10.63
2,2016-06-22,23,Wednesday,0,3,5.15,12.76,1.92,13.17,22.0,1999,2.02,991,16032.57,4.3,70.34,10.4
1,2016-06-23,0,Thursday,0,4,5.06,12.34,1.8,12.04,23.42,759,1.3,585,9124.9,4.3,67.34,9.91
2,2016-06-23,2,Thursday,0,4,4.81,11.34,1.42,10.31,26.63,447,2.04,219,3092.89,4.3,41.05,7.66
2,2016-06-23,4,Thursday,0,4,7.11,14.7,1.78,11.24,34.3,204,1.89,108,1964.19,4.8,70.01,13.74
2,2016-06-23,9,Thursday,0,4,3.55,11.6,1.66,14.45,14.13,2158,1.99,1087,15487.08,3.8,70.01,9.56
1,2016-06-23,12,Thursday,0,4,3.65,12.18,1.66,15.45,13.28,1064,1.22,871,12948.95,4.3,69.99,10.05
1,2016-06-23,17,Thursday,0,4,3.46,11.88,1.76,15.51,13.5,1005,1.21,831,12910.92,4.8,62.79,8.9
1,2016-06-23,19,Thursday,0,4,3.84,11.28,1.72,13.04,16.71,1291,1.22,1062,15816.62,4.3,60.39,8.49
2,2016-06-23,21,Thursday,0,4,4.54,12.01,1.83,13.2,19.37,2584,2.01,1288,19782.22,4.3,70.01,9.75
1,2016-06-23,22,Thursday,0,4,5.04,13.27,2.04,14.78,19.27,1342,1.3,1036,17410.75,4.3,70.0,10.61
1,2016-06-23,23,Thursday,0,4,5.15,12.98,1.88,13.63,21.1,1177,1.25,941,15337.75,4.3,69.99,10.45
1,2016-06-24,0,Friday,0,5,5.25,12.88,1.79,12.85,22.92,974,1.27,764,12327.11,4.8,70.01,10.28
2,2016-06-24,2,Friday,0,5,6.17,13.89,1.78,12.05,27.75,717,2.03,354,6065.36,4.3,70.01,11.81
2,2016-06-24,4,Friday,0,5,6.55,14.11,1.54,11.81,30.83,367,1.95,188,3229.9,5.3,70.01,11.65
2,2016-06-24,9,Friday,0,5,3.75,11.97,1.76,14.73,14.65,1952,2.01,971,14311.57,3.8,70.01,9.91
1,2016-06-24,12,Friday,0,5,4.03,12.54,1.52,15.39,14.5,998,1.22,818,12340.18,3.8,70.34,10.74
1,2016-06-24,17,Friday,0,5,3.47,12.07,1.62,15.7,13.8,1051,1.3,810,12656.58,5.3,63.35,9.33
1,2016-06-24,19,Friday,0,5,3.58,11.33,1.53,13.79,15.33,1327,1.34,993,14635.52,4.8,57.39,8.16
2,2016-06-24,21,Friday,0,5,4.72,12.5,1.81,13.88,18.88,2265,2.02,1121,17722.01,4.3,70.01,10.66
1,2016-06-24,22,Friday,0,5,4.58,12.54,1.67,14.07,18.44,1486,1.41,1057,16622.81,4.3,68.34,9.59
1,2016-06-24,23,Friday,0,5,5.08,13.47,1.86,15.16,18.8,1486,1.47,1013,16978.01,4.3,69.99,10.64
1,2016-06-25,2,Saturday,1,6,4.77,11.77,1.63,11.72,22.77,1034,1.38,752,11102.73,4.3,58.55,8.37
1,2016-06-25,4,Saturday,1,6,6.33,14.17,1.6,12.73,27.56,509,1.26,403,6921.5,4.8,69.99,10.52
2,2016-06-25,5,Saturday,1,6,6.58,14.24,1.44,11.39,31.2,339,1.88,180,3105.62,4.8,70.01,13.35
2,2016-06-25,6,Saturday,1,6,7.07,14.91,2.06,11.48,32.03,388,1.79,217,3950.66,5.16,70.01,16.8
2,2016-06-25,7,Saturday,1,6,5.96,13.27,1.51,11.24,28.42,734,2.01,365,5868.79,4.3,70.01,13.49
2,2016-06-25,8,Saturday,1,6,4.92,12.0,1.48,11.43,23.61,1084,1.89,573,8354.46,3.8,70.01,11.32
1,2016-06-25,9,Saturday,1,6,3.63,10.29,1.32,10.5,19.63,700,1.25,562,7044.31,3.8,69.99,8.59
2,2016-06-25,11,Saturday,1,6,4.19,11.55,1.47,12.69,18.73,1881,1.98,949,13318.61,3.8,70.01,9.79
2,2016-06-25,18,Saturday,1,6,4.13,12.05,1.48,14.37,16.88,2122,2.03,1043,15105.22,4.3,70.11,9.56
2,2016-06-25,20,Saturday,1,6,4.17,11.09,1.43,11.79,19.81,1943,2.0,970,13527.8,4.3,70.01,9.21
1,2016-06-25,21,Saturday,1,6,4.54,11.97,1.5,13.1,19.13,1318,1.44,918,13647.3,3.8,69.99,9.64
2,2016-06-26,0,Sunday,1,7,4.82,12.71,1.74,14.34,19.6,2323,1.97,1182,18722.89,4.3,70.01,9.43
1,2016-06-26,1,Sunday,1,7,4.74,12.22,1.58,13.1,20.73,1227,1.44,854,12951.3,4.8,58.84,8.39
1,2016-06-26,3,Sunday,1,7,5.34,12.51,1.78,11.84,25.27,801,1.38,581,9101.73,3.8,63.34,9.09
1,2016-06-26,10,Sunday,1,7,4.36,11.33,1.39,11.05,21.38,896,1.37,652,9031.26,3.8,70.0,10.73
2,2016-06-26,12,Sunday,1,7,4.33,12.0,1.47,13.38,19.04,1731,2.02,859,12436.91,3.8,64.34,9.71
1,2016-06-26,13,Sunday,1,7,4.26,12.22,1.44,13.74,17.77,940,1.35,698,10309.87,3.8,69.99,11.32
1,2016-06-26,14,Sunday,1,7,4.54,13.23,1.49,15.28,17.24,1028,1.41,731,11603.45,3.8,69.99,11.83
1,2016-06-26,15,Sunday,1,7,4.69,13.14,1.7,15.01,17.95,908,1.38,660,10573.08,3.8,70.0,12.4
1,2016-06-26,16,Sunday,1,7,4.68,13.21,1.62,15.11,18.31,889,1.36,652,10434.04,3.8,69.99,12.24
2,2016-06-26,17,Sunday,1,7,5.02,13.96,1.82,15.92,18.83,1588,1.98,803,13645.47,3.3,70.01,13.15
2,2016-06-26,19,Sunday,1,7,5.24,13.9,1.89,15.17,19.88,1641,2.04,805,13705.61,3.8,70.01,13.13
2,2016-06-26,22,Sunday,1,7,5.69,13.54,1.9,13.58,23.25,1570,1.98,791,13508.73,4.3,70.01,12.2
2,2016-06-26,23,Sunday,1,7,6.23,14.28,1.76,13.64,25.04,1551,2.05,755,13356.94,4.8,68.34,12.4
1,2016-06-27,0,Monday,0,1,5.97,13.76,1.75,12.7,25.69,674,1.32,511,8684.03,4.3,69.99,11.41
2,2016-06-27,2,Monday,0,1,5.64,12.8,1.23,11.6,27.54,451,2.09,216,3311.31,4.8,54.96,8.82
2,2016-06-27,4,Monday,0,1,6.77,14.44,1.82,11.88,31.36,320,2.08,154,2766.64,4.3,66.34,12.64
2,2016-06-27,9,Monday,0,1,4.41,12.87,1.79,15.25,16.17,1948,2.03,960,15185.9,3.8,70.01,11.24
1,2016-06-27,12,Monday,0,1,3.63,11.59,1.39,13.8,14.99,915,1.31,700,9804.09,3.8,66.34,9.71
1,2016-06-27,17,Monday,0,1,3.81,11.47,1.58,13.68,16.1,1008,1.26,797,11990.99,4.8,60.95,9.04
1,2016-06-27,19,Monday,0,1,3.69,10.4,1.62,11.29,18.35,1343,1.25,1075,14997.91,4.8,60.39,8.29
2,2016-06-27,21,Monday,0,1,4.5,11.46,1.66,12.0,20.71,2562,2.01,1275,18659.65,4.3,66.34,9.7
1,2016-06-27,22,Monday,0,1,4.53,11.76,1.71,12.4,20.11,1140,1.29,882,13121.53,4.3,70.34,9.49
1,2016-06-27,23,Monday,0,1,4.85,12.21,1.75,12.43,20.94,848,1.27,667,10292.92,4.3,69.99,10.84
1,2016-06-28,0,Tuesday,0,2,5.23,12.5,1.66,12.28,23.09,490,1.25,393,6147.85,4.3,63.35,9.96
2,2016-06-28,2,Tuesday,0,2,5.43,12.29,1.44,10.99,28.03,217,1.92,113,1708.27,4.3,52.8,8.39
2,2016-06-28,4,Tuesday,0,2,7.43,15.43,1.95,12.54,33.79,220,2.39,92,1764.36,5.3,63.36,12.8
2,2016-06-28,9,Tuesday,0,2,3.76,12.29,1.69,15.35,14.17,2086,1.99,1048,15719.14,4.3,70.01,10.18
1,2016-06-28,12,Tuesday,0,2,3.79,12.3,1.59,15.45,13.59,1014,1.24,818,12201.51,4.3,69.99,10.09
1,2016-06-28,17,Tuesday,0,2,3.59,11.68,1.6,14.79,14.37,899,1.25,721,10987.43,4.8,60.84,9.35
1,2016-06-28,19,Tuesday,0,2,3.73,10.85,1.72,12.34,17.25,1216,1.22,994,14349.65,4.8,60.99,8.36
2,2016-06-28,21,Tuesday,0,2,4.62,11.74,1.77,12.26,21.43,2230,1.93,1157,17300.58,4.8,70.01,9.49
1,2016-06-28,22,Tuesday,0,2,4.61,12.01,1.84,12.78,20.3,1171,1.27,925,14128.16,4.3,69.99,9.49
1,2016-06-28,23,Tuesday,0,2,5.3,12.95,1.81,12.9,22.91,827,1.24,667,10853.55,4.8,69.99,10.69
1,2016-06-29,2,Wednesday,0,3,5.39,12.28,1.34,10.68,27.92,207,1.18,175,2622.89,4.3,61.84,9.11
1,2016-06-29,4,Wednesday,0,3,7.08,15.08,1.64,12.33,31.26,140,1.14,123,2270.23,3.8,63.35,12.65
2,2016-06-29,5,Wednesday,0,3,5.8,12.7,1.74,9.72,31.45,416,2.12,196,3169.75,4.3,70.01,13.12
2,2016-06-29,6,Wednesday,0,3,4.4,10.78,1.56,9.6,25.37,941,1.96,481,6484.43,4.3,70.01,10.97
2,2016-06-29,7,Wednesday,0,3,4.21,11.18,1.71,11.85,19.77,1544,2.0,771,10761.19,3.8,70.01,10.41
2,2016-06-29,8,Wednesday,0,3,3.85,11.78,1.75,13.94,15.6,2025,1.96,1035,15045.95,3.8,70.01,9.97
1,2016-06-29,9,Wednesday,0,3,3.66,11.92,1.79,14.77,14.09,962,1.13,854,12601.86,3.8,70.0,9.5
2,2016-06-29,11,Wednesday,0,3,3.84,12.52,1.72,15.85,13.7,1666,1.94,857,13097.0,4.3,70.01,10.6
2,2016-06-29,18,Wednesday,0,3,3.83,12.11,1.85,15.11,15.1,2133,1.92,1110,17719.34,4.8,66.41,9.56
2,2016-06-29,20,Wednesday,0,3,4.36,11.47,1.74,12.14,19.96,2060,1.94,1062,15573.82,4.8,70.01,10.19
1,2016-06-29,21,Wednesday,0,3,4.65,12.11,1.83,13.08,19.91,1304,1.26,1033,15943.28,4.3,69.99,9.72
1,2016-06-30,2,Thursday,0,4,5.23,12.38,1.4,11.18,26.07,264,1.22,217,3288.47,4.8,58.34,9.2
1,2016-06-30,4,Thursday,0,4,6.63,14.3,1.4,11.4,30.86,164,1.12,146,2557.44,4.8,63.36,13.13
2,2016-06-30,5,Thursday,0,4,6.72,14.38,2.15,11.35,31.18,363,1.86,195,3570.42,4.3,70.01,15.07
2,2016-06-30,6,Thursday,0,4,4.74,11.27,1.56,10.18,25.33,1045,1.98,527,7380.72,4.3,70.01,11.78
2,2016-06-30,7,Thursday,0,4,4.0,10.89,1.58,11.67,19.44,1563,1.99,787,10642.49,3.8,70.01,9.48
2,2016-06-30,8,Thursday,0,4,3.77,11.65,1.74,14.08,15.65,1991,2.05,972,13980.07,4.3,62.84,8.97
1,2016-06-30,9,Thursday,0,4,3.69,12.2,1.79,15.26,13.88,913,1.11,820,12277.43,4.3,69.99,9.79
2,2016-06-30,11,Thursday,0,4,4.06,12.95,1.6,16.49,13.96,1747,2.02,863,13470.73,3.8,70.01,11.02
2,2016-06-30,18,Thursday,0,4,3.76,12.45,1.82,16.09,14.21,2021,1.92,1054,17149.54,4.8,71.81,9.89
2,2016-06-30,20,Thursday,0,4,4.41,11.89,1.74,13.26,18.6,2119,1.99,1065,16104.93,4.3,70.01,10.33
1,2016-06-30,21,Thursday,0,4,4.32,11.76,1.72,13.19,18.61,1237,1.25,986,14686.73,3.8,68.34,10.0
2,2016-01-10,6,Sunday,1,7,7.08,15.06,1.39,12.06,29.41,304,2.25,135,2395.94,4.3,70.01,16.74
2,2016-02-02,5,Tuesday,0,2,6.45,13.76,1.65,10.76,32.06,332,2.09,159,2727.43,4.8,70.01,14.52
2,2016-02-23,3,Tuesday,0,2,5.54,12.36,1.23,10.55,29.69,231,2.54,91,1354.78,4.8,47.3,8.96
2,2016-03-29,4,Tuesday,0,2,5.78,12.37,1.24,9.49,32.15,192,2.56,75,1129.37,5.3,45.96,10.34
1,2016-01-24,0,Sunday,1,7,1.82,6.33,1.15,6.38,16.28,3,1.0,3,26.35,7.56,9.49,1.06
2,2016-01-24,2,Sunday,1,7,1.38,6.0,0.0,6.82,12.23,2,1.0,2,14.6,7.3,7.3,0.0
1,2016-01-01,0,Friday,0,5,4.59,12.4,1.42,13.81,19.63,1733,1.57,1101,16750.44,4.3,66.34,8.52
2,2016-01-01,2,Friday,0,5,5.5,13.46,1.68,14.04,22.4,2873,2.13,1349,22339.93,4.3,66.41,9.54
2,2016-01-01,4,Friday,0,5,6.06,13.83,1.38,12.9,26.13,1652,2.06,802,13348.01,4.3,70.01,10.57
2,2016-01-01,9,Friday,0,5,5.52,12.27,1.13,9.42,30.32,708,1.97,360,5222.6,3.8,68.34,12.41
1,2016-01-01,12,Friday,0,5,4.27,10.5,1.16,9.02,25.31,715,1.39,516,6524.39,3.8,69.99,9.53
1,2016-01-01,17,Friday,0,5,4.57,11.6,1.12,11.24,21.81,994,1.46,683,9596.28,3.3,69.99,10.97
1,2016-01-01,19,Friday,0,5,3.81,10.64,1.27,10.87,20.01,880,1.46,601,7908.08,3.8,69.99,9.43
2,2016-01-01,21,Friday,0,5,4.29,10.82,1.29,10.32,23.08,1475,2.04,723,9791.44,4.3,70.34,9.43
1,2016-01-01,22,Friday,0,5,4.47,11.16,1.36,10.38,23.09,819,1.49,550,7674.21,4.8,70.01,10.22
1,2016-01-01,23,Friday,0,5,4.49,11.15,1.37,10.45,23.42,781,1.47,531,7398.66,4.3,69.99,9.37
2,2016-01-02,1,Saturday,1,6,4.58,10.96,1.37,9.78,26.3,1046,2.08,503,6878.16,4.3,65.1,8.32
2,2016-01-02,3,Saturday,1,6,5.81,13.14,1.46,11.32,28.61,566,2.15,263,4215.78,4.8,63.36,10.09
1,2016-01-02,5,Saturday,1,6,7.28,15.1,1.36,11.36,33.49,125,1.29,97,1760.18,4.3,64.34,14.16
1,2016-01-02,6,Saturday,1,6,6.71,14.13,1.47,10.49,32.25,190,1.23,154,2593.38,4.3,63.35,14.89
1,2016-01-02,7,Saturday,1,6,6.16,13.39,1.26,10.05,31.32,224,1.22,184,2896.58,4.3,69.99,14.12
1,2016-01-02,8,Saturday,1,6,5.1,11.88,1.07,9.22,28.44,328,1.29,254,3566.64,4.3,69.99,12.47
2,2016-01-02,10,Saturday,1,6,4.47,10.73,1.1,9.15,26.12,1363,2.12,643,8273.93,3.8,70.01,10.18
1,2016-01-02,11,Saturday,1,6,4.25,10.82,1.25,10.07,22.8,915,1.39,657,8596.98,4.3,69.99,9.9
2,2016-01-02,13,Saturday,1,6,4.39,11.57,1.28,11.76,20.55,1911,2.01,950,13214.53,4.3,70.01,10.49
2,2016-01-02,14,Saturday,1,6,4.42,11.51,1.26,11.69,20.52,1931,2.07,934,12877.23,3.8,70.01,10.88
2,2016-01-02,15,Saturday,1,6,4.4,11.7,1.34,12.34,19.66,1924,2.12,906,12760.28,3.8,70.01,10.55
2,2016-01-02,16,Saturday,1,6,4.26,11.57,1.28,12.45,19.33,1831,2.02,907,12543.62,3.8,70.01,10.45
1,2016-01-02,18,Saturday,1,6,3.94,11.28,1.36,12.64,17.71,1380,1.45,954,13132.01,3.8,70.34,9.49
1,2016-01-02,20,Saturday,1,6,4.07,11.25,1.54,11.96,18.87,1088,1.48,736,10479.5,4.8,69.99,9.47
1,2016-01-03,0,Sunday,1,7,4.56,11.41,1.48,11.03,22.97,1182,1.46,809,11523.02,4.3,69.99,8.91
2,2016-01-03,2,Sunday,1,7,4.82,11.52,1.45,10.71,25.62,1563,2.18,718,10285.06,4.3,49.79,7.65
2,2016-01-03,4,Sunday,1,7,5.95,13.27,1.4,11.4,28.65,766,2.24,342,5495.11,4.3,58.34,9.93
2,2016-01-03,9,Sunday,1,7,5.0,11.62,1.28,9.3,27.97,919,2.01,458,6394.91,3.8,70.01,11.82
1,2016-01-03,12,Sunday,1,7,4.25,11.01,1.24,10.49,21.88,1068,1.33,805,10669.07,3.8,70.0,10.39
1,2016-01-03,17,Sunday,1,7,4.58,12.08,1.56,12.99,19.22,1008,1.4,722,10745.9,4.3,69.99,11.62
1,2016-01-03,19,Sunday,1,7,4.76,11.83,1.56,11.43,22.06,960,1.39,690,10155.04,4.3,69.99,12.16
2,2016-01-03,21,Sunday,1,7,5.53,12.69,1.69,11.18,26.02,1177,2.09,564,9047.32,4.3,70.01,12.56
1,2016-01-03,22,Sunday,1,7,5.69,13.02,1.76,11.07,26.92,632,1.32,480,7895.06,4.3,70.0,13.09
1,2016-01-03,23,Sunday,1,7,6.56,14.52,1.76,11.45,29.96,509,1.32,385,6907.81,4.8,69.99,14.01
1,2016-01-04,2,Monday,0,1,6.44,14.0,1.29,11.29,31.94,124,1.17,106,1769.24,4.3,66.34,11.39
1,2016-01-04,4,Monday,0,1,6.43,13.85,1.55,10.79,32.72,111,1.11,100,1714.56,4.8,69.99,11.79
2,2016-01-04,5,Monday,0,1,7.6,15.66,1.92,11.57,34.53,262,1.9,138,2671.2,4.8,70.01,15.59
2,2016-01-04,6,Monday,0,1,4.73,11.11,1.31,9.89,26.22,756,1.93,391,5282.54,4.3,70.01,11.96
2,2016-01-04,7,Monday,0,1,3.82,10.27,1.37,10.57,20.79,1507,1.97,765,9610.17,3.8,68.34,8.55
2,2016-01-04,8,Monday,0,1,4.17,11.67,1.64,12.98,17.62,2002,2.0,999,14340.48,3.8,70.01,10.68
1,2016-01-04,9,Monday,0,1,3.84,11.06,1.47,12.09,17.07,867,1.12,775,10555.64,3.8,69.99,10.33
2,2016-01-04,11,Monday,0,1,4.02,10.85,1.41,11.11,19.16,1442,2.03,709,9457.07,3.8,70.01,10.46
2,2016-01-04,18,Monday,0,1,3.75,10.33,1.57,11.1,18.69,2645,2.03,1304,18075.21,4.8,70.01,9.48
2,2016-01-04,20,Monday,0,1,4.52,11.06,1.63,10.24,23.51,2094,2.06,1016,14432.49,4.3,70.01,10.61
1,2016-01-04,21,Monday,0,1,4.58,11.23,1.56,10.17,23.48,913,1.27,720,10308.44,4.3,70.0,11.26
2,2016-01-05,1,Tuesday,0,2,6.18,13.35,1.49,10.89,29.81,371,1.81,205,3344.89,4.8,66.34,12.24
2,2016-01-05,3,Tuesday,0,2,6.42,13.9,1.12,11.79,29.81,166,2.18,76,1240.41,4.3,48.3,10.7
1,2016-01-05,5,Tuesday,0,2,4.99,11.29,1.65,8.77,30.12,208,1.11,187,2731.97,4.8,69.99,12.72
1,2016-01-05,6,Tuesday,0,2,3.85,9.7,1.3,8.67,24.26,611,1.07,569,6809.5,3.8,70.0,9.7
1,2016-01-05,7,Tuesday,0,2,3.36,9.6,1.28,10.07,19.26,978,1.14,855,10058.24,3.8,62.19,7.47
1,2016-01-05,8,Tuesday,0,2,3.33,10.21,1.48,11.84,15.9,1143,1.13,1014,12762.7,3.3,69.99,8.17
2,2016-01-05,10,Tuesday,0,2,3.91,11.21,1.5,12.3,17.35,1759,2.06,853,11749.92,3.8,70.01,10.12
1,2016-01-05,11,Tuesday,0,2,3.38,10.64,1.39,12.33,15.23,910,1.21,752,9771.72,3.8,69.99,9.1
2,2016-01-05,13,Tuesday,0,2,3.98,11.43,1.42,12.52,17.04,1814,2.03,892,12421.04,3.3,70.01,10.96
2,2016-01-05,14,Tuesday,0,2,4.29,11.96,1.44,13.21,17.0,1851,2.04,908,13198.83,3.8,70.01,11.39
2,2016-01-05,15,Tuesday,0,2,4.13,11.68,1.43,13.32,16.81,2006,2.11,951,13496.92,3.8,70.01,10.77
2,2016-01-05,16,Tuesday,0,2,3.82,10.84,1.43,11.95,17.63,1758,2.01,876,12517.77,4.8,70.01,10.53
1,2016-01-05,18,Tuesday,0,2,3.59,10.59,1.62,12.13,16.6,1166,1.21,963,13599.76,4.8,70.0,8.62
1,2016-01-05,20,Tuesday,0,2,4.65,11.53,1.71,11.27,21.93,1039,1.18,877,12932.87,4.3,69.99,10.06
1,2016-01-06,0,Wednesday,0,3,4.97,11.8,1.59,10.41,26.14,393,1.19,330,4878.92,4.3,70.0,9.85
2,2016-01-06,2,Wednesday,0,3,5.71,12.64,1.42,10.73,30.44,295,2.2,134,2062.46,4.8,52.8,9.19
2,2016-01-06,9,Wednesday,0,3,3.68,11.01,1.57,12.61,16.39,2197,2.1,1046,14179.67,3.8,70.01,9.27
1,2016-01-06,12,Wednesday,0,3,3.74,11.27,1.41,12.88,15.53,914,1.18,772,10615.44,3.8,70.0,10.12
1,2016-01-06,17,Wednesday,0,3,3.73,11.07,1.59,13.0,15.93,1051,1.21,869,12712.4,4.8,70.0,10.02
1,2016-01-06,19,Wednesday,0,3,4.03,10.94,1.66,11.74,18.58,1176,1.16,1010,14659.56,4.3,69.99,9.61
2,2016-01-06,21,Wednesday,0,3,4.74,11.75,1.82,11.57,22.6,2346,2.04,1150,17305.94,4.3,70.01,10.25
1,2016-01-06,22,Wednesday,0,3,5.0,12.19,1.84,11.69,23.35,1065,1.25,851,13180.8,4.3,69.99,10.3
1,2016-01-06,23,Wednesday,0,3,5.34,12.51,1.88,11.46,25.67,675,1.22,555,8772.77,4.3,69.99,9.93
1,2016-01-07,2,Thursday,0,4,5.54,12.74,1.47,10.88,27.15,192,1.18,163,2539.71,5.3,58.34,10.28
1,2016-01-07,4,Thursday,0,4,6.13,13.53,1.31,11.12,30.32,115,1.16,99,1627.32,4.3,58.34,11.17
2,2016-01-07,5,Thursday,0,4,4.85,11.0,1.41,8.78,30.71,319,2.04,156,2185.33,4.3,70.01,11.49
2,2016-01-07,6,Thursday,0,4,4.12,10.12,1.33,9.15,25.14,896,2.03,442,5520.87,3.8,70.01,10.29
2,2016-01-07,7,Thursday,0,4,3.82,10.45,1.42,11.01,19.95,1820,2.04,890,11415.14,3.8,70.01,8.74
2,2016-01-07,8,Thursday,0,4,3.62,11.09,1.63,12.91,16.56,2237,1.96,1143,15591.39,3.8,70.01,8.91
1,2016-01-07,9,Thursday,0,4,3.53,11.03,1.62,12.82,15.69,993,1.11,897,12216.49,3.8,69.99,9.16
2,2016-01-07,11,Thursday,0,4,3.68,11.16,1.51,12.99,15.97,1775,2.07,859,11763.2,4.3,70.01,9.08
2,2016-01-07,18,Thursday,0,4,3.87,11.14,1.69,12.84,16.7,2619,2.09,1251,18547.8,4.8,70.01,9.72
2,2016-01-07,20,Thursday,0,4,4.58,11.8,1.84,12.23,20.75,2374,2.0,1189,18020.1,4.8,70.01,9.92
1,2016-01-07,21,Thursday,0,4,4.56,11.75,1.85,12.05,21.02,1278,1.24,1034,15533.54,4.3,69.99,9.34
1,2016-01-08,2,Friday,0,5,4.58,10.98,1.34,9.8,26.64,326,1.37,238,3252.81,4.8,42.8,7.7
1,2016-01-08,4,Friday,0,5,6.93,14.88,1.26,12.24,31.21,156,1.21,129,2281.22,4.8,69.99,12.12
2,2016-01-08,5,Friday,0,5,5.56,12.14,1.53,9.28,31.66,371,2.33,159,2439.69,4.8,70.01,12.07
2,2016-01-08,6,Friday,0,5,4.6,10.92,1.44,9.72,25.89,987,2.22,445,5964.5,4.75,70.01,11.24
2,2016-01-08,7,Friday,0,5,3.68,10.31,1.43,11.02,19.44,1824,1.97,926,11747.85,3.8,70.01,8.61
2,2016-01-08,8,Friday,0,5,3.69,11.36,1.74,13.37,15.72,2319,2.1,1106,15520.97,3.8,70.01,9.43
1,2016-01-08,9,Friday,0,5,3.54,11.34,1.61,13.63,14.68,932,1.1,847,11763.65,3.8,68.34,8.48
2,2016-01-08,11,Friday,0,5,3.76,11.31,1.44,12.98,16.04,1955,2.13,919,12656.05,3.8,70.01,9.72
2,2016-01-08,18,Friday,0,5,4.0,11.34,1.72,12.88,17.02,2546,2.01,1269,19114.85,4.8,70.01,10.14
2,2016-01-08,20,Friday,0,5,3.98,10.98,1.61,11.98,18.82,2399,2.0,1198,16801.74,4.3,70.01,9.03
1,2016-01-08,21,Friday,0,5,4.23,11.48,1.66,12.1,19.48,1299,1.35,960,14008.34,4.8,69.99,9.44
2,2016-01-09,1,Saturday,1,6,4.72,11.68,1.67,11.71,22.75,1880,2.0,942,13863.0,4.3,56.81,8.1
2,2016-01-09,3,Saturday,1,6,5.38,12.59,1.73,11.77,25.97,1118,2.07,539,8430.06,4.3,60.41,8.63
1,2016-01-09,5,Saturday,1,6,6.31,14.09,1.41,11.2,30.81,191,1.22,157,2686.08,4.8,69.99,13.38
1,2016-01-09,6,Saturday,1,6,6.63,14.54,1.7,10.9,30.62,173,1.12,154,2687.47,4.3,69.99,15.55
1,2016-01-09,7,Saturday,1,6,4.8,11.2,1.34,9.32,28.08,357,1.16,308,4196.15,3.8,69.99,10.22
1,2016-01-09,8,Saturday,1,6,4.26,10.43,1.34,8.94,25.24,504,1.18,426,5455.0,3.8,69.99,9.91
2,2016-01-09,10,Saturday,1,6,3.78,9.93,1.29,9.51,22.12,1897,2.06,921,11251.17,3.8,70.01,8.53
1,2016-01-09,11,Saturday,1,6,3.39,9.74,1.22,10.23,19.21,1055,1.32,799,9432.95,3.3,58.34,6.86
2,2016-01-09,13,Saturday,1,6,3.71,10.64,1.36,11.57,18.32,2417,2.1,1151,14923.26,3.8,70.01,9.06
2,2016-01-09,14,Saturday,1,6,4.23,11.53,1.38,12.38,19.04,1992,2.01,992,13767.21,3.8,70.01,10.4
2,2016-01-09,15,Saturday,1,6,3.75,10.69,1.35,11.78,18.1,2109,2.03,1038,13526.42,3.8,70.01,9.08
2,2016-01-09,16,Saturday,1,6,3.93,10.96,1.42,11.95,18.56,2104,2.04,1033,13779.93,3.8,70.01,9.6
1,2016-01-09,18,Saturday,1,6,3.42,10.26,1.41,11.71,16.9,1471,1.38,1064,13551.49,3.8,69.99,7.34
1,2016-01-09,20,Saturday,1,6,3.6,10.69,1.46,12.26,16.96,1272,1.39,913,12367.54,4.8,69.99,7.8
1,2016-01-10,0,Sunday,1,7,4.31,11.34,1.63,11.94,20.58,1531,1.43,1068,15295.62,4.3,63.35,7.9
2,2016-01-10,2,Sunday,1,7,4.86,11.77,1.66,11.54,23.43,2008,2.08,965,14286.17,4.3,57.8,8.4
2,2016-01-10,4,Sunday,1,7,5.71,13.04,1.39,12.22,25.42,838,2.14,391,6208.31,3.8,58.34,10.23
2,2016-01-10,9,Sunday,1,7,4.07,10.05,1.33,8.82,25.47,1178,2.08,566,6971.35,3.8,70.01,9.57
1,2016-01-10,12,Sunday,1,7,3.79,10.22,1.42,10.35,19.96,1115,1.34,830,10471.25,3.8,70.34,8.89
1,2016-01-10,17,Sunday,1,7,4.08,11.0,1.53,11.8,19.79,1026,1.3,789,10800.65,3.8,64.34,9.26
1,2016-01-10,19,Sunday,1,7,4.64,11.57,1.63,11.15,22.0,918,1.34,686,9940.02,3.8,70.0,11.73
2,2016-01-10,21,Sunday,1,7,5.71,12.95,1.97,11.26,26.6,1488,2.08,716,11902.54,4.8,70.01,12.97
1,2016-01-10,22,Sunday,1,7,5.18,12.08,1.74,10.48,25.97,737,1.34,549,8477.72,4.3,70.0,11.61
1,2016-01-10,23,Sunday,1,7,6.26,13.86,1.85,11.28,29.77,559,1.23,453,7912.1,4.8,70.0,12.52
2,2016-01-11,1,Monday,0,1,5.8,12.96,1.5,11.38,28.27,364,2.07,176,2783.93,4.3,54.34,10.85
2,2016-01-11,3,Monday,0,1,5.01,11.46,1.13,9.64,29.6,151,2.19,69,963.49,4.8,42.84,8.28
1,2016-01-11,5,Monday,0,1,6.11,13.25,1.86,10.08,31.53,189,1.07,176,2975.82,4.3,69.99,14.01
1,2016-01-11,6,Monday,0,1,4.35,10.69,1.5,9.46,24.88,519,1.07,486,6443.25,4.3,69.99,10.22
1,2016-01-11,7,Monday,0,1,3.79,10.47,1.46,10.97,19.69,929,1.14,817,10572.0,3.8,58.35,8.96
1,2016-01-11,8,Monday,0,1,3.58,11.35,1.72,13.89,15.07,1102,1.13,977,13714.51,3.3,69.99,9.59
2,2016-01-11,10,Monday,0,1,4.32,12.16,1.67,13.68,17.14,1612,1.98,816,12224.69,3.8,70.01,12.1
1,2016-01-11,11,Monday,0,1,3.98,11.89,1.5,13.81,15.92,840,1.18,714,10340.3,3.8,70.0,10.91
2,2016-01-11,13,Monday,0,1,4.07,11.63,1.54,12.94,17.18,1749,2.2,794,11337.98,3.8,70.01,10.77
2,2016-01-11,14,Monday,0,1,4.12,11.74,1.53,13.23,16.63,1760,2.02,871,12505.54,3.8,70.34,11.63
2,2016-01-11,15,Monday,0,1,3.95,11.25,1.4,12.73,16.87,1931,2.01,963,13231.32,3.8,70.01,10.58
2,2016-01-11,16,Monday,0,1,4.04,11.29,1.63,12.77,17.57,1811,2.06,879,13206.4,4.8,65.34,10.47
1,2016-01-11,18,Monday,0,1,3.59,10.46,1.61,11.77,17.09,1338,1.21,1110,15604.82,4.3,70.0,9.08
1,2016-01-11,20,Monday,0,1,4.46,11.2,1.81,10.93,21.86,1143,1.21,942,13647.92,4.8,70.0,10.13
2,2016-01-12,1,Tuesday,0,2,5.72,12.67,1.66,10.5,29.71,413,1.84,224,3539.76,4.3,64.34,10.93
2,2016-01-12,3,Tuesday,0,2,7.44,15.76,1.44,13.79,30.8,196,2.39,82,1536.3,5.8,42.3,9.58
1,2016-01-12,5,Tuesday,0,2,4.66,10.78,1.57,8.7,29.57,187,1.06,176,2441.72,4.8,60.95,10.17
1,2016-01-12,6,Tuesday,0,2,3.75,9.74,1.25,8.68,23.6,499,1.09,458,5487.74,3.8,69.99,9.11
1,2016-01-12,7,Tuesday,0,2,3.62,10.33,1.42,10.91,19.09,924,1.1,837,10627.41,4.3,69.99,8.84
1,2016-01-12,8,Tuesday,0,2,3.51,10.86,1.63,12.65,15.58,1185,1.14,1039,13961.44,3.8,69.99,9.27
2,2016-01-12,10,Tuesday,0,2,4.12,12.06,1.72,13.94,16.11,1925,2.08,926,13801.4,3.8,70.01,11.15
1,2016-01-12,11,Tuesday,0,2,3.69,11.59,1.61,13.79,14.86,954,1.12,850,12038.51,3.8,69.99,10.32
2,2016-01-12,13,Tuesday,0,2,4.18,11.97,1.59,13.43,16.82,1882,2.17,869,12766.08,3.8,70.01,11.01
2,2016-01-12,14,Tuesday,0,2,3.75,11.2,1.39,12.97,15.7,2023,2.16,938,12799.9,3.8,70.01,9.99
2,2016-01-12,15,Tuesday,0,2,4.28,12.11,1.71,13.82,16.27,1951,2.05,952,14248.33,3.8,70.01,12.08
2,2016-01-12,16,Tuesday,0,2,3.78,11.32,1.63,13.76,15.53,1735,2.1,828,12419.96,4.8,70.01,10.18
1,2016-01-12,18,Tuesday,0,2,3.27,10.27,1.64,12.2,15.51,1256,1.19,1058,14602.54,4.8,69.99,7.83
1,2016-01-12,20,Tuesday,0,2,4.21,10.88,1.79,10.91,21.17,1092,1.15,946,13403.08,4.3,70.34,9.29
1,2016-01-13,2,Wednesday,0,3,5.46,12.29,1.48,10.77,28.01,168,1.17,143,2155.58,4.8,57.25,8.8
1,2016-01-13,4,Wednesday,0,3,5.55,12.44,1.42,10.28,30.47,130,1.18,110,1694.41,4.8,47.19,9.49
2,2016-01-13,5,Wednesday,0,3,6.01,12.89,1.88,9.72,31.8,341,2.04,167,2767.51,4.3,70.01,13.77
2,2016-01-13,6,Wednesday,0,3,4.42,10.66,1.45,9.55,25.44,1084,2.15,505,6639.53,4.3,70.01,10.73
2,2016-01-13,7,Wednesday,0,3,3.87,10.62,1.53,11.26,19.5,1959,1.99,986,12909.89,3.8,70.01,8.96
2,2016-01-13,8,Wednesday,0,3,3.45,10.85,1.63,13.01,15.28,2402,1.94,1235,16538.75,3.8,70.01,8.42
1,2016-01-13,9,Wednesday,0,3,3.39,11.26,1.65,13.75,14.03,1021,1.09,934,12968.55,3.8,69.99,9.3
2,2016-01-13,11,Wednesday,0,3,3.75,11.44,1.6,13.48,15.45,1965,2.04,963,13542.93,3.8,70.01,9.74
2,2016-01-13,18,Wednesday,0,3,3.68,10.8,1.69,12.64,16.3,2847,2.04,1393,20152.42,4.8,70.01,9.16
2,2016-01-13,20,Wednesday,0,3,4.34,11.32,1.8,11.69,20.56,2759,2.0,1381,20218.91,4.3,70.01,10.05
1,2016-01-13,21,Wednesday,0,3,4.4,11.33,1.84,11.46,21.21,1285,1.22,1050,15411.05,4.3,69.99,9.61
2,2016-01-14,1,Thursday,0,4,5.6,12.62,1.64,11.22,27.84,524,1.85,284,4429.74,5.3,65.34,9.92
2,2016-01-14,3,Thursday,0,4,7.01,14.71,1.53,11.77,32.2,225,2.25,100,1752.98,4.3,52.8,10.6
1,2016-01-14,5,Thursday,0,4,4.85,10.94,1.41,8.44,29.34,202,1.05,192,2679.04,4.8,69.99,11.77
1,2016-01-14,6,Thursday,0,4,4.19,10.45,1.43,9.34,24.19,503,1.05,480,6213.03,3.8,70.01,10.82
1,2016-01-14,7,Thursday,0,4,3.64,10.26,1.57,11.04,18.83,977,1.1,886,11314.98,3.8,69.99,8.14
1,2016-01-14,8,Thursday,0,4,3.19,10.47,1.61,12.5,14.79,1084,1.12,972,12648.6,4.3,67.59,7.77
2,2016-01-14,10,Thursday,0,4,3.82,11.84,1.63,14.07,15.47,1918,2.01,955,13863.69,4.3,70.01,9.76
1,2016-01-14,11,Thursday,0,4,3.75,11.69,1.62,13.67,15.14,991,1.18,843,12125.53,3.8,69.99,10.65
2,2016-01-14,13,Thursday,0,4,4.23,12.23,1.76,14.08,15.98,1917,2.07,928,14036.66,3.8,70.01,11.46
2,2016-01-14,14,Thursday,0,4,4.24,12.19,1.73,13.93,16.31,2273,2.07,1097,16532.28,3.8,70.01,11.7
2,2016-01-14,15,Thursday,0,4,4.44,12.34,1.67,14.17,16.54,2106,2.05,1026,15621.56,3.8,70.01,12.73
2,2016-01-14,16,Thursday,0,4,3.98,11.62,1.76,13.55,16.28,1741,2.08,836,12960.1,4.8,70.01,11.46
1,2016-01-14,18,Thursday,0,4,3.6,10.97,1.72,13.08,15.52,1241,1.18,1055,15501.51,4.3,69.99,9.08
1,2016-01-14,20,Thursday,0,4,4.44,11.66,1.79,12.26,19.7,1315,1.17,1124,16802.29,4.3,68.34,9.76
2,2016-01-15,1,Friday,0,5,5.26,12.16,1.6,11.17,26.64,828,1.91,434,6549.83,4.8,59.35,9.36
2,2016-01-15,3,Friday,0,5,5.21,11.96,1.38,10.62,27.85,358,2.01,178,2616.43,4.3,63.36,9.26
1,2016-01-15,5,Friday,0,5,6.75,14.37,2.03,10.87,31.8,199,1.11,180,3258.76,4.8,69.99,15.56
1,2016-01-15,6,Friday,0,5,4.43,10.75,1.43,9.45,25.42,516,1.06,487,6470.27,3.8,69.99,10.92
1,2016-01-15,7,Friday,0,5,3.75,10.39,1.53,10.79,19.29,886,1.1,809,10451.32,3.8,69.99,9.54
1,2016-01-15,8,Friday,0,5,3.77,11.31,1.73,13.12,15.91,1111,1.11,1000,13984.57,4.3,70.0,9.5
2,2016-01-15,10,Friday,0,5,3.67,11.29,1.56,13.18,15.57,1851,2.01,920,12766.26,3.8,70.01,9.95
1,2016-01-15,11,Friday,0,5,4.08,12.2,1.66,14.3,15.37,918,1.17,784,11738.71,4.3,65.34,10.84
2,2016-01-15,13,Friday,0,5,4.25,11.88,1.69,12.87,17.47,1772,1.99,889,13106.63,3.8,70.01,11.8
2,2016-01-15,14,Friday,0,5,4.33,12.24,1.65,14.16,16.35,2073,2.05,1009,15163.84,3.8,70.01,11.91
2,2016-01-15,15,Friday,0,5,3.84,11.59,1.65,14.08,15.23,1844,1.96,941,13459.87,3.8,61.01,10.33
2,2016-01-15,16,Friday,0,5,4.0,11.76,1.72,14.23,16.2,1620,1.97,823,12836.89,4.8,64.8,10.69
1,2016-01-15,18,Friday,0,5,3.84,11.36,1.65,13.38,15.86,1382,1.25,1104,16536.56,4.8,69.99,9.56
1,2016-01-15,20,Friday,0,5,3.95,11.05,1.69,12.22,18.04,1355,1.3,1039,14779.79,4.3,69.99,9.09
2,2016-01-16,1,Saturday,1,6,5.03,12.49,1.77,12.94,21.78,2135,2.05,1043,16325.52,3.8,66.36,9.37
2,2016-01-16,3,Saturday,1,6,5.35,12.7,1.59,12.69,23.78,1099,2.09,525,8189.24,4.3,54.36,8.41
1,2016-01-16,5,Saturday,1,6,7.81,16.22,1.43,12.26,32.23,190,1.18,161,3105.53,4.3,69.99,15.82
1,2016-01-16,6,Saturday,1,6,6.1,13.61,1.29,10.58,30.03,221,1.13,196,3156.64,4.3,69.99,14.66
1,2016-01-16,7,Saturday,1,6,5.27,12.26,1.69,10.62,26.79,342,1.14,299,4552.87,3.8,69.99,13.68
1,2016-01-16,8,Saturday,1,6,4.21,10.45,1.34,9.23,24.55,535,1.17,458,5865.44,4.3,68.34,10.28
2,2016-01-16,10,Saturday,1,6,4.13,10.54,1.41,9.95,22.36,1865,2.13,875,11377.63,4.3,70.01,10.01
1,2016-01-16,11,Saturday,1,6,3.85,10.38,1.3,10.24,20.15,971,1.28,756,9584.73,3.8,69.99,9.45
2,2016-01-16,13,Saturday,1,6,4.02,11.16,1.43,11.67,19.05,2263,2.11,1071,14586.23,3.8,70.01,10.76
2,2016-01-16,14,Saturday,1,6,4.24,11.39,1.46,12.05,19.02,2009,2.06,976,13593.26,3.8,70.01,11.08
2,2016-01-16,15,Saturday,1,6,4.05,11.13,1.42,12.01,18.58,2199,1.98,1108,15024.18,3.8,70.01,10.38
2,2016-01-16,16,Saturday,1,6,4.08,11.29,1.47,12.33,18.69,2276,2.05,1112,15305.41,3.8,70.34,9.92
1,2016-01-16,18,Saturday,1,6,3.68,10.79,1.41,12.4,17.02,1568,1.37,1142,15155.42,3.8,70.34,8.15
1,2016-01-16,20,Saturday,1,6,3.65,10.74,1.54,12.24,17.45,1361,1.4,969,13248.32,3.8,69.99,7.68
1,2016-01-17,2,Sunday,1,7,4.88,11.97,1.68,11.6,23.4,1145,1.42,807,12122.99,4.3,60.35,8.48
1,2016-01-17,4,Sunday,1,7,6.05,13.57,1.19,12.07,27.31,502,1.37,367,5931.46,4.8,48.96,9.45
2,2016-01-17,5,Sunday,1,7,7.07,14.87,1.3,11.36,33.22,380,2.08,183,3237.08,4.3,70.01,14.0
2,2016-01-17,6,Sunday,1,7,6.44,13.89,1.58,10.72,32.23,302,1.88,161,2692.53,4.3,70.01,13.55
2,2016-01-17,7,Sunday,1,7,4.86,11.13,1.35,8.69,28.91,510,2.03,251,3404.84,4.8,70.01,12.12
2,2016-01-17,8,Sunday,1,7,4.17,10.22,1.32,8.54,26.71,769,2.1,367,4610.05,4.3,70.01,9.65
1,2016-01-17,9,Sunday,1,7,4.0,9.98,1.3,8.53,24.97,631,1.27,496,6085.36,4.3,69.99,9.46
2,2016-01-17,11,Sunday,1,7,3.86,10.2,1.3,9.84,21.81,1873,2.05,915,11402.23,3.8,70.01,9.07
2,2016-01-17,18,Sunday,1,7,4.22,11.37,1.48,12.36,18.55,2279,2.06,1108,15415.31,4.3,70.01,10.25
2,2016-01-17,20,Sunday,1,7,4.31,10.98,1.5,10.85,21.82,1887,2.04,927,12930.0,4.3,70.01,9.95
1,2016-01-17,21,Sunday,1,7,4.52,11.32,1.7,10.62,22.84,941,1.33,707,10279.98,4.3,70.01,10.8
2,2016-01-18,1,Monday,0,1,5.44,12.34,1.58,10.78,27.81,673,1.94,347,5294.33,4.3,68.34,9.47
2,2016-01-18,3,Monday,0,1,5.56,12.4,1.54,10.38,29.07,356,2.05,174,2660.45,4.3,70.01,10.14
1,2016-01-18,5,Monday,0,1,6.99,15.11,1.92,11.04,33.43,139,1.14,122,2293.58,4.8,70.0,15.77
1,2016-01-18,6,Monday,0,1,5.27,12.04,1.48,9.56,27.96,270,1.09,248,3675.3,3.8,69.99,14.28
1,2016-01-18,7,Monday,0,1,4.32,10.54,1.62,8.97,25.13,462,1.15,403,5330.0,3.8,69.99,11.84
1,2016-01-18,8,Monday,0,1,3.86,10.34,1.53,10.0,21.36,711,1.15,617,7985.73,3.8,69.99,9.85
2,2016-01-18,10,Monday,0,1,4.27,10.9,1.56,10.58,21.3,1597,2.05,778,10526.82,3.8,70.01,11.35
1,2016-01-18,11,Monday,0,1,4.05,10.76,1.48,10.67,19.72,945,1.24,760,10115.11,3.8,69.99,11.39
2,2016-01-18,13,Monday,0,1,4.14,11.04,1.53,11.3,19.47,2117,2.0,1061,14532.33,3.8,70.01,11.02
2,2016-01-18,14,Monday,0,1,4.19,11.05,1.66,11.36,19.8,2190,2.11,1040,14403.81,3.8,70.01,10.92
2,2016-01-18,15,Monday,0,1,4.04,10.83,1.52,11.32,19.16,2330,2.1,1107,14868.25,3.8,70.01,11.17
2,2016-01-18,16,Monday,0,1,4.21,11.13,1.68,11.64,19.54,2285,2.14,1066,14885.38,3.8,71.21,11.64
1,2016-01-18,18,Monday,0,1,3.9,10.43,1.57,10.74,19.55,1296,1.28,1011,13328.66,3.8,70.0,10.38
1,2016-01-18,20,Monday,0,1,4.54,11.2,1.85,10.3,22.89,908,1.26,723,10594.93,4.3,70.0,11.66
2,2016-01-19,1,Tuesday,0,2,5.17,11.81,1.46,10.2,27.96,433,2.15,201,2950.62,4.3,68.34,9.65
1,2016-01-19,5,Tuesday,0,2,5.47,12.19,1.84,9.2,30.47,208,1.08,192,3001.69,4.8,69.99,13.98
1,2016-01-19,6,Tuesday,0,2,4.26,10.62,1.47,9.48,24.29,582,1.11,523,6876.42,4.3,70.0,12.03
1,2016-01-19,7,Tuesday,0,2,3.69,10.56,1.53,11.62,18.31,988,1.12,884,11503.1,4.3,69.99,8.42
1,2016-01-19,8,Tuesday,0,2,3.46,11.31,1.69,13.92,14.41,1217,1.15,1061,14763.07,3.8,69.99,8.72
2,2016-01-19,10,Tuesday,0,2,4.16,12.81,1.89,15.76,14.79,2042,2.09,976,15489.23,3.8,70.01,12.23
1,2016-01-19,11,Tuesday,0,2,3.39,11.79,1.64,14.91,13.22,996,1.18,847,12246.28,3.8,68.34,9.91
2,2016-01-19,13,Tuesday,0,2,3.75,11.66,1.56,14.0,14.68,2038,2.0,1018,14518.07,4.3,70.01,10.69
2,2016-01-19,14,Tuesday,0,2,4.17,12.1,1.66,13.79,15.96,2113,2.13,992,14838.45,3.8,70.34,12.14
2,2016-01-19,15,Tuesday,0,2,3.59,11.1,1.49,13.27,14.93,2040,2.09,976,13285.72,4.3,68.34,10.02
2,2016-01-19,16,Tuesday,0,2,3.75,11.23,1.57,13.47,15.73,1681,1.98,848,12553.37,4.8,70.01,10.57
1,2016-01-19,18,Tuesday,0,2,3.64,11.22,1.72,13.56,15.02,1310,1.22,1074,16010.58,4.3,70.0,9.58
1,2016-01-19,20,Tuesday,0,2,4.39,11.35,1.79,11.35,20.91,1230,1.18,1043,15237.06,3.8,69.99,10.15
2,2016-01-20,1,Wednesday,0,3,5.86,12.97,1.7,11.14,28.63,449,1.8,249,4002.66,4.3,68.34,10.5
2,2016-01-20,3,Wednesday,0,3,5.57,12.31,1.27,10.05,30.04,232,2.52,92,1390.7,4.8,58.34,10.55
1,2016-01-20,5,Wednesday,0,3,6.31,13.54,1.93,10.17,30.87,198,1.07,185,3179.08,4.8,69.99,15.28
1,2016-01-20,6,Wednesday,0,3,4.29,10.61,1.53,9.79,23.99,518,1.04,496,6561.14,4.3,70.0,11.02
1,2016-01-20,7,Wednesday,0,3,3.78,10.72,1.65,11.8,18.25,994,1.12,886,11853.64,3.3,69.99,9.73
1,2016-01-20,8,Wednesday,0,3,3.27,10.84,1.67,13.26,14.43,1175,1.13,1036,13952.49,3.8,69.99,8.73
2,2016-01-20,10,Wednesday,0,3,4.16,12.47,1.91,14.93,14.97,1858,2.07,899,14000.7,3.8,70.01,12.44
1,2016-01-20,11,Wednesday,0,3,3.91,12.14,1.69,14.54,14.69,994,1.14,869,12983.33,3.8,68.34,10.83
2,2016-01-20,13,Wednesday,0,3,4.31,12.76,1.78,15.18,15.28,1829,2.05,892,14021.65,4.3,70.01,12.11
2,2016-01-20,14,Wednesday,0,3,4.04,11.9,1.64,13.95,15.42,2023,2.03,999,14649.17,3.8,70.01,11.43
2,2016-01-20,15,Wednesday,0,3,4.16,12.11,1.66,14.4,15.4,1829,2.04,896,13450.91,3.8,70.34,11.99
2,2016-01-20,16,Wednesday,0,3,3.9,11.38,1.62,13.57,16.04,1654,2.03,815,12320.46,4.8,70.01,10.61
1,2016-01-20,18,Wednesday,0,3,3.58,11.02,1.66,13.32,15.35,1348,1.21,1110,16243.15,4.8,67.34,8.78
1,2016-01-20,20,Wednesday,0,3,4.46,11.69,1.84,12.24,20.01,1297,1.18,1100,16523.55,4.3,69.99,9.89
1,2016-01-21,0,Thursday,0,4,4.7,11.6,1.65,11.16,24.21,497,1.17,424,6218.9,4.8,69.99,8.75
2,2016-01-21,2,Thursday,0,4,5.59,12.74,1.67,11.43,27.56,334,2.07,161,2535.39,5.3,52.56,9.01
2,2016-01-21,4,Thursday,0,4,6.87,14.62,1.82,11.98,32.34,237,2.19,108,1958.59,4.8,70.01,12.0
2,2016-01-21,9,Thursday,0,4,3.7,11.67,1.77,14.35,14.32,2112,1.96,1077,15596.11,4.3,70.01,10.17
1,2016-01-21,12,Thursday,0,4,3.82,12.14,1.77,14.61,14.15,966,1.18,818,12286.9,3.8,69.99,11.38
1,2016-01-21,17,Thursday,0,4,3.48,11.27,1.71,14.3,14.08,1073,1.22,877,13126.09,4.8,68.34,9.33
1,2016-01-21,19,Thursday,0,4,3.92,11.46,1.86,13.41,16.14,1379,1.2,1149,17571.92,4.8,70.59,10.4
2,2016-01-21,21,Thursday,0,4,4.82,12.4,1.91,12.91,20.65,2567,1.98,1297,20555.99,4.3,70.01,10.69
1,2016-01-21,22,Thursday,0,4,4.9,12.58,1.96,13.02,20.76,1302,1.23,1055,16920.05,4.3,70.84,10.85
1,2016-01-21,23,Thursday,0,4,5.03,12.7,1.95,12.98,21.88,1050,1.26,836,13483.2,4.3,70.0,10.38
2,2016-01-22,0,Friday,0,5,5.04,12.36,1.77,12.47,23.47,1355,1.97,687,10662.55,4.3,61.56,9.63
1,2016-01-22,1,Friday,0,5,4.87,11.72,1.5,10.95,24.71,448,1.2,373,5442.53,4.8,69.99,8.79
1,2016-01-22,3,Friday,0,5,4.94,11.66,1.32,10.57,26.79,230,1.28,179,2573.9,5.3,48.5,8.46
1,2016-01-22,10,Friday,0,5,3.53,11.32,1.46,13.56,14.39,922,1.14,811,11178.66,3.8,70.0,9.78
2,2016-01-22,12,Friday,0,5,3.7,11.48,1.59,13.68,15.12,1897,2.06,923,13027.97,3.8,70.01,10.29
1,2016-01-22,13,Friday,0,5,3.88,11.42,1.56,13.06,15.85,1129,1.21,936,13128.7,3.8,69.99,10.56
1,2016-01-22,14,Friday,0,5,3.97,11.75,1.5,13.89,15.24,1190,1.25,952,13659.76,3.8,69.99,11.09
1,2016-01-22,15,Friday,0,5,3.68,11.24,1.51,13.67,14.89,1170,1.23,954,13308.28,3.8,69.99,10.82
1,2016-01-22,16,Friday,0,5,3.48,10.7,1.52,12.69,15.6,896,1.2,746,10620.19,5.3,69.99,10.08
2,2016-01-22,17,Friday,0,5,3.62,10.94,1.61,13.08,15.81,2386,2.02,1180,17197.73,4.8,70.01,9.83
2,2016-01-22,19,Friday,0,5,3.77,10.77,1.64,12.16,17.48,3018,2.01,1501,21588.94,4.3,70.01,9.02
2,2016-01-22,22,Friday,0,5,4.42,11.89,1.72,13.19,18.77,2492,2.03,1226,18414.1,4.3,70.01,9.71
2,2016-01-22,23,Friday,0,5,4.49,11.83,1.68,13.23,19.4,2471,2.09,1181,17626.24,4.3,70.01,9.17
2,2016-01-23,0,Saturday,1,6,4.83,12.53,1.86,14.52,19.03,2036,2.08,979,15444.77,4.3,66.34,9.76
1,2016-01-23,1,Saturday,1,6,4.4,11.77,1.9,14.18,17.64,856,1.33,646,9712.2,4.3,63.35,8.66
1,2016-01-23,3,Saturday,1,6,4.59,11.57,1.71,12.81,20.07,458,1.35,340,4973.44,4.3,50.3,8.37
1,2016-01-23,10,Saturday,1,6,2.76,8.71,1.0,10.34,15.71,149,1.38,108,1142.07,4.3,31.55,5.76
2,2016-01-23,12,Saturday,1,6,2.98,9.33,1.21,11.81,15.4,308,1.84,167,1894.87,3.8,38.8,5.65
1,2016-01-23,13,Saturday,1,6,2.79,8.97,1.24,11.33,14.42,121,1.22,99,1090.33,4.3,30.3,5.79
1,2016-01-23,14,Saturday,1,6,4.24,11.39,1.64,14.05,17.16,77,1.26,61,848.91,3.8,35.3,8.1
1,2016-01-23,16,Saturday,1,6,2.41,8.13,1.2,10.19,14.76,11,1.38,8,81.99,5.8,16.3,3.42
1,2016-01-24,10,Sunday,1,7,3.6,10.06,1.47,11.1,18.7,243,1.28,190,2358.83,3.8,54.3,7.83
2,2016-01-24,12,Sunday,1,7,3.77,10.61,1.42,11.87,17.69,1158,2.05,564,7299.81,4.3,70.01,8.82
1,2016-01-24,13,Sunday,1,7,3.75,10.77,1.49,11.74,17.34,493,1.3,380,5017.52,4.8,70.34,10.06
1,2016-01-24,14,Sunday,1,7,3.94,11.06,1.47,12.09,17.79,619,1.39,446,6019.15,3.8,69.99,9.56
1,2016-01-24,15,Sunday,1,7,3.64,10.6,1.46,12.02,17.07,602,1.33,453,5894.84,4.3,70.0,8.94
1,2016-01-24,16,Sunday,1,7,3.92,11.01,1.42,12.13,17.39,672,1.37,490,6635.79,3.8,69.99,10.42
2,2016-01-24,17,Sunday,1,7,4.21,11.61,1.48,13.16,17.9,1530,2.05,747,10508.79,4.3,70.01,10.17
2,2016-01-24,19,Sunday,1,7,3.88,10.5,1.37,11.11,19.22,1627,2.01,810,10364.95,3.8,70.01,9.07
2,2016-01-24,22,Sunday,1,7,5.42,12.84,1.65,12.85,22.58,1160,1.92,604,9714.06,4.8,70.01,11.53
2,2016-01-24,23,Sunday,1,7,6.1,13.97,1.42,13.55,24.63,926,2.01,461,7800.04,4.8,70.01,11.57
2,2016-01-25,0,Monday,0,1,5.49,12.49,1.49,11.51,25.63,609,2.02,301,4642.01,4.8,63.34,10.64
1,2016-01-25,1,Monday,0,1,6.67,14.77,1.57,13.33,26.81,197,1.27,155,2784.72,4.8,69.99,13.35
1,2016-01-25,3,Monday,0,1,6.42,14.51,1.38,13.35,25.74,79,1.32,60,1046.62,5.3,69.99,14.29
1,2016-01-25,10,Monday,0,1,4.03,14.1,1.79,19.03,12.21,619,1.13,546,9209.04,3.8,69.39,11.29
2,2016-01-25,12,Monday,0,1,4.0,13.78,1.85,17.8,12.69,1324,2.11,628,10472.48,3.8,70.01,12.6
1,2016-01-25,13,Monday,0,1,3.85,13.34,1.73,17.27,12.71,638,1.18,541,8704.86,3.8,69.99,11.64
1,2016-01-25,14,Monday,0,1,3.89,13.24,1.63,17.15,12.47,776,1.18,656,10467.06,3.8,70.34,11.83
1,2016-01-25,15,Monday,0,1,3.59,12.71,1.59,17.03,11.95,826,1.23,669,10294.64,3.8,70.34,10.62
1,2016-01-25,16,Monday,0,1,4.03,13.22,1.69,16.68,13.18,676,1.25,542,9180.0,4.8,69.99,11.88
2,2016-01-25,17,Monday,0,1,3.52,12.13,1.89,16.09,13.2,1732,1.95,890,14192.05,4.8,70.01,9.59
2,2016-01-25,19,Monday,0,1,4.28,12.07,1.81,14.1,16.59,2055,1.99,1034,16395.8,4.8,70.01,10.82
2,2016-01-25,22,Monday,0,1,5.04,12.62,2.01,13.46,20.76,1861,2.15,866,13961.65,4.8,70.01,10.52
2,2016-01-25,23,Monday,0,1,6.15,14.25,2.06,14.03,23.55,1187,1.97,602,10817.77,3.8,70.61,13.39
2,2016-01-26,0,Tuesday,0,2,6.38,14.27,1.96,13.37,25.69,891,2.17,410,7307.84,4.3,70.01,12.13
1,2016-01-26,1,Tuesday,0,2,6.02,13.4,1.8,11.91,26.83,248,1.21,205,3403.38,4.3,70.0,11.56
1,2016-01-26,3,Tuesday,0,2,5.98,13.45,1.39,12.33,27.12,120,1.24,97,1581.93,4.8,47.24,9.16
1,2016-01-26,10,Tuesday,0,2,3.4,13.47,1.79,18.99,10.88,739,1.14,646,10460.8,4.3,69.99,9.5
2,2016-01-26,12,Tuesday,0,2,3.69,13.91,1.85,19.02,11.29,1476,2.02,732,12336.88,4.3,59.21,10.92
1,2016-01-26,13,Tuesday,0,2,3.73,14.07,1.88,19.48,11.19,748,1.13,660,11206.1,3.8,69.99,10.73
1,2016-01-26,14,Tuesday,0,2,4.04,14.43,2.04,19.45,11.45,892,1.19,751,13194.56,3.8,70.0,12.31
1,2016-01-26,15,Tuesday,0,2,3.72,13.8,1.73,19.08,10.89,882,1.28,689,11528.32,3.8,69.99,11.37
1,2016-01-26,16,Tuesday,0,2,3.74,13.28,1.88,17.94,12.02,698,1.21,578,9929.37,4.8,70.0,11.01
2,2016-01-26,17,Tuesday,0,2,3.48,13.03,1.75,17.91,12.06,1816,2.0,906,15161.59,4.3,70.01,10.03
2,2016-01-26,19,Tuesday,0,2,4.04,12.0,1.9,14.33,15.88,2266,1.99,1136,18001.65,4.8,70.01,9.77
2,2016-01-26,22,Tuesday,0,2,5.21,13.08,2.03,13.79,20.99,2216,2.04,1088,18076.5,4.3,70.01,10.63
2,2016-01-26,23,Tuesday,0,2,5.4,12.98,1.97,12.95,22.86,1426,1.97,723,11885.39,4.3,70.01,10.74
2,2016-01-27,0,Wednesday,0,3,6.2,14.08,1.86,13.22,25.86,937,2.02,464,8039.22,4.3,70.01,11.23
1,2016-01-27,1,Wednesday,0,3,5.08,12.08,1.52,11.6,24.37,271,1.19,228,3414.71,4.3,62.76,9.22
1,2016-01-27,3,Wednesday,0,3,5.47,12.4,1.37,11.0,27.79,117,1.21,97,1472.38,4.8,45.95,8.96
1,2016-01-27,10,Wednesday,0,3,3.25,12.15,1.7,16.16,11.79,852,1.13,751,11082.38,3.8,58.34,9.03
2,2016-01-27,12,Wednesday,0,3,3.58,13.13,1.73,17.88,11.93,1586,1.94,816,12924.21,4.3,70.01,10.27
1,2016-01-27,13,Wednesday,0,3,3.49,12.77,1.59,17.18,11.94,805,1.18,685,10458.28,3.8,69.99,9.5
1,2016-01-27,14,Wednesday,0,3,3.44,12.36,1.62,16.3,12.03,932,1.19,784,11712.72,3.8,69.99,9.97
1,2016-01-27,15,Wednesday,0,3,3.84,13.14,1.7,17.45,12.3,884,1.2,734,11718.07,3.8,70.0,11.39
1,2016-01-27,16,Wednesday,0,3,3.87,12.83,1.75,16.84,12.87,767,1.23,625,10401.18,4.8,69.99,11.19
2,2016-01-27,17,Wednesday,0,3,3.67,12.18,1.73,15.81,13.56,1951,1.99,982,15625.44,4.8,70.01,10.31
2,2016-01-27,19,Wednesday,0,3,4.0,11.46,1.85,13.26,16.62,2693,2.03,1324,20283.89,4.8,70.01,9.56
2,2016-01-27,22,Wednesday,0,3,5.02,12.73,2.07,13.48,20.93,2214,2.0,1106,18002.2,4.3,70.01,10.01
2,2016-01-27,23,Wednesday,0,3,5.33,12.97,2.04,13.25,22.8,2035,2.11,966,15911.66,4.3,70.01,10.19
2,2016-01-28,1,Thursday,0,4,5.22,12.12,1.59,11.27,25.53,671,2.14,314,4736.25,4.3,70.01,9.42
2,2016-01-28,3,Thursday,0,4,6.09,13.7,1.09,12.48,27.07,286,2.25,127,2063.37,4.8,70.01,11.64
1,2016-01-28,5,Thursday,0,4,6.69,14.5,1.92,11.88,30.16,182,1.06,172,3149.41,4.8,69.99,14.4
1,2016-01-28,6,Thursday,0,4,4.23,10.69,1.48,10.06,22.59,562,1.05,535,7090.34,3.8,69.99,11.39
1,2016-01-28,7,Thursday,0,4,3.67,10.86,1.59,12.3,16.96,970,1.11,876,11740.63,3.8,69.99,8.72
1,2016-01-28,8,Thursday,0,4,3.2,11.19,1.61,14.38,12.96,1065,1.11,960,13125.39,3.8,69.99,7.96
2,2016-01-28,10,Thursday,0,4,3.75,12.69,1.98,16.55,13.06,1943,2.03,957,15055.8,3.8,70.01,10.61
1,2016-01-28,11,Thursday,0,4,3.53,12.55,1.79,16.47,12.33,887,1.15,772,11848.46,3.3,58.34,9.87
2,2016-01-28,13,Thursday,0,4,4.23,13.27,1.77,16.38,13.68,1859,2.08,895,14517.71,3.8,70.01,12.08
2,2016-01-28,14,Thursday,0,4,4.39,13.4,1.8,16.81,13.77,1948,2.07,941,15448.82,3.8,70.01,12.74
2,2016-01-28,15,Thursday,0,4,3.89,12.63,1.66,16.32,13.05,1848,2.15,860,13261.21,3.8,70.01,11.42
2,2016-01-28,16,Thursday,0,4,3.99,12.58,1.85,15.92,14.06,1578,2.01,787,13036.26,4.8,70.01,11.51
1,2016-01-28,18,Thursday,0,4,3.76,11.74,1.84,14.8,14.12,1305,1.2,1090,16984.4,4.3,60.39,9.29
1,2016-01-28,20,Thursday,0,4,4.38,12.09,1.98,13.52,17.87,1374,1.19,1153,17935.57,3.8,69.99,9.96
1,2016-01-29,2,Friday,0,5,5.78,13.23,1.58,12.29,26.31,325,1.27,255,4128.43,4.8,58.34,9.35
1,2016-01-29,4,Friday,0,5,6.53,14.27,1.61,12.16,29.53,176,1.21,146,2541.24,5.8,66.84,11.31
2,2016-01-29,5,Friday,0,5,6.08,13.17,1.85,11.07,30.48,327,1.89,173,2909.37,4.8,59.16,12.53
2,2016-01-29,6,Friday,0,5,5.06,11.8,1.62,10.72,25.43,972,2.05,475,6982.3,4.3,70.01,12.9
2,2016-01-29,7,Friday,0,5,3.74,10.66,1.54,11.54,18.62,1776,1.96,905,11908.16,3.8,70.01,8.94
2,2016-01-29,8,Friday,0,5,3.71,11.73,1.68,14.4,14.85,2295,2.01,1140,16374.86,4.3,70.01,9.07
1,2016-01-29,9,Friday,0,5,3.55,11.65,1.68,14.27,14.06,941,1.11,850,12143.26,4.3,69.99,9.22
2,2016-01-29,11,Friday,0,5,3.84,12.28,1.6,15.13,14.27,1615,1.91,845,12637.46,4.2,70.01,10.5
2,2016-01-29,18,Friday,0,5,3.87,11.75,1.74,14.36,15.1,2678,2.04,1314,20369.32,4.8,70.01,9.96
2,2016-01-29,20,Friday,0,5,3.94,11.52,1.7,13.44,16.89,2740,2.04,1346,19703.35,4.3,70.01,9.05
1,2016-01-29,21,Friday,0,5,4.17,12.05,1.9,13.7,17.6,1466,1.31,1116,17207.94,4.3,70.01,9.93
1,2016-01-30,2,Saturday,1,6,4.85,12.12,1.67,12.39,22.07,1020,1.4,727,11017.17,4.8,56.3,8.41
1,2016-01-30,4,Saturday,1,6,5.42,12.64,1.37,11.73,25.6,477,1.34,357,5497.96,4.3,48.84,8.99
2,2016-01-30,5,Saturday,1,6,7.25,15.55,1.78,12.5,30.95,346,2.18,159,3040.47,4.3,70.01,15.28
2,2016-01-30,7,Saturday,1,6,4.74,11.18,1.44,9.67,26.75,666,2.06,323,4409.35,4.3,70.01,10.9
2,2016-01-30,6,Saturday,1,6,6.98,14.84,1.66,11.59,31.63,393,1.89,208,3699.17,3.8,70.01,15.66
2,2016-01-30,8,Saturday,1,6,4.22,10.59,1.42,9.75,24.01,1217,2.08,585,7576.13,3.8,70.01,9.65
1,2016-01-30,9,Saturday,1,6,3.82,10.26,1.28,10.17,20.84,800,1.23,648,8088.45,4.3,69.99,8.3
2,2016-01-30,11,Saturday,1,6,3.53,10.13,1.38,10.79,18.79,2293,2.06,1112,13827.85,3.8,60.36,7.91
2,2016-01-30,18,Saturday,1,6,3.5,10.9,1.43,13.29,15.74,2685,1.98,1356,17909.09,3.8,70.01,7.67
2,2016-01-30,20,Saturday,1,6,3.9,11.77,1.65,14.1,16.44,2616,2.15,1219,18020.88,4.3,70.01,9.15
1,2016-01-30,21,Saturday,1,6,3.91,11.66,1.64,13.71,16.81,1480,1.4,1058,15556.5,4.3,69.99,8.98
1,2016-01-31,2,Sunday,1,7,4.96,12.34,1.74,12.55,21.87,1187,1.42,836,12924.58,4.3,69.99,8.7
1,2016-01-31,4,Sunday,1,7,5.4,12.76,1.37,12.04,25.25,548,1.3,422,6553.93,4.3,58.34,8.99
2,2016-01-31,5,Sunday,1,7,7.08,15.03,1.71,11.92,31.9,378,2.2,172,3155.34,4.8,70.01,13.78
2,2016-01-31,6,Sunday,1,7,7.36,15.74,1.91,11.82,32.78,348,2.2,158,2958.46,4.3,70.01,15.85
2,2016-01-31,7,Sunday,1,7,5.6,12.64,1.42,9.79,29.5,451,2.04,221,3374.54,4.8,70.01,13.27
2,2016-01-31,8,Sunday,1,7,4.3,10.46,1.3,8.81,26.59,740,1.97,376,4839.86,3.8,63.34,9.39
1,2016-01-31,9,Sunday,1,7,3.88,9.93,1.25,8.87,23.96,713,1.25,572,6970.02,4.3,70.0,8.92
2,2016-01-31,11,Sunday,1,7,3.95,10.57,1.36,10.83,20.44,1965,2.03,967,12488.49,3.8,70.01,8.95
2,2016-01-31,18,Sunday,1,7,4.39,11.89,1.63,13.38,18.11,2319,2.1,1105,16118.77,3.8,70.01,10.66
2,2016-01-31,20,Sunday,1,7,4.98,12.17,1.81,11.85,22.5,1561,2.06,757,11823.65,4.8,70.01,12.11
1,2016-01-31,21,Sunday,1,7,4.9,11.99,1.74,11.66,22.87,854,1.31,652,9959.4,4.8,70.0,10.83
2,2016-02-01,0,Monday,0,1,6.39,14.09,1.89,11.96,29.23,622,2.05,304,5325.56,4.8,70.01,11.44
1,2016-02-01,1,Monday,0,1,6.0,13.27,1.58,11.41,29.22,232,1.3,178,2877.1,4.8,48.8,9.78
1,2016-02-01,3,Monday,0,1,6.8,14.81,1.22,12.94,30.11,106,1.19,89,1552.8,4.3,69.99,11.13
1,2016-02-01,10,Monday,0,1,4.12,12.08,1.65,13.86,15.92,826,1.15,719,10714.96,3.3,70.0,12.08
2,2016-02-01,12,Monday,0,1,4.33,12.39,1.73,13.93,16.69,1459,1.94,752,11522.16,3.8,70.01,12.34
1,2016-02-01,13,Monday,0,1,4.23,12.2,1.57,13.85,16.18,911,1.18,769,11444.38,3.8,69.99,11.52
1,2016-02-01,14,Monday,0,1,4.28,12.06,1.66,13.36,16.6,1030,1.18,873,12999.43,3.8,69.99,12.13
1,2016-02-01,15,Monday,0,1,3.68,11.46,1.49,13.7,14.8,1164,1.25,930,13105.78,3.3,69.99,10.43
1,2016-02-01,16,Monday,0,1,3.54,10.87,1.53,13.21,14.94,972,1.2,809,11643.48,4.3,68.34,9.39
2,2016-02-01,17,Monday,0,1,3.74,11.36,1.72,13.94,15.36,2109,1.99,1059,16021.68,4.3,60.96,9.51
2,2016-02-01,19,Monday,0,1,3.8,10.4,1.66,11.22,19.0,2392,2.01,1193,16726.68,4.8,61.61,8.51
2,2016-02-01,22,Monday,0,1,5.24,12.43,2.01,11.71,24.58,1672,1.99,842,13425.0,4.8,70.01,10.43
2,2016-02-01,23,Monday,0,1,5.45,12.43,1.86,10.92,26.87,1097,2.02,544,8627.63,4.3,70.01,11.36
1,2016-02-02,0,Tuesday,0,2,5.87,13.07,1.88,11.25,28.3,369,1.22,302,4955.74,4.8,69.99,11.04
2,2016-02-02,2,Tuesday,0,2,5.7,12.72,1.39,11.05,28.81,237,1.93,123,1900.82,5.3,46.0,8.95
2,2016-02-02,4,Tuesday,0,2,6.88,14.55,1.93,11.08,32.85,160,1.82,88,1606.29,4.3,70.01,14.78
2,2016-02-02,9,Tuesday,0,2,3.53,11.47,1.7,14.08,14.38,2220,2.07,1075,15245.58,3.8,70.01,9.45
1,2016-02-02,12,Tuesday,0,2,3.75,11.82,1.57,14.05,14.86,960,1.18,815,11754.47,3.3,69.99,9.73
1,2016-02-02,17,Tuesday,0,2,3.35,10.61,1.61,12.87,15.03,1050,1.19,880,12460.95,4.8,62.34,8.45
1,2016-02-02,19,Tuesday,0,2,3.74,10.74,1.74,12.13,17.78,1180,1.15,1028,14809.95,4.8,58.59,8.33
2,2016-02-02,21,Tuesday,0,2,4.88,12.15,1.92,12.39,22.14,2416,1.94,1243,19328.76,4.3,70.01,9.68
1,2016-02-02,22,Tuesday,0,2,4.84,12.08,1.92,12.13,22.14,1084,1.19,914,14139.99,4.3,67.34,9.75
1,2016-02-02,23,Tuesday,0,2,5.08,12.24,1.89,11.77,24.26,689,1.22,567,8832.68,3.8,69.99,9.81
1,2016-02-03,0,Wednesday,0,3,5.5,12.8,1.73,11.92,25.68,501,1.26,399,6355.88,4.3,63.35,9.77
2,2016-02-03,2,Wednesday,0,3,5.74,12.78,1.56,11.39,28.51,283,2.02,140,2196.08,4.8,45.3,8.27
2,2016-02-03,4,Wednesday,0,3,7.31,15.28,1.67,12.17,32.88,263,2.41,109,2044.49,4.8,57.8,12.97
2,2016-02-03,9,Wednesday,0,3,3.46,11.31,1.65,14.02,14.36,2150,2.03,1060,14746.87,3.8,70.01,8.94
1,2016-02-03,12,Wednesday,0,3,3.52,11.86,1.64,14.94,13.08,1027,1.19,864,12541.4,3.8,69.99,10.11
1,2016-02-03,17,Wednesday,0,3,3.34,11.4,1.77,14.95,13.27,969,1.21,800,12140.28,4.8,70.0,9.54
1,2016-02-03,19,Wednesday,0,3,3.54,10.54,1.66,12.27,16.35,1182,1.15,1029,14498.47,4.3,54.95,8.07
2,2016-02-03,21,Wednesday,0,3,4.59,11.5,1.92,11.66,21.84,2279,2.01,1132,16873.57,4.8,70.01,9.5
1,2016-02-03,22,Wednesday,0,3,4.68,11.67,1.98,11.47,22.5,989,1.19,833,12546.85,4.3,69.99,9.31
1,2016-02-03,23,Wednesday,0,3,5.37,12.56,1.91,11.65,24.93,821,1.24,663,10595.92,4.3,67.34,10.45
2,2016-02-04,0,Thursday,0,4,6.46,14.16,2.16,12.33,28.52,995,1.92,519,9307.61,4.3,70.01,12.33
1,2016-02-04,1,Thursday,0,4,5.21,12.14,1.51,10.56,27.74,313,1.22,257,3875.06,4.8,63.35,9.23
1,2016-02-04,3,Thursday,0,4,6.29,13.66,1.54,11.42,31.42,142,1.19,119,1984.35,5.3,41.84,8.66
1,2016-02-04,10,Thursday,0,4,3.6,11.71,1.61,14.22,14.47,887,1.11,799,11456.97,3.8,69.99,10.43
2,2016-02-04,12,Thursday,0,4,4.13,12.68,1.81,15.19,15.02,1835,1.9,964,15072.2,3.8,70.01,11.63
1,2016-02-04,13,Thursday,0,4,3.86,11.77,1.63,13.8,14.91,982,1.18,835,12095.51,3.8,70.0,11.04
1,2016-02-04,14,Thursday,0,4,3.92,11.97,1.62,14.21,14.91,1124,1.19,945,13887.14,3.8,69.99,11.25
1,2016-02-04,15,Thursday,0,4,3.91,12.07,1.73,14.93,14.37,1053,1.22,860,12853.41,3.8,70.0,10.82
1,2016-02-04,16,Thursday,0,4,3.74,11.43,1.66,13.85,15.31,872,1.19,734,11101.61,4.8,68.34,10.34
2,2016-02-04,17,Thursday,0,4,3.82,11.44,1.74,13.89,15.7,1953,1.96,997,15185.87,4.8,61.61,10.01
2,2016-02-04,19,Thursday,0,4,3.71,10.8,1.73,12.47,16.85,2892,2.09,1387,20070.62,4.8,68.34,8.48
2,2016-02-04,22,Thursday,0,4,4.89,12.56,2.0,13.39,20.34,2562,2.01,1277,20491.98,4.3,70.01,10.81
2,2016-02-04,23,Thursday,0,4,5.26,12.82,1.97,13.04,22.7,2199,2.01,1096,17794.78,4.8,70.01,10.0
1,2016-02-05,2,Friday,0,5,4.9,11.74,1.59,11.08,24.31,374,1.28,292,4291.25,4.3,49.8,8.77
1,2016-02-05,4,Friday,0,5,7.11,15.26,1.92,13.06,28.5,187,1.17,160,3016.23,4.8,63.35,13.29
2,2016-02-05,5,Friday,0,5,6.13,13.19,2.03,11.08,28.56,429,2.05,209,3578.41,4.3,70.01,15.33
2,2016-02-05,6,Friday,0,5,4.21,10.34,1.51,9.91,23.44,1259,2.14,587,7568.47,3.8,70.01,10.44
2,2016-02-05,7,Friday,0,5,3.55,10.09,1.43,11.3,17.92,1908,2.09,913,11360.38,4.3,65.34,8.03
2,2016-02-05,8,Friday,0,5,3.34,10.62,1.56,12.94,15.1,2357,2.07,1141,14926.98,3.8,70.01,8.85
1,2016-02-05,9,Friday,0,5,2.97,10.2,1.5,12.52,13.99,929,1.09,852,10721.93,3.8,70.01,7.32
2,2016-02-05,11,Friday,0,5,3.74,11.29,1.45,13.05,15.71,1749,2.11,829,11417.18,3.8,70.01,9.8
2,2016-02-05,18,Friday,0,5,3.51,10.49,1.54,12.07,16.7,2619,1.92,1363,19053.77,4.8,58.61,7.94
2,2016-02-05,20,Friday,0,5,4.3,11.52,1.78,12.35,19.3,2724,1.99,1366,20230.22,4.8,70.01,10.04
1,2016-02-05,21,Friday,0,5,4.25,11.47,1.68,12.25,19.45,1373,1.35,1018,14883.7,4.8,69.99,9.21
2,2016-02-06,1,Saturday,1,6,5.02,12.27,1.71,12.15,23.16,2002,2.16,925,14199.77,4.3,66.34,9.13
2,2016-02-06,3,Saturday,1,6,5.07,12.07,1.6,11.4,24.92,1141,1.95,585,8804.81,4.3,65.34,8.9
1,2016-02-06,5,Saturday,1,6,5.9,13.1,1.38,10.83,29.14,215,1.26,170,2744.32,4.8,70.0,13.09
1,2016-02-06,6,Saturday,1,6,5.42,12.2,1.29,9.72,28.89,257,1.15,223,3265.14,3.8,70.01,12.97
1,2016-02-06,7,Saturday,1,6,4.69,11.05,1.33,8.81,27.83,309,1.12,275,3690.74,3.8,69.99,11.41
1,2016-02-06,8,Saturday,1,6,4.11,10.4,1.31,9.57,23.89,533,1.2,444,5615.77,3.8,69.99,8.9
2,2016-02-06,10,Saturday,1,6,3.77,10.16,1.32,10.24,21.01,1931,2.08,930,11554.83,3.8,70.01,7.86
1,2016-02-06,11,Saturday,1,6,3.52,10.08,1.4,10.6,18.97,1104,1.26,875,10832.87,3.8,69.99,7.78
2,2016-02-06,13,Saturday,1,6,3.56,10.35,1.28,11.27,18.08,2329,2.13,1093,13713.6,3.8,70.01,8.45
2,2016-02-06,14,Saturday,1,6,3.93,11.04,1.44,11.93,18.03,2257,2.07,1089,14689.15,3.8,70.01,10.25
2,2016-02-06,15,Saturday,1,6,3.82,11.07,1.42,12.49,17.5,2112,2.04,1035,13949.81,3.8,70.01,9.51
2,2016-02-06,16,Saturday,1,6,3.67,10.68,1.33,12.03,17.49,2129,2.07,1028,13332.68,3.8,70.01,8.85
1,2016-02-06,18,Saturday,1,6,3.43,10.4,1.37,12.19,16.34,1706,1.37,1249,15940.98,3.8,68.34,7.62
1,2016-02-06,20,Saturday,1,6,3.75,11.03,1.45,12.7,17.07,1377,1.4,983,13617.35,4.3,63.34,8.2
2,2016-02-07,1,Sunday,1,7,4.82,12.0,1.73,12.2,22.45,2382,2.1,1136,17163.52,4.3,70.01,8.36
2,2016-02-07,3,Sunday,1,7,5.43,12.74,1.71,11.99,25.39,1456,2.07,702,11131.46,4.3,65.16,9.61
1,2016-02-07,5,Sunday,1,7,6.82,14.6,1.59,11.78,31.9,219,1.27,173,3056.92,4.3,69.99,12.04
1,2016-02-07,6,Sunday,1,7,6.2,13.82,1.32,10.74,31.59,172,1.15,150,2463.71,3.8,68.34,12.34
1,2016-02-07,7,Sunday,1,7,4.93,11.49,1.25,9.15,29.54,214,1.11,193,2673.55,3.3,70.01,10.84
1,2016-02-07,8,Sunday,1,7,4.56,10.92,1.42,9.04,27.04,385,1.16,332,4429.31,3.8,69.99,10.17
2,2016-02-07,10,Sunday,1,7,4.2,10.49,1.23,9.5,23.97,1709,2.12,808,10296.54,4.3,70.01,9.38
1,2016-02-07,11,Sunday,1,7,3.85,10.35,1.4,10.02,21.14,1005,1.32,764,9707.71,3.8,69.99,8.78
2,2016-02-07,13,Sunday,1,7,4.03,10.82,1.45,11.0,19.97,2066,2.11,980,13017.57,3.8,70.01,10.3
2,2016-02-07,14,Sunday,1,7,4.56,11.81,1.61,11.95,20.85,1950,1.96,995,14480.79,3.8,70.01,11.19
2,2016-02-07,15,Sunday,1,7,4.45,11.75,1.62,12.4,19.77,1936,2.06,941,13641.19,4.3,70.01,11.18
2,2016-02-07,16,Sunday,1,7,4.52,11.87,1.64,12.79,19.58,2215,2.1,1053,15354.76,3.8,70.01,11.35
1,2016-02-07,18,Sunday,1,7,4.29,11.21,1.63,11.47,20.69,1333,1.32,1011,14133.08,3.8,70.0,9.75
1,2016-02-07,20,Sunday,1,7,4.56,10.99,1.49,9.66,24.79,721,1.3,556,7753.46,4.3,70.01,10.52
1,2016-02-08,2,Monday,0,1,5.47,12.37,1.41,10.37,28.29,176,1.21,146,2217.97,4.3,54.8,9.99
1,2016-02-08,4,Monday,0,1,7.55,15.76,1.91,12.14,34.09,156,1.2,130,2543.87,4.3,69.99,13.68
2,2016-02-08,5,Monday,0,1,7.08,14.77,2.04,11.24,32.86,372,2.18,171,3191.62,4.3,70.01,15.6
2,2016-02-08,6,Monday,0,1,4.82,11.26,1.68,9.57,26.91,915,1.82,503,7111.9,4.3,70.01,13.37
2,2016-02-08,7,Monday,0,1,4.27,11.18,1.64,11.58,20.82,1611,1.88,858,11867.92,3.3,70.01,9.96
2,2016-02-08,8,Monday,0,1,3.99,11.42,1.61,12.85,17.3,2187,2.01,1088,15244.37,3.8,70.01,9.82
1,2016-02-08,9,Monday,0,1,3.57,10.97,1.64,12.59,15.58,945,1.11,851,11572.01,3.8,69.99,9.81
2,2016-02-08,11,Monday,0,1,3.68,11.25,1.44,13.0,15.66,1677,2.0,838,11506.29,3.8,70.01,10.66
2,2016-02-08,18,Monday,0,1,3.56,10.32,1.62,11.71,17.34,2583,1.96,1320,18312.25,4.8,62.81,8.04
2,2016-02-08,20,Monday,0,1,4.62,11.36,1.85,10.78,23.11,2197,1.98,1112,16439.56,4.3,70.34,10.8
1,2016-02-08,21,Monday,0,1,4.47,11.17,1.7,10.73,22.75,982,1.2,819,11789.2,4.8,69.99,9.64
2,2016-02-09,0,Tuesday,0,2,6.06,13.42,1.72,11.39,28.83,753,1.88,400,6689.94,4.3,70.01,11.72
1,2016-02-09,1,Tuesday,0,2,5.23,12.29,1.64,10.38,27.07,183,1.16,158,2448.75,4.3,69.99,11.6
1,2016-02-09,10,Tuesday,0,2,3.59,11.52,1.66,14.0,14.19,914,1.13,812,11538.46,3.8,69.99,10.02
2,2016-02-09,12,Tuesday,0,2,3.78,11.74,1.59,14.08,15.1,1881,2.06,913,13137.01,3.8,71.81,9.98
1,2016-02-09,13,Tuesday,0,2,3.74,11.68,1.59,13.84,14.96,958,1.18,811,11589.94,3.8,69.99,10.31
1,2016-02-09,14,Tuesday,0,2,3.7,11.48,1.51,13.54,14.78,1028,1.21,851,11923.88,3.8,69.99,10.1
1,2016-02-09,15,Tuesday,0,2,3.8,11.42,1.57,13.3,15.39,1029,1.2,855,12073.6,4.3,70.0,10.58
1,2016-02-09,16,Tuesday,0,2,3.58,10.74,1.56,12.33,16.08,975,1.24,788,11299.17,4.8,69.99,9.38
2,2016-02-09,17,Tuesday,0,2,3.64,10.9,1.64,12.78,16.26,2173,1.97,1105,16081.96,4.8,63.34,9.22
2,2016-02-09,19,Tuesday,0,2,3.83,10.72,1.74,11.77,18.35,2657,2.0,1326,19057.69,4.8,63.41,8.23
2,2016-02-09,22,Tuesday,0,2,5.13,12.46,1.94,12.18,23.06,2231,2.09,1065,16925.08,4.3,70.01,10.69
2,2016-02-09,23,Tuesday,0,2,5.23,12.34,1.82,11.53,25.24,1562,2.11,739,11556.23,4.8,64.34,10.1
1,2016-02-10,0,Wednesday,0,3,4.75,11.44,1.69,10.35,25.32,458,1.17,391,5661.85,4.3,58.34,8.38
2,2016-02-10,2,Wednesday,0,3,5.47,12.71,1.65,11.49,27.74,277,1.9,146,2285.18,4.3,60.96,8.96
2,2016-02-10,4,Wednesday,0,3,7.24,15.07,1.69,11.94,32.14,282,2.54,111,2075.28,4.8,60.8,13.55
2,2016-02-10,9,Wednesday,0,3,3.59,11.35,1.66,13.81,14.84,2217,2.01,1101,15459.17,3.8,70.01,9.98
1,2016-02-10,12,Wednesday,0,3,3.72,11.86,1.64,14.28,14.55,984,1.18,833,12132.74,3.8,69.99,10.11
1,2016-02-10,17,Wednesday,0,3,3.22,10.09,1.43,11.87,15.41,1177,1.21,974,13130.6,4.8,58.34,7.79
1,2016-02-10,19,Wednesday,0,3,3.79,10.77,1.74,11.96,17.62,1428,1.19,1205,17383.24,4.8,60.39,8.32
2,2016-02-10,21,Wednesday,0,3,4.71,11.82,1.96,11.98,21.53,2647,2.0,1323,20262.77,4.3,70.01,10.34
1,2016-02-10,22,Wednesday,0,3,4.82,11.98,1.91,11.93,22.13,1145,1.2,951,14591.27,4.3,70.0,9.97
1,2016-02-10,23,Wednesday,0,3,4.96,12.05,1.89,11.46,23.55,920,1.24,743,11446.54,4.3,69.99,10.06
2,2016-02-11,0,Thursday,0,4,5.28,12.32,1.77,11.5,25.79,1073,2.06,522,8081.32,4.8,70.01,9.59
1,2016-02-11,1,Thursday,0,4,5.04,11.87,1.46,10.84,26.1,321,1.18,271,3991.75,4.3,58.59,8.95
1,2016-02-11,3,Thursday,0,4,5.6,12.58,1.65,10.5,28.53,147,1.24,119,1864.16,5.8,58.8,10.54
1,2016-02-11,10,Thursday,0,4,3.27,11.26,1.59,14.25,13.32,995,1.12,885,12188.86,4.3,56.79,8.33
2,2016-02-11,12,Thursday,0,4,3.75,12.13,1.77,14.97,14.16,2280,2.14,1066,15885.71,3.8,70.01,10.3
1,2016-02-11,13,Thursday,0,4,3.67,11.86,1.66,14.68,13.96,1083,1.19,911,13262.73,3.3,69.99,10.56
1,2016-02-11,14,Thursday,0,4,3.47,11.49,1.57,14.4,13.82,1153,1.18,974,13660.0,3.8,69.99,9.51
1,2016-02-11,15,Thursday,0,4,3.44,11.67,1.62,14.92,13.21,1156,1.21,955,13721.68,3.8,69.99,9.85
1,2016-02-11,16,Thursday,0,4,3.59,11.37,1.62,14.14,14.6,900,1.21,741,11113.47,4.8,66.04,9.63
2,2016-02-11,17,Thursday,0,4,3.26,10.56,1.55,13.03,15.02,2210,2.0,1103,15528.23,4.8,58.61,8.24
2,2016-02-11,19,Thursday,0,4,3.86,11.12,1.81,12.75,16.76,3045,2.02,1506,22555.84,4.3,59.8,9.35
2,2016-02-11,22,Thursday,0,4,4.95,12.54,2.04,13.13,21.0,2724,2.03,1342,21519.08,4.3,70.01,10.3
2,2016-02-11,23,Thursday,0,4,5.51,13.22,2.04,13.12,23.08,2363,2.08,1137,19109.24,3.8,70.01,11.57
2,2016-02-12,1,Friday,0,5,5.88,13.32,1.99,11.86,27.02,928,2.09,445,7549.11,4.3,61.34,11.22
2,2016-02-12,3,Friday,0,5,5.63,12.73,1.11,11.29,27.91,372,2.34,159,2412.92,4.3,42.88,8.9
1,2016-02-12,5,Friday,0,5,6.15,13.38,1.91,10.24,30.7,211,1.09,193,3300.55,4.3,69.99,16.12
1,2016-02-12,6,Friday,0,5,4.19,10.41,1.48,9.45,24.23,559,1.09,511,6601.02,4.3,68.34,10.66
1,2016-02-12,7,Friday,0,5,3.79,10.59,1.52,11.33,19.0,1006,1.13,889,11647.6,3.8,69.99,9.49
1,2016-02-12,8,Friday,0,5,3.63,11.49,1.72,13.99,14.9,1173,1.14,1029,14611.95,3.8,69.99,9.46
2,2016-02-12,10,Friday,0,5,4.26,12.96,1.78,15.61,15.0,1938,1.98,981,15534.54,3.8,70.01,11.44
1,2016-02-12,11,Friday,0,5,3.86,12.32,1.59,14.91,14.54,999,1.16,859,12837.32,3.3,69.99,10.77
2,2016-02-12,13,Friday,0,5,3.98,12.1,1.73,14.39,15.17,1982,2.0,990,14807.07,3.8,70.01,11.65
2,2016-02-12,14,Friday,0,5,3.9,12.17,1.6,14.96,14.36,2227,2.02,1101,16337.66,3.8,70.01,10.88
2,2016-02-12,15,Friday,0,5,3.71,12.12,1.55,15.54,13.51,1891,1.95,968,14203.72,3.8,70.01,10.7
2,2016-02-12,16,Friday,0,5,3.92,12.15,1.74,15.51,14.76,1795,2.08,864,13838.97,4.8,61.01,10.83
1,2016-02-12,18,Friday,0,5,3.64,11.44,1.72,14.24,14.68,1430,1.24,1153,17459.77,4.3,60.99,9.35
1,2016-02-12,20,Friday,0,5,4.22,12.03,1.66,13.73,17.12,1420,1.32,1075,16376.73,3.8,70.0,10.28
1,2016-02-13,0,Saturday,1,6,4.83,12.49,1.78,13.24,20.67,1313,1.43,919,14389.4,4.8,70.59,9.37
2,2016-02-13,2,Saturday,1,6,4.94,11.95,1.57,11.64,23.71,1603,2.11,761,11338.18,4.3,51.3,8.23
2,2016-02-13,4,Saturday,1,6,6.34,14.08,1.52,12.62,27.67,763,2.19,348,5940.27,4.3,63.36,11.02
2,2016-02-13,9,Saturday,1,6,3.78,9.93,1.21,9.36,22.38,1688,2.18,775,9353.66,3.8,70.01,8.47
1,2016-02-13,12,Saturday,1,6,3.71,10.67,1.34,11.44,18.22,1381,1.36,1018,13220.42,3.8,69.99,8.88
1,2016-02-13,17,Saturday,1,6,3.58,11.07,1.36,13.18,16.05,1594,1.41,1128,15169.68,3.8,69.99,8.29
1,2016-02-13,19,Saturday,1,6,3.42,11.43,1.44,14.2,14.89,1824,1.46,1247,17331.76,4.3,69.99,7.9
2,2016-02-13,21,Saturday,1,6,3.52,10.44,1.3,11.72,17.59,2211,2.05,1077,14109.99,4.3,58.34,7.76
1,2016-02-13,22,Saturday,1,6,3.79,11.24,1.54,12.84,17.23,1458,1.44,1016,14367.48,4.3,69.99,7.92
1,2016-02-13,23,Saturday,1,6,4.31,11.91,1.62,13.26,18.56,1559,1.43,1088,16203.04,4.3,60.35,8.64
2,2016-02-14,0,Sunday,1,7,4.6,11.95,1.66,12.63,20.63,2104,2.06,1023,15342.49,4.3,70.01,8.98
1,2016-02-14,1,Sunday,1,7,4.68,11.89,1.61,11.99,21.7,1008,1.39,726,10810.49,4.3,70.01,9.15
1,2016-02-14,3,Sunday,1,7,4.82,11.55,1.65,10.64,25.0,610,1.4,435,6337.5,4.8,62.0,8.2
1,2016-02-14,10,Sunday,1,7,3.7,9.78,1.15,9.22,22.43,1001,1.31,762,9024.55,3.8,58.34,7.79
2,2016-02-14,12,Sunday,1,7,3.65,10.32,1.3,10.88,19.18,2644,2.05,1289,16219.3,3.8,70.01,8.7
1,2016-02-14,13,Sunday,1,7,3.8,11.09,1.37,12.15,18.13,1446,1.41,1025,13774.14,3.8,69.99,9.34
1,2016-02-14,14,Sunday,1,7,4.04,11.63,1.41,12.82,17.49,1391,1.37,1019,14340.41,3.8,69.99,10.2
1,2016-02-14,15,Sunday,1,7,4.09,11.56,1.49,12.63,17.65,1337,1.39,961,13548.1,4.3,69.99,10.56
1,2016-02-14,16,Sunday,1,7,3.83,11.22,1.56,12.57,17.12,1389,1.39,999,13918.42,3.8,69.99,10.12
2,2016-02-14,17,Sunday,1,7,4.43,12.27,1.62,13.8,17.91,2398,2.01,1193,17822.72,3.3,70.01,11.05
2,2016-02-14,19,Sunday,1,7,3.83,11.13,1.49,12.51,17.68,2465,1.97,1253,16987.11,3.8,70.01,9.13
2,2016-02-14,22,Sunday,1,7,4.17,10.79,1.48,10.87,21.43,2082,2.03,1025,14017.07,3.8,70.01,8.72
2,2016-02-14,23,Sunday,1,7,4.94,12.01,1.56,11.6,23.47,1635,1.96,833,12506.38,4.3,70.01,9.85
2,2016-02-15,1,Monday,0,1,5.19,11.95,1.41,10.39,27.26,934,2.2,425,6264.25,4.3,57.96,9.28
2,2016-02-15,3,Monday,0,1,5.9,13.04,1.5,11.07,29.32,464,2.24,207,3324.08,4.3,70.01,10.3
1,2016-02-15,5,Monday,0,1,7.57,16.04,1.73,12.09,32.64,178,1.26,141,2757.04,4.3,69.99,15.83
1,2016-02-15,6,Monday,0,1,5.26,12.04,1.38,9.77,28.41,303,1.15,263,3829.03,4.3,69.99,12.17
1,2016-02-15,7,Monday,0,1,4.73,11.18,1.42,9.24,26.56,407,1.13,360,4896.02,3.8,69.99,11.22
1,2016-02-15,8,Monday,0,1,3.88,10.06,1.48,9.33,22.61,668,1.16,578,7256.44,4.3,69.99,9.44
2,2016-02-15,10,Monday,0,1,3.99,10.4,1.49,9.99,21.67,1775,1.96,906,11680.06,3.8,70.01,9.68
1,2016-02-15,11,Monday,0,1,3.83,10.5,1.43,10.68,19.41,1151,1.28,901,11620.33,3.8,69.99,9.69
2,2016-02-15,13,Monday,0,1,4.34,11.47,1.49,12.1,19.37,2363,2.09,1133,15950.89,3.8,70.01,11.12
2,2016-02-15,14,Monday,0,1,4.16,11.27,1.43,12.1,18.68,2190,2.04,1075,14770.9,3.8,70.01,11.09
2,2016-02-15,15,Monday,0,1,4.07,11.07,1.54,12.28,18.09,2213,2.05,1082,14826.87,3.8,70.34,10.96
2,2016-02-15,16,Monday,0,1,3.93,10.73,1.44,11.94,18.19,2027,2.1,966,12778.29,3.8,70.01,10.07
1,2016-02-15,18,Monday,0,1,3.85,10.64,1.52,12.07,17.03,1098,1.25,876,11650.54,4.3,69.99,9.8
1,2016-02-15,20,Monday,0,1,4.44,11.14,1.65,10.99,21.35,905,1.3,698,9984.85,4.8,69.99,10.36
1,2016-02-16,0,Tuesday,0,2,6.35,13.92,1.92,12.05,28.14,370,1.25,297,5208.93,4.8,69.99,12.26
2,2016-02-16,2,Tuesday,0,2,9.14,18.2,2.59,13.75,36.01,422,2.41,175,3985.35,4.8,70.01,14.99
2,2016-02-16,4,Tuesday,0,2,6.68,14.1,1.79,11.12,32.73,184,1.94,95,1671.55,5.3,63.34,11.79
2,2016-02-16,9,Tuesday,0,2,3.62,11.39,1.66,13.85,14.7,2487,2.01,1239,17383.59,3.8,70.01,10.02
1,2016-02-16,12,Tuesday,0,2,3.63,11.53,1.5,14.11,14.1,1106,1.23,896,12597.18,3.8,69.99,10.17
1,2016-02-16,17,Tuesday,0,2,3.82,11.75,1.72,14.55,15.5,887,1.24,718,11122.02,4.8,69.99,9.79
1,2016-02-16,19,Tuesday,0,2,3.6,10.48,1.58,11.76,17.1,1130,1.19,949,13226.49,4.3,58.34,8.17
2,2016-02-16,21,Tuesday,0,2,4.94,12.14,1.88,12.05,22.48,2268,1.98,1146,17789.8,4.3,70.01,10.68
1,2016-02-16,22,Tuesday,0,2,4.97,12.17,1.78,11.86,22.95,1007,1.23,818,12631.8,3.8,69.99,10.04
1,2016-02-16,23,Tuesday,0,2,5.31,12.47,1.85,11.52,24.79,765,1.24,618,9828.15,3.8,69.99,10.61
2,2016-02-17,1,Wednesday,0,3,7.05,14.88,1.89,11.99,31.57,596,1.97,303,5588.41,4.3,65.0,12.47
2,2016-02-17,3,Wednesday,0,3,5.27,12.18,1.35,11.38,26.96,199,2.16,92,1369.06,5.3,59.81,8.68
1,2016-02-17,5,Wednesday,0,3,5.53,12.69,1.79,9.68,29.86,214,1.12,191,3079.05,4.3,69.99,13.51
1,2016-02-17,6,Wednesday,0,3,4.65,11.13,1.58,9.77,25.23,526,1.06,496,6860.18,3.8,70.01,12.6
1,2016-02-17,7,Wednesday,0,3,3.93,10.88,1.57,11.52,19.16,899,1.12,805,10827.42,3.8,69.99,9.55
1,2016-02-17,8,Wednesday,0,3,3.69,11.43,1.72,13.62,15.43,1053,1.1,955,13518.33,4.3,70.0,9.39
2,2016-02-17,10,Wednesday,0,3,4.27,12.74,1.71,15.15,15.43,1780,1.96,907,14093.25,3.3,69.34,11.34
1,2016-02-17,11,Wednesday,0,3,3.9,12.09,1.63,14.4,14.75,1029,1.26,818,12159.85,3.3,70.34,11.01
2,2016-02-17,13,Wednesday,0,3,4.04,12.23,1.57,14.46,15.22,2025,2.07,980,14608.65,4.3,70.01,11.49
2,2016-02-17,14,Wednesday,0,3,4.03,12.12,1.65,14.4,15.25,2028,2.01,1009,15007.61,3.8,70.01,11.13
2,2016-02-17,15,Wednesday,0,3,3.92,11.73,1.54,13.89,15.45,1962,2.01,977,14026.19,4.3,70.01,10.68
2,2016-02-17,16,Wednesday,0,3,4.0,11.74,1.74,13.96,16.16,1572,1.99,788,12277.1,4.8,70.01,10.53
1,2016-02-17,18,Wednesday,0,3,3.39,10.82,1.65,13.08,15.33,1299,1.2,1084,15569.24,4.3,59.14,7.65
1,2016-02-17,20,Wednesday,0,3,4.51,11.7,1.85,12.23,19.97,1321,1.2,1102,16574.23,4.3,66.34,9.97
1,2016-02-18,0,Thursday,0,4,5.19,12.29,1.82,11.45,24.97,551,1.18,465,7221.26,4.8,65.92,9.92
2,2016-02-18,2,Thursday,0,4,5.1,12.0,1.36,10.8,26.47,407,2.07,197,2914.65,4.3,49.34,8.54
2,2016-02-18,9,Thursday,0,4,3.74,12.01,1.72,14.57,14.81,2235,2.06,1085,15966.02,3.8,70.01,9.86
1,2016-02-18,12,Thursday,0,4,3.45,11.37,1.46,14.05,14.03,1030,1.21,850,11722.7,4.3,69.99,9.01
1,2016-02-18,17,Thursday,0,4,3.31,10.68,1.59,13.13,14.79,1135,1.22,927,13176.7,4.8,60.99,8.24
1,2016-02-18,19,Thursday,0,4,3.6,10.7,1.55,12.45,16.31,1405,1.22,1149,16232.33,4.8,63.99,7.81
2,2016-02-18,21,Thursday,0,4,4.69,12.13,1.91,12.72,20.54,2842,1.99,1427,22157.47,4.8,70.01,9.97
1,2016-02-18,22,Thursday,0,4,4.96,12.75,2.02,13.59,20.75,1444,1.27,1134,18438.49,4.8,69.99,9.87
1,2016-02-18,23,Thursday,0,4,5.14,12.73,1.98,12.82,22.21,1155,1.23,937,15134.68,4.3,69.99,10.15
2,2016-02-19,1,Friday,0,5,5.13,12.13,1.63,11.12,26.12,972,2.1,463,6995.91,4.3,70.01,8.95
2,2016-02-19,3,Friday,0,5,6.32,13.78,1.71,11.84,29.21,419,2.11,199,3369.37,4.8,62.76,10.72
1,2016-02-19,5,Friday,0,5,5.64,12.48,1.72,9.71,30.83,208,1.09,191,3005.58,4.8,69.99,12.84
1,2016-02-19,6,Friday,0,5,4.48,10.78,1.53,9.57,25.29,532,1.06,503,6749.84,3.3,70.0,11.22
1,2016-02-19,7,Friday,0,5,3.77,10.46,1.49,10.81,19.42,883,1.12,785,10146.68,3.8,69.99,9.25
1,2016-02-19,8,Friday,0,5,3.71,11.44,1.76,13.4,15.66,975,1.09,894,12667.56,4.3,69.99,9.69
2,2016-02-19,10,Friday,0,5,3.84,11.7,1.61,13.86,15.6,1817,1.98,917,13171.3,4.3,70.01,10.13
1,2016-02-19,11,Friday,0,5,3.72,11.74,1.52,14.09,14.65,1000,1.19,837,11941.71,4.3,69.99,9.95
2,2016-02-19,13,Friday,0,5,4.23,12.07,1.63,13.63,16.54,2040,2.07,985,14618.92,3.8,70.01,11.61
2,2016-02-19,14,Friday,0,5,3.97,11.75,1.53,13.84,15.82,2054,1.97,1042,14968.53,3.8,70.01,10.67
2,2016-02-19,15,Friday,0,5,4.15,12.29,1.51,14.75,15.49,2148,2.01,1068,15961.31,3.8,71.21,11.47
2,2016-02-19,16,Friday,0,5,3.55,10.76,1.59,12.71,16.17,1806,1.93,937,13468.84,4.8,71.81,9.66
1,2016-02-19,18,Friday,0,5,3.44,10.7,1.68,12.9,15.28,1451,1.23,1179,16868.13,4.8,55.59,8.27
1,2016-02-19,20,Friday,0,5,4.05,11.49,1.72,12.98,17.5,1509,1.3,1159,17013.42,4.3,69.99,9.46
1,2016-02-20,0,Saturday,1,6,4.64,12.22,1.75,13.08,20.51,1447,1.38,1046,16055.34,3.8,69.99,9.11
2,2016-02-20,2,Saturday,1,6,5.22,12.47,1.81,12.09,24.0,1841,2.11,874,13681.61,4.3,64.56,8.86
2,2016-02-20,4,Saturday,1,6,6.06,13.53,1.53,11.99,27.74,899,2.28,394,6511.48,4.3,70.0,10.83
2,2016-02-20,9,Saturday,1,6,3.96,10.42,1.34,10.3,21.75,1622,2.02,804,10240.85,3.8,70.01,9.01
1,2016-02-20,12,Saturday,1,6,3.79,11.0,1.34,12.18,17.67,1180,1.32,893,11854.74,3.8,69.99,8.57
1,2016-02-20,17,Saturday,1,6,3.82,11.26,1.39,13.17,16.46,1291,1.33,972,13289.27,3.8,69.99,9.23
1,2016-02-20,19,Saturday,1,6,3.77,11.52,1.46,13.8,16.1,1695,1.39,1220,17115.85,3.8,70.59,8.72
2,2016-02-20,21,Saturday,1,6,4.23,11.78,1.61,13.2,18.38,2291,2.03,1128,16693.85,4.3,70.01,9.36
1,2016-02-20,22,Saturday,1,6,4.09,11.56,1.56,13.12,17.95,1620,1.43,1130,16399.71,3.8,69.99,8.5
1,2016-02-20,23,Saturday,1,6,4.33,12.03,1.67,13.54,18.62,1675,1.45,1159,17512.11,4.3,70.0,8.38
2,2016-02-21,1,Sunday,1,7,4.81,12.1,1.71,12.52,21.66,2366,2.02,1172,17790.39,4.3,66.34,8.63
2,2016-02-21,3,Sunday,1,7,5.23,12.3,1.65,11.59,24.94,1623,2.14,759,11611.09,4.3,59.16,8.96
1,2016-02-21,5,Sunday,1,7,6.4,13.99,1.16,11.36,30.67,200,1.21,165,2739.02,4.3,69.99,11.76
1,2016-02-21,6,Sunday,1,7,6.23,13.63,1.56,10.61,31.6,205,1.23,166,2705.71,4.3,69.99,13.19
1,2016-02-21,7,Sunday,1,7,5.71,12.62,1.51,9.51,31.04,286,1.23,233,3594.22,3.3,70.0,12.83
1,2016-02-21,8,Sunday,1,7,4.38,10.67,1.21,8.97,26.56,436,1.24,352,4522.39,3.3,69.99,9.18
2,2016-02-21,10,Sunday,1,7,4.28,10.68,1.37,9.96,23.74,1747,2.04,856,11222.64,3.8,70.34,9.37
1,2016-02-21,11,Sunday,1,7,4.18,11.02,1.39,10.92,21.19,1098,1.32,829,11084.24,3.8,69.99,9.71
2,2016-02-21,13,Sunday,1,7,4.38,11.68,1.51,12.15,19.84,2217,2.06,1076,15377.37,4.3,70.01,10.54
2,2016-02-21,14,Sunday,1,7,4.46,11.9,1.63,12.75,19.24,2019,2.04,988,14414.15,3.8,70.01,11.01
2,2016-02-21,15,Sunday,1,7,4.33,11.72,1.5,12.76,18.71,1987,2.02,985,14088.54,3.8,70.01,10.97
2,2016-02-21,16,Sunday,1,7,4.77,12.39,1.59,13.13,19.59,1888,1.97,958,14547.76,4.3,70.01,12.09
1,2016-02-21,18,Sunday,1,7,3.97,11.2,1.61,12.76,17.36,1265,1.35,937,13052.3,3.8,69.99,9.73
1,2016-02-21,20,Sunday,1,7,4.49,11.48,1.52,11.58,20.93,1000,1.34,749,10869.8,4.8,69.99,10.83
1,2016-02-22,0,Monday,0,1,5.37,12.27,1.5,10.36,27.59,332,1.24,268,4068.32,4.8,69.99,11.14
2,2016-02-22,2,Monday,0,1,6.05,13.26,1.24,11.21,29.81,246,2.22,111,1764.91,5.3,59.34,9.27
2,2016-02-22,4,Monday,0,1,7.57,16.07,1.81,12.06,34.23,177,2.11,84,1642.75,5.3,63.36,13.55
2,2016-02-22,9,Monday,0,1,4.09,12.0,1.71,14.12,16.06,2037,2.05,995,14703.24,3.8,70.01,10.76
1,2016-02-22,12,Monday,0,1,4.17,11.8,1.65,12.78,17.39,957,1.18,812,11795.47,3.8,69.99,11.03
1,2016-02-22,17,Monday,0,1,3.38,10.21,1.48,11.77,16.5,1062,1.23,864,11759.53,4.8,56.2,7.72
1,2016-02-22,19,Monday,0,1,3.89,10.53,1.68,10.9,19.71,1141,1.18,964,13636.6,4.8,62.19,8.56
2,2016-02-22,21,Monday,0,1,5.03,12.06,1.85,11.31,24.02,2161,2.01,1073,16547.91,4.3,70.01,10.84
1,2016-02-22,22,Monday,0,1,5.02,12.11,1.9,11.55,23.63,1000,1.21,824,12766.2,4.8,69.99,10.41
1,2016-02-22,23,Monday,0,1,5.59,12.84,1.9,11.37,26.16,690,1.19,579,9391.48,4.3,70.0,11.22
1,2016-02-23,2,Tuesday,0,2,5.78,12.94,1.54,11.04,28.47,160,1.21,132,2088.15,4.8,55.8,9.89
1,2016-02-23,4,Tuesday,0,2,5.77,12.93,1.18,9.32,33.02,102,1.15,89,1414.76,4.8,52.8,11.21
2,2016-02-23,5,Tuesday,0,2,6.21,13.37,1.61,10.41,31.58,386,2.19,176,2935.54,5.3,70.01,14.24
2,2016-02-23,6,Tuesday,0,2,4.51,10.84,1.46,9.67,25.52,967,1.95,495,6650.46,4.3,70.34,11.35
2,2016-02-23,7,Tuesday,0,2,3.67,10.47,1.49,11.5,18.6,1958,2.01,975,12606.31,3.8,70.01,9.15
2,2016-02-23,8,Tuesday,0,2,3.59,11.34,1.75,13.96,14.97,2329,2.0,1167,16409.44,3.8,70.01,9.24
1,2016-02-23,9,Tuesday,0,2,3.44,11.38,1.68,14.13,13.88,1086,1.13,960,13491.57,3.8,71.2,9.14
2,2016-02-23,11,Tuesday,0,2,3.81,11.86,1.63,14.4,14.78,2030,1.94,1046,15215.72,3.8,70.01,10.01
2,2016-02-23,18,Tuesday,0,2,3.48,11.19,1.75,14.16,14.46,2443,1.94,1259,18742.18,4.8,63.36,8.63
2,2016-02-23,20,Tuesday,0,2,4.02,11.05,1.77,12.26,18.32,2793,1.98,1414,20174.11,4.3,70.01,8.98
1,2016-02-23,21,Tuesday,0,2,4.57,11.91,1.93,12.66,19.69,1239,1.2,1032,15866.41,4.3,70.0,10.54
2,2016-02-24,0,Wednesday,0,3,6.16,13.87,2.0,12.65,26.69,1076,2.11,509,8932.53,4.3,70.01,12.12
1,2016-02-24,1,Wednesday,0,3,5.32,12.31,1.68,11.12,26.5,297,1.24,240,3693.41,4.3,62.15,9.47
1,2016-02-24,3,Wednesday,0,3,5.8,13.22,1.35,12.0,27.35,141,1.24,114,1820.56,4.3,48.34,9.42
1,2016-02-24,10,Wednesday,0,3,3.55,11.91,1.73,15.07,13.37,978,1.13,869,12731.4,4.3,71.79,9.83
2,2016-02-24,12,Wednesday,0,3,3.47,11.97,1.54,15.52,12.77,2338,2.03,1153,16729.16,3.8,70.01,9.72
1,2016-02-24,13,Wednesday,0,3,3.64,12.07,1.57,15.24,13.14,1049,1.18,888,13027.91,3.8,69.99,10.26
1,2016-02-24,14,Wednesday,0,3,3.71,11.95,1.62,14.94,13.69,1075,1.2,899,13135.33,4.3,69.99,10.41
1,2016-02-24,15,Wednesday,0,3,3.67,11.77,1.64,14.99,13.6,930,1.23,756,10990.72,4.3,64.34,10.02
1,2016-02-24,16,Wednesday,0,3,3.15,10.42,1.6,13.0,14.05,910,1.21,751,10439.6,4.3,56.79,8.14
2,2016-02-24,17,Wednesday,0,3,3.6,11.24,1.78,14.03,14.65,2017,1.9,1059,15851.44,4.8,61.01,9.13
2,2016-02-24,19,Wednesday,0,3,3.65,10.76,1.75,12.63,16.39,2658,1.95,1362,19641.5,4.8,59.81,8.19
2,2016-02-24,22,Wednesday,0,3,4.94,12.36,1.96,12.93,21.18,2343,1.98,1182,18642.99,4.3,68.34,9.89
2,2016-02-24,23,Wednesday,0,3,4.95,12.12,1.82,12.26,22.81,1623,1.96,828,12709.4,4.3,68.34,9.14
1,2016-02-25,0,Thursday,0,4,5.42,12.61,1.95,11.9,25.39,509,1.17,436,6962.46,4.8,56.84,8.98
2,2016-02-25,2,Thursday,0,4,8.37,16.91,1.92,13.15,34.3,432,2.1,206,4282.45,4.3,63.34,13.15
2,2016-02-25,4,Thursday,0,4,6.91,14.5,1.68,11.54,32.84,257,2.14,120,2156.07,5.76,70.01,14.2
2,2016-02-25,9,Thursday,0,4,3.77,11.7,1.73,14.23,15.18,2116,1.91,1105,15956.65,3.8,70.01,9.86
1,2016-02-25,12,Thursday,0,4,3.93,12.13,1.72,14.32,15.0,964,1.17,826,12404.7,3.8,73.34,11.48
1,2016-02-25,17,Thursday,0,4,3.35,10.85,1.59,13.53,14.59,1224,1.22,1007,14505.71,4.8,60.95,8.59
1,2016-02-25,19,Thursday,0,4,3.69,10.82,1.72,12.53,16.37,1443,1.2,1200,17364.41,4.3,56.75,8.69
2,2016-02-25,21,Thursday,0,4,4.86,12.48,1.98,13.25,20.33,2771,2.02,1374,21938.0,4.3,70.01,10.52
1,2016-02-25,22,Thursday,0,4,4.98,12.86,1.98,13.66,20.34,1467,1.24,1180,19230.74,4.8,70.0,10.24
1,2016-02-25,23,Thursday,0,4,5.14,12.77,1.99,13.06,21.9,1213,1.27,957,15549.02,4.3,63.35,10.05
2,2016-02-26,0,Friday,0,5,5.42,12.85,1.84,12.55,23.87,1576,2.03,778,12572.16,4.3,70.01,10.49
1,2016-02-26,1,Friday,0,5,5.12,12.24,1.58,11.73,24.2,549,1.23,445,6769.63,4.3,62.75,9.03
1,2016-02-26,3,Friday,0,5,5.19,12.02,1.37,10.52,26.94,236,1.22,194,2854.02,4.3,51.34,8.72
1,2016-02-26,10,Friday,0,5,3.38,11.11,1.51,13.5,14.16,986,1.14,864,11748.09,4.3,69.99,8.94
2,2016-02-26,12,Friday,0,5,3.77,11.68,1.57,14.0,15.22,2075,1.98,1048,14905.1,3.8,70.01,9.78
1,2016-02-26,13,Friday,0,5,4.12,12.06,1.57,14.07,15.49,1107,1.18,936,13756.98,3.3,70.0,11.0
1,2016-02-26,14,Friday,0,5,3.58,11.25,1.55,13.68,14.61,1229,1.23,1003,13855.8,3.8,69.99,9.66
1,2016-02-26,15,Friday,0,5,3.88,12.05,1.59,15.04,14.22,1132,1.23,922,13595.62,3.8,69.99,10.29
1,2016-02-26,16,Friday,0,5,3.55,11.27,1.54,14.17,14.78,936,1.21,774,11498.94,4.8,60.39,9.71
2,2016-02-26,17,Friday,0,5,3.8,11.52,1.57,14.11,15.65,2007,1.95,1030,15624.28,4.3,58.55,9.64
2,2016-02-26,19,Friday,0,5,3.48,10.57,1.62,12.55,16.18,2830,1.92,1475,20795.35,4.8,67.01,7.76
2,2016-02-26,22,Friday,0,5,4.75,12.54,1.78,13.72,19.52,2704,1.96,1383,21786.91,4.3,70.01,10.16
2,2016-02-26,23,Friday,0,5,4.81,12.65,1.84,13.81,19.83,2771,2.0,1385,22077.28,4.3,70.01,9.98
1,2016-02-27,2,Saturday,1,6,4.84,11.97,1.71,11.72,23.02,958,1.38,694,10402.48,4.3,50.3,8.14
1,2016-02-27,4,Saturday,1,6,5.92,13.43,1.43,11.87,27.02,416,1.3,319,5188.43,4.3,68.34,10.75
2,2016-02-27,5,Saturday,1,6,7.28,15.57,1.68,12.5,31.96,355,2.11,168,3182.47,4.8,68.34,13.52
2,2016-02-27,6,Saturday,1,6,6.21,13.43,1.65,10.23,32.01,422,1.88,224,3678.84,3.8,70.01,15.57
2,2016-02-27,7,Saturday,1,6,5.59,12.49,1.61,10.06,29.33,684,2.03,337,5113.38,3.8,70.01,12.88
2,2016-02-27,8,Saturday,1,6,4.3,10.81,1.43,9.8,24.17,1108,2.02,548,7288.39,3.8,70.01,10.17
1,2016-02-27,9,Saturday,1,6,3.74,10.0,1.31,9.61,21.48,865,1.21,712,8710.3,3.8,69.99,8.44
2,2016-02-27,11,Saturday,1,6,3.59,10.09,1.25,10.62,19.43,2229,2.0,1113,13649.24,3.8,63.36,7.84
2,2016-02-27,18,Saturday,1,6,3.73,11.02,1.46,12.92,16.62,2791,1.95,1432,19171.75,3.8,70.01,8.73
2,2016-02-27,20,Saturday,1,6,3.89,11.12,1.45,12.49,17.97,2425,1.98,1225,17106.45,4.3,70.01,8.92
1,2016-02-27,21,Saturday,1,6,4.05,11.39,1.46,12.67,18.1,1445,1.43,1012,14446.98,4.3,69.99,8.79
2,2016-02-28,0,Sunday,1,7,4.44,11.83,1.59,12.96,20.19,2588,2.05,1262,18663.77,4.3,61.56,8.36
1,2016-02-28,1,Sunday,1,7,4.77,12.13,1.71,12.66,21.45,1359,1.39,975,14837.16,3.8,60.3,8.4
1,2016-02-28,3,Sunday,1,7,5.41,12.58,1.67,11.52,25.42,922,1.39,662,10360.87,4.3,63.35,9.62
1,2016-02-28,10,Sunday,1,7,4.07,10.35,1.38,9.39,23.45,887,1.24,713,9107.11,4.3,69.99,9.63
2,2016-02-28,12,Sunday,1,7,4.09,10.93,1.5,11.32,20.14,2198,2.04,1079,14519.54,3.8,70.01,9.65
1,2016-02-28,13,Sunday,1,7,4.25,11.7,1.54,12.56,18.54,1129,1.31,865,12422.93,4.3,69.99,10.49
1,2016-02-28,14,Sunday,1,7,4.82,12.75,1.74,14.02,18.13,1228,1.34,914,14355.54,3.8,69.99,12.34
1,2016-02-28,15,Sunday,1,7,4.66,12.63,1.61,14.23,17.81,1148,1.34,856,13186.8,3.8,69.99,12.19
1,2016-02-28,16,Sunday,1,7,4.54,12.22,1.54,13.59,18.09,1135,1.33,854,12750.64,3.8,69.99,11.36
2,2016-02-28,17,Sunday,1,7,4.73,12.44,1.64,13.88,18.81,2015,2.0,1006,15302.72,3.8,70.01,11.56
2,2016-02-28,19,Sunday,1,7,4.85,12.35,1.73,13.09,20.37,1901,1.94,982,14938.53,3.8,70.01,11.66
2,2016-02-28,22,Sunday,1,7,6.25,13.93,1.97,12.16,27.06,1396,2.06,679,11912.31,4.8,70.01,13.13
2,2016-02-28,23,Sunday,1,7,6.48,14.05,1.88,11.55,29.66,1021,1.95,523,9206.98,4.3,70.01,13.3
1,2016-02-29,0,Monday,0,1,5.65,12.83,1.79,11.35,28.07,724,1.27,568,9130.11,4.8,70.0,9.91
2,2016-02-29,2,Monday,0,1,4.86,11.13,1.35,9.63,28.37,198,1.78,111,1535.03,4.3,43.29,8.14
2,2016-02-29,4,Monday,0,1,7.85,15.97,1.85,11.82,35.61,182,2.28,80,1594.22,4.8,63.36,14.1
2,2016-02-29,9,Monday,0,1,4.09,12.49,1.79,14.92,16.07,1972,2.0,986,15133.81,3.8,70.01,10.9
1,2016-02-29,12,Monday,0,1,3.73,11.36,1.52,13.12,15.49,891,1.18,753,10482.68,4.3,69.99,10.32
1,2016-02-29,17,Monday,0,1,3.42,10.1,1.58,11.47,17.09,1057,1.22,863,11763.89,5.3,70.0,8.28
1,2016-02-29,19,Monday,0,1,3.99,10.7,1.72,11.26,19.69,1162,1.17,989,14224.89,4.8,59.79,8.91
2,2016-02-29,21,Monday,0,1,5.25,12.41,2.04,11.68,24.45,2168,1.99,1089,17420.46,4.3,70.01,11.16
1,2016-02-29,22,Monday,0,1,5.11,12.26,1.96,11.57,23.88,858,1.21,712,11208.13,4.3,69.99,10.56
1,2016-02-29,23,Monday,0,1,5.89,13.38,2.0,11.93,26.87,591,1.19,495,8380.52,4.3,70.0,11.48
2,2016-03-01,0,Tuesday,0,2,6.13,13.53,1.9,11.57,28.36,788,2.07,381,6459.19,4.8,70.01,11.93
1,2016-03-01,1,Tuesday,0,2,5.61,12.77,1.56,11.14,27.29,246,1.16,212,3326.27,4.8,63.35,10.3
1,2016-03-01,3,Tuesday,0,2,5.78,12.93,1.1,10.71,29.81,112,1.35,83,1288.44,5.3,69.99,10.24
1,2016-03-01,10,Tuesday,0,2,3.84,11.91,1.64,14.4,14.77,871,1.12,780,11415.21,3.8,69.99,10.51
2,2016-03-01,12,Tuesday,0,2,3.74,11.48,1.51,13.53,15.52,1706,2.0,852,11937.65,3.8,70.01,9.8
1,2016-03-01,13,Tuesday,0,2,3.73,11.56,1.47,13.68,15.01,942,1.16,811,11403.07,3.8,69.99,9.62
1,2016-03-01,14,Tuesday,0,2,3.68,11.48,1.5,13.63,15.06,1005,1.19,848,11842.63,4.3,69.99,9.57
1,2016-03-01,15,Tuesday,0,2,3.46,10.86,1.44,13.08,14.7,1068,1.23,870,11642.87,3.8,70.34,9.18
1,2016-03-01,16,Tuesday,0,2,3.49,10.52,1.55,12.22,16.27,953,1.21,790,11118.12,4.8,63.39,9.12
2,2016-03-01,17,Tuesday,0,2,3.63,10.81,1.69,12.65,16.47,2074,1.87,1108,16081.32,4.8,64.61,9.25
2,2016-03-01,19,Tuesday,0,2,3.91,10.89,1.75,12.11,18.13,2737,2.1,1305,19050.3,4.8,61.84,8.77
2,2016-03-01,22,Tuesday,0,2,4.99,12.31,1.89,12.27,22.84,2232,2.07,1080,16883.82,4.3,70.01,9.88
2,2016-03-01,23,Tuesday,0,2,5.45,12.73,1.86,11.98,25.28,1535,2.07,740,11851.98,4.8,66.34,9.8
1,2016-03-02,2,Wednesday,0,3,5.46,12.49,1.38,11.07,27.01,180,1.26,143,2169.17,4.8,52.8,9.63
1,2016-03-02,4,Wednesday,0,3,7.15,15.05,1.62,12.03,32.4,121,1.26,96,1769.48,4.8,58.34,11.67
2,2016-03-02,5,Wednesday,0,3,5.13,11.62,1.45,9.67,28.77,331,2.01,165,2422.34,4.8,70.01,12.27
2,2016-03-02,6,Wednesday,0,3,4.35,10.52,1.5,9.71,24.9,1053,1.92,548,7147.55,4.3,70.01,10.04
2,2016-03-02,7,Wednesday,0,3,3.86,10.61,1.49,11.26,19.63,1909,1.97,971,12717.7,3.8,70.01,9.32
2,2016-03-02,8,Wednesday,0,3,3.56,10.95,1.7,12.94,16.1,2381,1.97,1211,16452.01,3.8,70.61,8.81
1,2016-03-02,9,Wednesday,0,3,3.51,11.55,1.63,14.28,14.69,1009,1.1,919,12962.62,3.8,69.99,9.0
2,2016-03-02,11,Wednesday,0,3,3.89,12.14,1.66,14.57,14.92,1816,2.01,903,13405.47,3.8,70.01,10.51
2,2016-03-02,18,Wednesday,0,3,3.54,10.86,1.76,13.21,15.57,2714,1.95,1391,20261.48,4.8,61.61,8.44
2,2016-03-02,20,Wednesday,0,3,4.42,11.51,1.87,12.08,20.22,2703,1.9,1421,21104.89,4.3,70.01,9.64
1,2016-03-02,21,Wednesday,0,3,4.68,11.95,1.95,12.19,21.18,1433,1.23,1165,17954.83,4.3,69.99,9.99
2,2016-03-03,1,Thursday,0,4,5.79,13.09,1.86,11.73,27.74,649,2.14,303,4960.52,4.3,65.21,10.43
2,2016-03-03,3,Thursday,0,4,5.41,12.45,1.5,11.05,27.61,230,2.04,113,1722.9,4.8,52.8,9.82
1,2016-03-03,5,Thursday,0,4,5.17,11.49,1.64,8.99,29.16,202,1.1,183,2698.32,3.8,69.99,12.87
1,2016-03-03,6,Thursday,0,4,4.06,10.14,1.42,9.08,23.92,545,1.06,514,6480.89,4.3,69.99,10.05
1,2016-03-03,7,Thursday,0,4,3.8,11.05,1.61,12.29,18.16,1057,1.13,934,12745.27,3.8,68.34,9.29
1,2016-03-03,8,Thursday,0,4,3.34,11.15,1.65,13.74,14.34,1084,1.12,965,13261.4,3.8,59.19,8.57
2,2016-03-03,10,Thursday,0,4,3.7,12.0,1.63,14.88,14.32,2119,2.06,1027,15066.23,3.8,70.01,10.16
1,2016-03-03,11,Thursday,0,4,3.41,11.44,1.65,14.17,13.83,1045,1.18,888,12492.43,3.8,68.34,9.16
2,2016-03-03,13,Thursday,0,4,4.28,12.57,1.72,14.55,16.12,2124,2.04,1040,16072.75,3.8,70.01,11.44
2,2016-03-03,14,Thursday,0,4,4.3,12.72,1.79,15.23,15.43,2263,2.05,1104,17295.85,3.8,70.34,12.17
2,2016-03-03,15,Thursday,0,4,4.18,12.4,1.71,14.84,15.28,2010,2.01,999,15292.18,3.8,70.01,12.23
2,2016-03-03,16,Thursday,0,4,3.62,10.91,1.6,12.8,16.39,1721,1.99,865,12614.68,4.8,67.01,9.51
1,2016-03-03,18,Thursday,0,4,3.47,11.02,1.75,13.46,15.14,1514,1.22,1241,18242.85,4.8,59.79,8.12
1,2016-03-03,20,Thursday,0,4,4.28,11.62,1.76,12.72,18.72,1456,1.2,1210,18001.63,4.3,69.99,9.18
1,2016-03-04,2,Friday,0,5,5.62,12.84,1.51,11.89,26.13,310,1.21,256,4023.16,4.3,48.8,9.6
1,2016-03-04,4,Friday,0,5,6.78,14.48,1.4,11.79,30.27,201,1.23,164,2910.05,4.3,69.99,13.28
2,2016-03-04,5,Friday,0,5,6.73,14.24,2.21,11.45,31.16,389,1.94,201,3684.02,4.8,70.01,15.22
2,2016-03-04,6,Friday,0,5,4.75,11.18,1.58,10.3,25.3,1042,1.97,530,7310.52,4.3,70.01,11.73
2,2016-03-04,7,Friday,0,5,3.87,10.74,1.56,11.61,19.31,2101,2.01,1047,13900.74,3.8,70.01,8.75
2,2016-03-04,8,Friday,0,5,3.29,10.61,1.64,13.05,14.79,2576,2.04,1265,16620.45,3.8,61.56,7.62
1,2016-03-04,9,Friday,0,5,3.52,11.52,1.75,14.24,13.93,1028,1.09,939,13315.78,3.8,69.99,9.54
2,2016-03-04,11,Friday,0,5,4.04,12.42,1.64,15.1,14.82,2048,2.06,996,15057.31,3.8,70.01,10.94
2,2016-03-04,18,Friday,0,5,3.55,10.79,1.6,12.91,16.02,2935,2.05,1433,20502.47,4.8,60.36,7.76
2,2016-03-04,20,Friday,0,5,4.19,11.38,1.74,12.48,18.86,2951,2.03,1452,21183.76,4.3,70.01,9.65
1,2016-03-04,21,Friday,0,5,4.32,11.73,1.72,12.79,18.71,1420,1.33,1071,15940.2,3.8,69.99,9.7
2,2016-03-05,1,Saturday,1,6,4.76,11.89,1.61,12.03,22.4,2072,1.99,1042,15530.46,4.3,70.01,8.61
2,2016-03-05,3,Saturday,1,6,5.04,12.01,1.43,11.35,24.47,1120,2.11,532,7857.03,4.3,54.36,8.61
1,2016-03-05,5,Saturday,1,6,6.38,13.86,1.5,10.87,30.4,215,1.22,176,3014.69,4.8,70.09,14.11
1,2016-03-05,6,Saturday,1,6,6.58,14.45,1.42,10.67,31.26,246,1.18,208,3618.75,3.8,69.99,15.56
1,2016-03-05,7,Saturday,1,6,4.88,11.5,1.44,9.74,26.89,394,1.19,332,4659.02,3.8,69.99,11.53
1,2016-03-05,8,Saturday,1,6,4.32,10.87,1.34,9.75,23.43,584,1.18,496,6571.56,4.3,69.99,10.68
2,2016-03-05,10,Saturday,1,6,3.74,10.25,1.3,10.51,20.33,1986,2.0,994,12433.63,3.8,70.01,8.12
1,2016-03-05,11,Saturday,1,6,3.55,10.26,1.25,11.04,18.31,1137,1.27,894,11115.78,3.8,69.99,8.25
2,2016-03-05,13,Saturday,1,6,3.78,11.23,1.41,12.88,16.88,2328,2.05,1136,15451.15,3.3,70.01,9.11
2,2016-03-05,14,Saturday,1,6,4.08,11.69,1.44,13.43,16.91,2296,2.09,1101,15578.8,3.8,70.01,10.33
2,2016-03-05,15,Saturday,1,6,3.91,11.44,1.35,13.2,16.82,2185,2.03,1076,14814.2,3.8,70.01,9.99
2,2016-03-05,16,Saturday,1,6,4.1,11.98,1.4,13.85,16.92,2107,2.02,1042,14977.54,3.8,70.01,10.93
1,2016-03-05,18,Saturday,1,6,3.65,11.16,1.43,13.5,15.74,1824,1.41,1291,17536.74,3.3,70.0,8.24
1,2016-03-05,20,Saturday,1,6,4.01,11.35,1.47,12.8,17.44,1527,1.43,1071,15243.27,4.3,66.34,8.87
1,2016-03-06,0,Sunday,1,7,4.3,11.47,1.7,12.35,19.92,1529,1.42,1073,15583.17,4.8,63.95,8.22
2,2016-03-06,2,Sunday,1,7,5.0,12.14,1.64,11.93,23.53,2044,2.09,977,14787.46,4.3,53.16,8.44
2,2016-03-06,4,Sunday,1,7,6.16,13.66,1.71,11.82,28.56,945,2.23,423,7136.15,4.3,70.01,10.84
2,2016-03-06,9,Sunday,1,7,4.2,10.35,1.35,9.1,24.57,1365,1.99,686,8730.57,3.8,70.01,10.01
1,2016-03-06,12,Sunday,1,7,3.93,10.93,1.34,11.57,19.19,1273,1.37,927,12285.88,3.8,63.35,8.87
1,2016-03-06,17,Sunday,1,7,4.4,12.32,1.71,13.97,17.63,1151,1.33,864,13121.65,3.8,69.99,11.59
1,2016-03-06,19,Sunday,1,7,4.52,11.86,1.61,12.58,19.54,1204,1.33,908,13325.35,4.3,69.99,11.41
2,2016-03-06,21,Sunday,1,7,5.2,12.31,1.8,11.3,24.97,1622,2.0,810,12748.05,4.8,70.34,11.42
1,2016-03-06,22,Sunday,1,7,5.65,13.05,1.84,11.6,26.01,804,1.31,613,10110.33,4.3,69.99,12.28
1,2016-03-06,23,Sunday,1,7,6.1,13.77,1.95,11.85,27.36,532,1.24,429,7473.78,4.3,69.99,12.89
1,2016-03-07,2,Monday,0,1,5.68,12.57,0.98,11.17,28.74,144,1.21,119,1767.1,4.8,47.8,8.52
1,2016-03-07,4,Monday,0,1,7.47,15.77,1.96,11.62,33.89,108,1.09,99,1926.03,4.8,69.99,14.14
2,2016-03-07,5,Monday,0,1,6.11,13.2,1.73,10.27,30.8,343,2.01,171,2859.08,5.76,70.01,13.81
2,2016-03-07,6,Monday,0,1,5.27,12.15,1.66,10.87,26.91,952,1.91,498,7457.61,4.3,70.01,13.04
2,2016-03-07,7,Monday,0,1,4.08,11.06,1.66,11.93,19.49,1915,2.03,943,12949.15,3.8,70.61,9.86
2,2016-03-07,8,Monday,0,1,3.8,11.6,1.62,13.61,16.26,2222,2.03,1094,15591.49,3.8,70.01,10.08
1,2016-03-07,9,Monday,0,1,3.69,11.9,1.69,14.42,15.07,998,1.12,891,13060.07,3.8,70.01,10.5
2,2016-03-07,11,Monday,0,1,4.5,13.18,1.81,15.5,16.39,1642,2.07,792,12840.82,3.8,70.01,12.54
2,2016-03-07,18,Monday,0,1,3.78,10.83,1.7,12.38,17.42,2350,1.88,1248,18115.38,4.8,63.36,8.81
2,2016-03-07,20,Monday,0,1,4.8,11.83,1.83,11.49,22.65,2301,2.04,1129,17139.08,4.3,70.01,10.65
1,2016-03-07,21,Monday,0,1,5.08,12.19,1.87,11.53,23.82,1084,1.24,877,13683.47,4.3,69.99,10.53
1,2016-03-08,2,Tuesday,0,2,5.02,11.71,1.46,10.78,27.54,164,1.21,135,1955.68,4.8,42.8,7.55
1,2016-03-08,4,Tuesday,0,2,6.2,13.5,1.86,11.0,31.3,142,1.15,124,2107.94,4.8,69.34,12.0
2,2016-03-08,5,Tuesday,0,2,6.06,13.49,1.91,10.29,30.66,321,1.92,167,2866.07,4.3,70.01,15.39
2,2016-03-08,6,Tuesday,0,2,4.41,10.65,1.34,9.72,25.39,1012,1.95,520,6785.08,3.8,70.01,9.79
2,2016-03-08,7,Tuesday,0,2,3.92,11.04,1.58,12.3,18.72,1957,2.0,980,13366.86,3.8,70.01,9.13
2,2016-03-08,8,Tuesday,0,2,3.81,11.91,1.75,14.6,15.16,2217,1.96,1129,16545.0,3.8,68.81,9.49
1,2016-03-08,9,Tuesday,0,2,3.54,11.45,1.67,14.0,14.24,1035,1.14,910,12839.46,3.8,69.99,9.62
2,2016-03-08,11,Tuesday,0,2,4.1,12.45,1.83,14.89,15.34,1768,2.01,881,13578.23,3.8,70.01,11.59
2,2016-03-08,18,Tuesday,0,2,3.55,10.82,1.7,13.02,15.68,2695,2.0,1346,19435.03,4.8,56.62,7.88
2,2016-03-08,20,Tuesday,0,2,4.61,11.73,1.94,11.97,21.07,2443,2.0,1223,18515.78,4.3,70.01,10.03
1,2016-03-08,21,Tuesday,0,2,4.69,11.75,1.82,11.78,21.94,1228,1.21,1013,15256.31,3.8,62.8,9.5
2,2016-03-09,1,Wednesday,0,3,5.09,11.82,1.49,10.75,27.09,562,2.1,268,3925.5,4.8,63.36,9.02
2,2016-03-09,3,Wednesday,0,3,5.73,12.67,1.57,10.86,28.52,230,1.97,117,1829.14,4.3,58.01,10.01
1,2016-03-09,5,Wednesday,0,3,5.96,13.08,2.02,9.48,31.04,196,1.07,184,3154.51,3.8,69.99,15.74
1,2016-03-09,6,Wednesday,0,3,4.62,11.09,1.63,9.74,25.53,536,1.06,506,6992.06,4.3,70.01,12.08
1,2016-03-09,7,Wednesday,0,3,3.73,10.62,1.6,11.56,18.32,1008,1.14,881,11636.05,4.3,69.99,9.49
1,2016-03-09,8,Wednesday,0,3,3.7,11.56,1.76,13.94,15.14,1053,1.12,942,13445.37,3.8,70.01,9.57
2,2016-03-09,10,Wednesday,0,3,4.27,12.77,1.85,15.21,15.51,1762,2.07,851,13376.38,3.8,70.01,11.63
1,2016-03-09,11,Wednesday,0,3,3.88,12.33,1.7,15.1,14.53,938,1.19,785,11853.82,3.8,69.99,10.5
2,2016-03-09,13,Wednesday,0,3,4.15,12.44,1.58,14.65,15.54,1810,2.0,905,13710.18,3.8,70.01,10.84
2,2016-03-09,14,Wednesday,0,3,4.15,12.63,1.64,15.4,14.83,1739,2.04,854,13133.88,4.3,70.01,11.29
2,2016-03-09,15,Wednesday,0,3,4.0,12.23,1.71,15.16,14.66,1795,1.97,912,13759.87,4.3,70.01,11.28
2,2016-03-09,16,Wednesday,0,3,3.68,11.36,1.7,13.95,15.48,1817,2.01,902,13612.39,4.8,70.01,9.97
1,2016-03-09,18,Wednesday,0,3,3.53,11.0,1.7,13.49,15.01,1395,1.21,1151,16870.18,4.8,61.61,8.2
1,2016-03-09,20,Wednesday,0,3,4.59,12.04,1.92,12.96,19.56,1276,1.2,1065,16497.84,4.3,70.0,10.02
2,2016-03-10,0,Thursday,0,4,5.47,12.79,1.83,12.11,25.67,1140,2.0,570,9152.86,4.8,52.61,9.4
1,2016-03-10,1,Thursday,0,4,5.36,12.3,1.57,10.95,26.86,395,1.27,312,4779.55,4.3,58.6,9.5
1,2016-03-10,3,Thursday,0,4,5.64,12.72,1.33,11.13,28.19,174,1.18,147,2273.02,4.8,66.39,9.24
1,2016-03-10,10,Thursday,0,4,3.78,11.92,1.63,14.49,14.62,903,1.13,797,11609.76,3.3,63.39,9.6
2,2016-03-10,12,Thursday,0,4,4.11,12.65,1.77,15.18,15.03,2061,2.0,1033,16003.05,3.8,70.01,11.28
1,2016-03-10,13,Thursday,0,4,4.18,12.65,1.81,15.02,15.02,1004,1.16,867,13551.69,3.3,68.34,11.91
1,2016-03-10,14,Thursday,0,4,4.01,12.79,1.67,15.86,14.32,1128,1.2,941,14656.63,3.8,70.0,11.59
1,2016-03-10,15,Thursday,0,4,3.87,12.09,1.66,14.99,14.16,1044,1.21,864,12959.76,4.3,70.34,11.07
1,2016-03-10,16,Thursday,0,4,3.49,11.25,1.6,14.0,14.56,907,1.29,704,10456.73,4.8,56.84,8.82
2,2016-03-10,17,Thursday,0,4,3.94,12.01,1.87,14.95,15.18,2091,2.0,1047,16702.04,4.8,65.21,10.56
2,2016-03-10,19,Thursday,0,4,3.98,11.25,1.75,12.92,17.2,2674,1.95,1369,20487.1,4.8,70.01,8.8
2,2016-03-10,22,Thursday,0,4,5.06,13.06,2.07,14.1,20.56,2717,2.11,1286,21295.92,4.3,70.01,10.1
2,2016-03-10,23,Thursday,0,4,5.21,12.87,1.9,13.33,21.84,2290,2.06,1111,18042.3,4.3,70.01,10.2
2,2016-03-11,0,Friday,0,5,5.27,12.87,1.93,12.57,23.29,1636,2.08,788,12784.8,4.3,70.01,10.63
1,2016-03-11,1,Friday,0,5,4.95,11.86,1.71,11.36,24.33,617,1.26,490,7324.45,3.8,63.34,8.87
1,2016-03-11,3,Friday,0,5,5.2,12.14,1.48,11.43,25.12,292,1.3,224,3376.66,4.8,54.35,9.24
1,2016-03-11,10,Friday,0,5,4.12,12.58,1.77,15.16,15.05,901,1.16,778,11990.22,3.8,70.01,10.51
2,2016-03-11,12,Friday,0,5,4.19,12.6,1.66,15.04,15.37,1848,2.05,901,13857.16,3.8,70.01,11.29
1,2016-03-11,13,Friday,0,5,4.19,12.27,1.56,14.06,15.73,1083,1.19,912,13649.94,4.3,69.99,11.65
1,2016-03-11,14,Friday,0,5,3.86,12.0,1.62,14.74,14.6,1152,1.26,917,13474.0,4.3,69.99,10.18
1,2016-03-11,15,Friday,0,5,3.83,12.12,1.58,15.35,14.13,1150,1.27,909,13518.84,3.8,69.99,10.65
1,2016-03-11,16,Friday,0,5,3.63,11.49,1.58,14.48,14.51,943,1.28,738,11102.69,4.3,61.59,9.75
2,2016-03-11,17,Friday,0,5,3.82,11.74,1.73,14.63,15.34,2171,1.93,1125,17464.18,4.8,67.61,9.63
2,2016-03-11,19,Friday,0,5,3.68,10.9,1.69,12.83,16.59,2812,1.98,1419,20562.86,4.8,64.56,8.06
2,2016-03-11,22,Friday,0,5,4.74,12.55,1.77,13.81,19.26,2763,2.05,1348,21282.77,4.8,70.01,9.98
2,2016-03-11,23,Friday,0,5,4.81,12.63,1.79,13.89,19.76,2601,1.96,1328,21066.25,4.3,70.01,9.77
2,2016-03-12,0,Saturday,1,6,4.84,12.35,1.73,12.98,21.12,2416,2.01,1200,18615.06,4.3,68.34,9.47
1,2016-03-12,1,Saturday,1,6,4.95,12.19,1.8,12.14,22.54,1201,1.38,871,13373.75,3.8,69.99,9.05
1,2016-03-12,3,Saturday,1,6,5.36,12.62,1.57,11.58,24.99,722,1.4,516,8035.31,4.3,66.95,9.62
1,2016-03-12,10,Saturday,1,6,3.65,10.26,1.26,10.78,19.27,1009,1.29,785,9797.92,4.3,69.99,8.42
2,2016-03-12,12,Saturday,1,6,3.75,10.91,1.38,12.24,17.63,2336,2.03,1152,15268.23,3.8,70.01,8.85
1,2016-03-12,13,Saturday,1,6,3.89,11.48,1.47,13.23,16.65,1241,1.35,916,12750.21,3.8,69.99,9.28
1,2016-03-12,14,Saturday,1,6,3.84,11.39,1.41,13.26,16.25,1345,1.39,971,13406.08,4.3,69.99,9.48
1,2016-03-12,15,Saturday,1,6,3.89,11.53,1.52,13.53,16.08,1297,1.37,949,13305.52,3.8,70.34,9.35
1,2016-03-12,16,Saturday,1,6,4.09,11.77,1.48,13.47,16.94,1362,1.41,967,13864.65,4.3,69.99,10.09
2,2016-03-12,17,Saturday,1,6,4.04,11.55,1.5,13.47,17.18,2371,1.97,1203,16796.35,3.8,70.34,9.32
2,2016-03-12,19,Saturday,1,6,3.82,11.46,1.45,13.77,16.03,2825,1.97,1433,19817.86,3.8,70.01,8.72
2,2016-03-12,22,Saturday,1,6,4.4,12.13,1.6,13.8,18.41,2488,1.98,1255,18979.86,4.3,68.34,8.86
2,2016-03-12,23,Saturday,1,6,4.64,12.28,1.62,13.35,19.61,2769,2.07,1339,20540.23,4.3,70.34,9.4
1,2016-03-13,0,Sunday,1,7,4.41,11.74,1.69,12.71,19.65,1512,1.38,1093,16170.25,4.3,69.99,8.55
2,2016-03-13,4,Sunday,1,7,5.61,13.06,1.57,12.55,25.51,1410,2.05,687,11029.01,4.3,68.84,9.57
2,2016-03-13,9,Sunday,1,7,4.45,10.7,1.45,9.28,26.25,1197,1.96,611,8066.71,3.8,70.01,9.75
1,2016-03-13,12,Sunday,1,7,4.13,11.24,1.53,11.5,19.71,1261,1.36,927,12830.12,3.8,69.99,10.24
1,2016-03-13,17,Sunday,1,7,4.52,12.15,1.65,13.39,18.6,1181,1.36,871,13015.87,3.8,70.0,11.04
1,2016-03-13,19,Sunday,1,7,4.59,11.75,1.71,12.09,20.24,1168,1.35,862,12628.47,3.8,70.0,11.75
2,2016-03-13,21,Sunday,1,7,5.16,12.23,1.81,11.59,23.84,1595,2.01,795,12461.74,4.3,70.01,11.5
1,2016-03-13,22,Sunday,1,7,5.8,13.26,1.9,11.78,25.85,762,1.34,567,9574.83,4.3,70.0,13.24
1,2016-03-13,23,Sunday,1,7,6.24,13.86,2.01,11.63,28.41,548,1.25,439,7744.68,4.8,69.99,13.35
1,2016-03-14,2,Monday,0,1,6.13,13.6,1.62,11.67,28.55,170,1.34,127,2111.34,4.8,62.8,11.45
1,2016-03-14,4,Monday,0,1,6.58,14.05,1.8,11.25,31.38,132,1.16,114,2021.02,4.3,70.01,12.37
2,2016-03-14,5,Monday,0,1,6.3,13.59,2.05,10.77,30.81,385,1.97,195,3422.32,4.3,70.01,15.12
2,2016-03-14,6,Monday,0,1,4.81,11.33,1.69,10.07,26.07,968,1.91,507,7189.02,4.3,70.01,12.4
2,2016-03-14,7,Monday,0,1,4.11,10.93,1.53,11.73,20.01,1672,1.93,867,11704.86,3.8,65.34,10.03
2,2016-03-14,8,Monday,0,1,3.61,11.31,1.69,13.95,14.96,2283,2.03,1124,15721.28,3.8,69.54,9.71
1,2016-03-14,9,Monday,0,1,3.83,11.99,1.7,14.76,14.47,1114,1.13,982,14460.28,3.8,69.99,10.48
2,2016-03-14,11,Monday,0,1,4.12,12.01,1.64,13.89,16.13,1737,2.04,852,12654.14,3.8,70.01,11.77
2,2016-03-14,18,Monday,0,1,3.43,10.53,1.61,12.6,15.87,2844,2.02,1406,19807.9,5.3,65.21,8.27
2,2016-03-14,20,Monday,0,1,4.35,11.27,1.76,11.79,20.14,2594,2.0,1296,18801.68,4.3,70.01,9.89
1,2016-03-14,21,Monday,0,1,4.39,11.17,1.66,11.24,21.18,1155,1.24,928,13247.47,4.8,70.0,9.41
2,2016-03-15,1,Tuesday,0,2,6.07,13.26,1.92,11.38,29.44,488,1.98,246,4119.37,4.8,59.8,10.75
2,2016-03-15,3,Tuesday,0,2,5.7,12.86,1.28,11.1,28.53,166,1.95,85,1328.81,4.3,58.34,10.45
1,2016-03-15,5,Tuesday,0,2,5.3,11.77,1.36,9.28,29.25,190,1.06,179,2649.92,3.8,68.0,12.33
1,2016-03-15,6,Tuesday,0,2,4.2,10.4,1.48,9.38,24.11,593,1.09,542,6989.62,3.8,69.99,10.73
1,2016-03-15,7,Tuesday,0,2,3.67,10.59,1.55,11.53,18.12,1044,1.12,929,12162.9,3.3,68.34,9.13
1,2016-03-15,8,Tuesday,0,2,3.34,10.78,1.55,13.19,14.42,1150,1.13,1018,13496.01,3.3,68.34,8.4
2,2016-03-15,10,Tuesday,0,2,3.91,12.25,1.62,15.0,14.81,1953,1.95,1000,14912.51,3.8,70.01,9.98
1,2016-03-15,11,Tuesday,0,2,3.9,12.43,1.64,15.32,14.04,908,1.19,761,11538.49,3.8,69.99,10.94
2,2016-03-15,13,Tuesday,0,2,4.35,12.94,1.64,15.12,15.76,1930,2.05,943,14851.15,4.3,70.01,11.83
2,2016-03-15,14,Tuesday,0,2,4.04,12.32,1.69,15.0,14.74,2001,2.03,988,14908.75,3.8,70.01,10.99
2,2016-03-15,15,Tuesday,0,2,4.0,12.22,1.55,14.64,14.88,1908,2.06,925,13748.76,3.0,70.34,11.75
2,2016-03-15,16,Tuesday,0,2,4.28,12.31,1.79,14.69,16.21,1559,1.91,818,13288.28,5.3,65.81,11.45
1,2016-03-15,18,Tuesday,0,2,3.54,10.92,1.73,12.85,15.91,1366,1.21,1132,16558.27,4.8,54.99,8.34
1,2016-03-15,20,Tuesday,0,2,4.23,11.27,1.88,11.96,19.78,1196,1.22,977,14306.01,4.8,60.39,8.88
2,2016-03-16,1,Wednesday,0,3,5.5,12.58,1.58,11.25,27.28,683,2.2,310,4829.35,4.8,70.01,10.46
2,2016-03-16,3,Wednesday,0,3,6.18,13.43,1.43,11.38,30.55,238,2.05,116,1891.82,4.8,44.18,9.6
1,2016-03-16,5,Wednesday,0,3,6.45,13.93,1.89,10.74,30.97,195,1.07,183,3212.37,4.8,70.01,15.1
1,2016-03-16,6,Wednesday,0,3,4.62,11.29,1.66,10.24,24.28,570,1.1,518,7279.93,3.8,69.99,11.76
1,2016-03-16,7,Wednesday,0,3,3.78,10.8,1.6,11.94,18.08,981,1.1,893,11934.54,3.8,69.99,8.96
1,2016-03-16,8,Wednesday,0,3,3.4,11.28,1.75,13.97,14.41,1156,1.14,1013,14132.33,3.8,63.36,8.56
2,2016-03-16,10,Wednesday,0,3,3.99,12.61,1.73,15.57,14.6,1946,2.05,949,14602.41,3.8,70.01,10.64
1,2016-03-16,11,Wednesday,0,3,3.78,12.6,1.59,16.0,13.5,919,1.17,784,11959.83,3.8,69.99,9.75
2,2016-03-16,13,Wednesday,0,3,4.1,12.62,1.77,15.12,15.06,1999,2.04,980,15182.58,3.8,70.01,11.17
2,2016-03-16,14,Wednesday,0,3,4.33,12.98,1.81,15.73,15.12,2037,2.11,966,15412.01,3.8,70.01,12.07
2,2016-03-16,15,Wednesday,0,3,4.26,12.78,1.78,15.93,14.69,1945,1.99,979,15409.34,3.8,70.01,11.42
2,2016-03-16,16,Wednesday,0,3,4.06,12.21,1.83,14.95,15.47,1680,2.02,831,13429.46,4.8,62.34,11.14
1,2016-03-16,18,Wednesday,0,3,3.15,10.66,1.64,13.44,13.93,1644,1.25,1310,18644.47,4.8,68.19,7.9
1,2016-03-16,20,Wednesday,0,3,4.26,11.52,1.79,12.6,18.91,1427,1.22,1172,17334.08,4.3,57.39,8.8
1,2016-03-17,0,Thursday,0,4,5.54,13.0,1.83,12.13,24.85,548,1.22,448,7291.56,4.3,70.84,11.16
2,2016-03-17,2,Thursday,0,4,5.73,12.79,1.47,11.22,28.39,361,1.96,184,2886.69,4.3,52.88,9.73
2,2016-03-17,4,Thursday,0,4,6.63,14.25,1.6,11.81,31.62,222,2.06,108,1907.03,4.3,63.36,11.73
2,2016-03-17,9,Thursday,0,4,3.93,12.84,1.93,16.09,14.4,2083,2.02,1031,16336.36,3.8,70.01,10.84
1,2016-03-17,12,Thursday,0,4,4.02,12.58,1.62,15.13,15.1,835,1.18,707,10800.65,3.8,69.99,11.05
1,2016-03-17,17,Thursday,0,4,3.68,12.47,1.65,16.32,13.91,1170,1.28,914,14737.67,4.8,62.79,9.74
1,2016-03-17,19,Thursday,0,4,3.7,10.78,1.74,12.25,17.17,1500,1.26,1188,17166.32,4.8,55.84,8.24
2,2016-03-17,21,Thursday,0,4,4.98,12.52,1.85,12.95,21.06,3003,2.03,1482,23584.82,4.3,70.01,10.99
1,2016-03-17,22,Thursday,0,4,5.12,13.14,2.07,13.99,20.47,1447,1.26,1151,19295.98,4.8,71.79,11.14
1,2016-03-17,23,Thursday,0,4,5.58,13.85,2.01,14.46,21.62,1361,1.31,1037,18052.45,4.3,69.99,11.76
1,2016-03-18,0,Friday,0,5,5.15,12.72,1.92,12.72,22.46,1000,1.31,763,12335.98,4.3,69.99,11.12
2,2016-03-18,2,Friday,0,5,5.43,12.53,1.54,11.58,25.75,805,2.02,398,6130.24,4.3,56.81,9.92
2,2016-03-18,4,Friday,0,5,6.37,13.94,1.44,11.39,30.84,379,2.06,184,3124.15,4.8,54.41,11.19
2,2016-03-18,9,Friday,0,5,3.85,12.01,1.74,14.63,14.96,2287,2.06,1110,16397.07,3.8,70.01,9.91
1,2016-03-18,12,Friday,0,5,3.99,12.41,1.68,14.97,14.69,1108,1.2,922,13944.66,3.8,69.99,10.63
1,2016-03-18,17,Friday,0,5,3.62,11.69,1.63,14.68,14.64,1144,1.26,905,13888.88,4.8,62.3,9.82
1,2016-03-18,19,Friday,0,5,3.74,11.24,1.65,13.3,16.33,1609,1.33,1212,17902.63,4.3,56.75,8.02
2,2016-03-18,21,Friday,0,5,4.49,12.0,1.67,12.93,19.27,2453,1.96,1249,18945.44,4.3,70.01,10.5
1,2016-03-18,22,Friday,0,5,4.57,12.5,1.74,13.92,18.59,1539,1.38,1112,17480.63,4.3,70.01,10.1
1,2016-03-18,23,Friday,0,5,4.86,12.85,1.79,14.01,19.48,1539,1.39,1109,17888.58,4.3,69.99,10.78
1,2016-03-19,0,Saturday,1,6,4.89,12.57,1.74,13.44,20.56,1401,1.35,1039,16373.02,4.3,70.0,9.86
2,2016-03-19,2,Saturday,1,6,4.75,11.56,1.67,11.21,23.62,1673,2.08,806,11758.57,3.8,60.96,8.37
2,2016-03-19,4,Saturday,1,6,5.61,12.89,1.31,11.3,27.34,696,2.07,337,5269.85,4.3,63.36,10.1
2,2016-03-19,9,Saturday,1,6,4.26,10.85,1.49,10.44,22.67,1554,2.07,751,10033.32,3.8,70.01,10.05
1,2016-03-19,12,Saturday,1,6,3.64,10.69,1.38,11.91,17.46,1237,1.32,938,12142.02,4.3,69.99,8.22
1,2016-03-19,17,Saturday,1,6,3.81,11.17,1.4,12.89,17.15,1478,1.44,1029,13969.22,3.8,69.99,8.85
1,2016-03-19,19,Saturday,1,6,3.71,11.32,1.44,13.55,15.85,1768,1.46,1213,16703.35,4.3,69.99,8.76
2,2016-03-19,21,Saturday,1,6,4.18,11.6,1.57,12.75,18.62,2410,2.02,1192,17407.87,4.3,70.01,9.31
1,2016-03-19,22,Saturday,1,6,4.15,11.61,1.59,13.06,18.19,1606,1.45,1108,16156.43,3.8,69.99,8.72
1,2016-03-19,23,Saturday,1,6,4.41,12.01,1.7,13.47,18.9,1709,1.42,1200,18144.22,3.8,69.99,8.88
1,2016-03-20,0,Sunday,1,7,4.85,12.61,1.72,13.61,20.35,1528,1.4,1088,17092.62,4.3,63.35,9.17
2,2016-03-20,2,Sunday,1,7,5.06,12.21,1.64,11.92,23.75,2137,2.11,1015,15412.85,4.3,61.8,8.77
2,2016-03-20,4,Sunday,1,7,5.89,13.23,1.41,11.77,27.43,960,2.14,448,7231.26,4.8,70.01,10.49
2,2016-03-20,9,Sunday,1,7,4.5,11.69,1.46,11.56,22.88,1209,1.95,619,8784.92,4.3,70.01,10.21
1,2016-03-20,12,Sunday,1,7,4.06,10.92,1.51,11.06,19.94,1290,1.36,949,12788.67,3.3,70.34,10.31
1,2016-03-20,17,Sunday,1,7,4.66,12.24,1.63,12.78,19.47,1273,1.36,933,14097.08,3.8,69.99,12.49
1,2016-03-20,19,Sunday,1,7,4.76,11.9,1.51,11.88,20.97,1081,1.36,797,11622.35,4.3,69.99,11.46
2,2016-03-20,21,Sunday,1,7,5.07,12.11,1.76,11.23,23.52,1690,1.96,861,13300.97,4.8,70.01,12.51
1,2016-03-20,22,Sunday,1,7,5.34,12.5,1.7,11.58,24.61,794,1.29,614,9713.19,4.8,69.99,11.32
1,2016-03-20,23,Sunday,1,7,6.15,13.64,1.67,11.51,27.7,532,1.28,415,7052.72,4.3,70.01,13.4
2,2016-03-21,1,Monday,0,1,6.26,13.53,1.44,11.22,29.61,310,1.78,174,2870.72,4.3,70.01,13.12
1,2016-03-21,5,Monday,0,1,5.54,12.56,1.69,10.45,28.09,208,1.12,185,2943.94,4.3,70.01,13.33
1,2016-03-21,6,Monday,0,1,5.09,11.87,1.62,10.6,25.79,525,1.11,471,6924.69,4.3,69.99,13.39
1,2016-03-21,7,Monday,0,1,3.94,10.5,1.52,10.72,20.42,886,1.1,803,10469.73,4.3,68.34,9.44
1,2016-03-21,8,Monday,0,1,3.86,11.36,1.55,13.22,16.32,984,1.14,865,12022.2,3.8,70.59,10.04
2,2016-03-21,10,Monday,0,1,4.56,12.55,1.69,13.98,17.47,1623,2.02,802,12367.47,4.3,70.01,12.25
1,2016-03-21,11,Monday,0,1,4.0,11.61,1.58,12.98,16.96,915,1.22,749,10693.82,3.8,70.34,10.19
2,2016-03-21,13,Monday,0,1,4.72,12.49,1.7,13.25,18.62,1558,2.06,758,11691.73,3.8,70.01,12.19
2,2016-03-21,14,Monday,0,1,4.76,12.77,1.7,13.86,17.83,1581,1.93,821,12853.38,3.8,70.01,12.86
2,2016-03-21,15,Monday,0,1,4.53,12.15,1.59,13.16,17.9,1658,2.0,831,12407.75,3.8,70.01,13.24
2,2016-03-21,16,Monday,0,1,3.87,10.96,1.54,12.22,18.0,1601,2.04,785,11413.01,4.8,64.56,9.4
1,2016-03-21,18,Monday,0,1,3.49,10.28,1.57,11.4,17.46,1203,1.21,991,13680.55,4.8,58.59,7.9
1,2016-03-21,20,Monday,0,1,4.15,10.85,1.69,11.14,20.8,1132,1.2,944,13240.88,3.8,63.39,8.94
2,2016-03-22,1,Tuesday,0,2,6.04,13.53,1.5,11.9,29.15,459,1.97,233,3841.22,4.8,70.01,10.27
2,2016-03-22,3,Tuesday,0,2,5.72,12.62,0.91,10.4,29.85,204,2.37,86,1285.59,4.8,58.34,10.19
1,2016-03-22,5,Tuesday,0,2,5.2,11.68,1.54,9.3,29.2,204,1.11,184,2709.71,4.8,69.99,11.93
1,2016-03-22,6,Tuesday,0,2,4.17,10.27,1.44,9.16,24.56,517,1.07,484,6179.28,4.3,69.99,10.22
1,2016-03-22,7,Tuesday,0,2,3.92,10.68,1.56,11.27,19.54,818,1.1,747,9860.82,3.8,69.99,8.88
1,2016-03-22,8,Tuesday,0,2,3.56,11.23,1.66,13.6,15.03,1125,1.13,995,13783.31,3.8,69.99,8.79
2,2016-03-22,10,Tuesday,0,2,4.01,12.48,1.76,15.54,14.61,1901,1.99,956,14649.88,4.3,70.01,10.31
1,2016-03-22,11,Tuesday,0,2,3.88,12.41,1.62,15.12,14.16,933,1.2,779,11773.1,3.3,69.99,10.94
2,2016-03-22,13,Tuesday,0,2,3.8,11.91,1.54,14.37,15.11,1875,2.02,926,13400.55,3.8,67.61,9.42
2,2016-03-22,14,Tuesday,0,2,4.25,12.57,1.72,15.03,15.61,1864,2.05,911,14008.97,4.3,70.01,11.36
2,2016-03-22,15,Tuesday,0,2,4.49,12.92,1.71,15.45,15.85,1767,2.08,849,13430.62,3.8,70.01,12.33
2,2016-03-22,16,Tuesday,0,2,3.78,11.7,1.54,14.19,15.59,1525,1.93,789,12060.42,4.8,59.18,10.05
1,2016-03-22,18,Tuesday,0,2,3.58,11.26,1.7,13.56,15.63,1345,1.25,1079,16090.65,4.8,59.14,8.36
1,2016-03-22,20,Tuesday,0,2,4.25,11.3,1.81,12.03,19.76,1202,1.21,996,14523.46,4.8,58.59,8.66
2,2016-03-23,1,Wednesday,0,3,5.47,12.44,1.46,10.93,27.48,580,2.09,278,4242.61,4.3,63.36,10.19
2,2016-03-23,3,Wednesday,0,3,5.56,12.76,1.34,11.37,27.59,282,2.09,135,2105.63,4.3,51.41,9.22
1,2016-03-23,5,Wednesday,0,3,6.22,13.34,1.94,10.25,31.91,184,1.05,176,3012.23,4.3,63.34,13.14
1,2016-03-23,6,Wednesday,0,3,4.14,10.2,1.39,9.21,24.16,524,1.09,480,6040.14,4.3,69.99,9.51
1,2016-03-23,7,Wednesday,0,3,3.85,10.59,1.63,11.25,19.3,885,1.08,816,10788.11,3.8,69.99,9.33
1,2016-03-23,8,Wednesday,0,3,3.48,11.04,1.68,13.36,15.1,1036,1.09,949,12962.27,3.8,69.99,8.75
2,2016-03-23,10,Wednesday,0,3,4.29,12.84,1.66,15.47,15.33,1757,1.91,919,14425.23,4.3,70.01,11.51
1,2016-03-23,11,Wednesday,0,3,3.76,12.14,1.57,14.94,14.19,925,1.22,760,11183.47,3.8,69.99,10.24
2,2016-03-23,13,Wednesday,0,3,4.15,12.68,1.64,15.27,15.4,1828,2.06,886,13660.02,4.3,70.01,10.93
2,2016-03-23,14,Wednesday,0,3,4.3,12.76,1.56,15.26,15.25,1885,1.98,953,14673.56,3.3,70.01,11.52
2,2016-03-23,15,Wednesday,0,3,4.06,12.26,1.57,15.09,15.43,1590,1.9,839,12584.42,3.8,70.01,10.83
2,2016-03-23,16,Wednesday,0,3,4.19,12.46,1.77,15.43,15.61,1530,2.0,765,12469.79,4.8,61.01,10.62
1,2016-03-23,18,Wednesday,0,3,3.71,11.48,1.72,13.99,15.47,1333,1.26,1061,16064.82,4.8,63.99,8.67
1,2016-03-23,20,Wednesday,0,3,4.32,11.53,1.74,12.27,19.71,1342,1.24,1086,16068.1,4.3,69.99,9.61
1,2016-03-24,2,Thursday,0,4,5.5,12.53,1.59,11.21,27.45,291,1.21,240,3723.82,4.8,47.19,9.12
1,2016-03-24,4,Thursday,0,4,5.61,12.39,1.54,10.11,29.63,155,1.17,133,2081.48,4.8,44.15,10.32
2,2016-03-24,5,Thursday,0,4,5.99,12.97,1.93,10.28,30.56,400,2.25,178,2968.95,4.8,70.01,13.62
2,2016-03-24,6,Thursday,0,4,4.8,11.42,1.68,10.3,25.26,946,1.98,477,6789.65,3.8,70.01,12.5
2,2016-03-24,7,Thursday,0,4,4.36,11.48,1.71,11.98,20.39,1666,1.93,862,12285.6,3.8,70.01,10.76
2,2016-03-24,8,Thursday,0,4,3.65,11.16,1.68,13.18,16.02,2278,1.98,1151,15854.52,3.8,70.01,8.68
1,2016-03-24,9,Thursday,0,4,3.64,11.71,1.57,14.26,14.68,994,1.12,889,12677.17,3.8,69.99,9.6
2,2016-03-24,11,Thursday,0,4,3.94,12.23,1.56,14.82,15.11,1946,1.97,988,14699.96,3.8,70.01,10.49
2,2016-03-24,18,Thursday,0,4,3.65,11.21,1.66,13.64,16.11,2604,1.94,1341,19875.52,4.8,62.81,8.89
2,2016-03-24,20,Thursday,0,4,4.57,12.2,1.88,13.38,19.0,2680,2.02,1325,20654.58,4.3,70.01,10.43
1,2016-03-24,21,Thursday,0,4,4.33,11.95,1.83,13.34,18.36,1522,1.28,1191,18155.96,4.3,69.99,9.68
2,2016-03-25,1,Friday,0,5,5.98,13.6,1.81,12.63,26.14,1449,2.12,684,11601.19,4.3,60.36,10.92
2,2016-03-25,3,Friday,0,5,5.62,12.67,1.56,11.24,27.94,528,2.04,259,4065.48,4.8,54.3,10.07
1,2016-03-25,5,Friday,0,5,6.96,14.97,1.8,11.02,31.97,185,1.08,171,3184.18,4.8,69.99,16.0
1,2016-03-25,6,Friday,0,5,5.76,12.92,1.8,10.64,27.53,353,1.11,318,5107.93,3.8,70.0,15.27
1,2016-03-25,7,Friday,0,5,4.74,11.57,1.61,10.72,22.98,470,1.12,421,6062.29,3.8,70.34,12.26
1,2016-03-25,8,Friday,0,5,4.27,11.46,1.75,11.87,19.51,724,1.12,646,9283.96,4.3,70.0,10.77
2,2016-03-25,10,Friday,0,5,4.01,11.32,1.46,12.47,17.85,1976,2.09,944,13019.39,3.8,70.01,10.02
1,2016-03-25,11,Friday,0,5,3.93,11.45,1.53,12.71,16.75,998,1.25,799,11229.84,3.8,69.99,10.77
2,2016-03-25,13,Friday,0,5,4.36,12.03,1.5,13.48,17.47,2059,2.07,995,14589.79,3.8,70.01,11.41
2,2016-03-25,14,Friday,0,5,4.38,12.17,1.4,13.81,17.14,2049,2.01,1019,14969.93,3.8,70.01,11.39
2,2016-03-25,15,Friday,0,5,3.89,11.28,1.4,13.03,16.76,2045,2.03,1008,13854.43,3.8,70.01,10.25
2,2016-03-25,16,Friday,0,5,3.89,11.25,1.47,13.03,17.42,1877,1.98,948,13941.01,4.8,60.3,9.3
1,2016-03-25,18,Friday,0,5,3.55,10.69,1.41,12.26,17.19,1354,1.33,1021,14298.48,4.8,67.34,7.45
1,2016-03-25,20,Friday,0,5,4.21,11.67,1.59,12.7,18.53,1411,1.41,1003,14740.84,4.3,70.0,9.86
1,2016-03-26,2,Saturday,1,6,4.69,11.56,1.53,11.26,23.29,972,1.34,727,10511.15,4.3,56.34,7.98
1,2016-03-26,4,Saturday,1,6,5.6,13.11,1.43,11.79,26.34,491,1.38,356,5671.7,4.3,69.99,10.07
2,2016-03-26,5,Saturday,1,6,7.24,15.34,1.46,12.46,31.67,303,1.88,161,2960.07,4.8,64.34,13.58
2,2016-03-26,6,Saturday,1,6,6.43,13.9,1.37,10.87,31.08,352,1.81,194,3208.69,4.3,70.01,13.82
2,2016-03-26,7,Saturday,1,6,5.51,12.35,1.55,9.97,29.43,581,1.96,297,4460.9,4.3,70.01,12.6
2,2016-03-26,8,Saturday,1,6,5.1,11.87,1.56,10.34,26.68,973,2.19,445,6499.32,4.3,70.01,11.3
1,2016-03-26,9,Saturday,1,6,3.72,9.92,1.13,9.52,21.98,684,1.27,540,6443.51,4.3,63.35,7.85
2,2016-03-26,11,Saturday,1,6,3.92,10.74,1.31,11.26,20.03,2111,2.03,1039,13527.41,3.8,70.01,8.93
2,2016-03-26,18,Saturday,1,6,3.9,11.35,1.34,13.09,17.33,2353,1.98,1188,16139.32,4.3,70.01,8.59
2,2016-03-26,20,Saturday,1,6,3.92,11.19,1.44,12.47,18.25,2255,2.08,1084,15235.99,4.3,70.01,8.9
1,2016-03-26,21,Saturday,1,6,3.85,10.97,1.4,12.13,17.99,1405,1.5,937,12877.43,4.3,70.0,8.6
1,2016-03-27,2,Sunday,1,7,4.79,11.64,1.5,11.03,23.85,909,1.38,660,9566.77,4.3,56.3,8.52
1,2016-03-27,4,Sunday,1,7,6.31,13.86,1.28,11.72,28.95,545,1.45,377,6256.7,4.8,69.99,10.7
2,2016-03-27,5,Sunday,1,7,6.81,14.86,1.19,11.76,31.63,318,2.13,149,2613.94,4.3,58.34,11.78
2,2016-03-27,6,Sunday,1,7,6.19,13.64,1.5,10.31,33.52,291,1.95,149,2460.59,4.3,70.34,13.03
2,2016-03-27,7,Sunday,1,7,5.4,12.0,1.39,9.14,30.9,493,2.09,236,3403.21,4.3,70.01,11.81
2,2016-03-27,8,Sunday,1,7,4.91,11.39,1.25,8.86,29.3,749,1.97,380,5213.96,3.8,66.34,11.17
1,2016-03-27,9,Sunday,1,7,4.27,10.49,1.32,8.99,25.53,697,1.32,528,6768.74,3.8,69.99,9.41
2,2016-03-27,11,Sunday,1,7,4.29,10.83,1.3,10.23,23.13,1736,1.93,900,11814.14,3.8,70.01,9.54
2,2016-03-27,18,Sunday,1,7,4.79,12.18,1.58,12.67,21.0,2010,1.95,1029,15278.69,3.8,70.01,11.48
2,2016-03-27,20,Sunday,1,7,5.49,13.11,1.89,13.33,22.45,2059,2.08,988,16465.95,4.3,70.01,12.9
1,2016-03-27,21,Sunday,1,7,4.88,11.96,1.58,11.78,22.28,939,1.36,692,10477.46,4.3,70.0,11.21
1,2016-03-28,0,Monday,0,1,5.98,13.53,1.82,11.32,28.49,418,1.27,329,5589.31,4.8,69.99,12.57
2,2016-03-28,2,Monday,0,1,6.27,13.7,1.41,12.19,29.87,239,1.93,124,2051.32,5.3,58.56,9.75
2,2016-03-28,4,Monday,0,1,8.43,17.48,1.49,13.96,33.44,236,2.27,104,2172.57,4.3,68.42,13.88
2,2016-03-28,9,Monday,0,1,3.94,11.91,1.67,14.45,15.26,2047,1.92,1064,15572.31,3.8,70.01,10.62
1,2016-03-28,12,Monday,0,1,3.92,11.56,1.39,13.23,16.33,945,1.31,719,10058.76,3.8,69.99,9.97
1,2016-03-28,17,Monday,0,1,3.57,10.55,1.52,11.98,17.1,1038,1.29,807,11340.35,5.3,59.0,8.38
1,2016-03-28,19,Monday,0,1,3.75,10.29,1.51,10.86,19.47,1180,1.21,977,13357.69,5.3,60.35,7.58
2,2016-03-28,21,Monday,0,1,4.93,11.97,1.81,11.59,23.56,1862,1.96,948,14489.76,4.3,70.01,10.14
1,2016-03-28,22,Monday,0,1,4.74,11.67,1.77,11.2,23.11,969,1.25,773,11490.3,4.8,69.99,10.14
1,2016-03-28,23,Monday,0,1,5.61,13.0,1.93,11.76,25.79,774,1.31,590,9759.7,4.8,69.99,11.34
2,2016-03-29,0,Tuesday,0,2,6.42,14.08,2.18,11.85,28.87,882,2.11,418,7504.33,4.3,70.01,12.5
1,2016-03-29,1,Tuesday,0,2,6.41,13.98,1.65,11.39,30.29,326,1.25,261,4521.53,4.8,64.34,11.92
1,2016-03-29,3,Tuesday,0,2,5.66,12.68,1.25,10.63,28.79,117,1.22,96,1484.92,4.3,69.99,10.28
1,2016-03-29,10,Tuesday,0,2,3.75,12.02,1.68,14.53,14.51,988,1.22,811,11929.46,3.8,69.99,10.03
2,2016-03-29,12,Tuesday,0,2,4.19,12.5,1.64,14.7,15.61,1832,2.03,904,13790.54,4.3,70.01,11.04
1,2016-03-29,13,Tuesday,0,2,4.18,12.58,1.6,15.01,15.29,1006,1.26,798,12159.61,3.8,69.99,11.02
1,2016-03-29,14,Tuesday,0,2,3.95,11.96,1.51,14.02,14.98,1075,1.31,821,11949.94,3.8,69.99,11.51
1,2016-03-29,15,Tuesday,0,2,4.57,13.17,1.69,15.82,15.43,1080,1.33,811,13039.55,3.8,70.34,12.67
1,2016-03-29,16,Tuesday,0,2,3.73,11.57,1.64,14.09,15.43,911,1.27,717,10917.61,4.3,70.0,9.76
2,2016-03-29,17,Tuesday,0,2,3.39,10.64,1.51,12.8,15.79,1942,1.87,1036,14598.49,4.8,54.96,7.78
2,2016-03-29,19,Tuesday,0,2,3.78,10.46,1.63,11.34,18.79,2848,2.03,1405,19718.27,4.8,58.61,8.11
2,2016-03-29,22,Tuesday,0,2,4.98,12.1,1.96,11.85,23.25,2301,2.03,1136,17685.6,4.3,70.01,10.25
2,2016-03-29,23,Tuesday,0,2,5.42,12.7,1.93,11.78,25.24,1734,2.02,859,13911.77,4.3,70.01,10.79
2,2016-03-30,0,Wednesday,0,3,6.05,13.48,1.76,11.9,27.6,1036,2.09,495,8305.27,4.8,60.96,11.29
1,2016-03-30,1,Wednesday,0,3,5.19,12.11,1.66,10.64,26.69,350,1.2,291,4432.15,4.73,68.34,9.57
1,2016-03-30,3,Wednesday,0,3,5.91,13.29,1.33,11.75,28.64,147,1.2,123,1964.36,5.15,60.8,9.72
1,2016-03-30,10,Wednesday,0,3,3.84,12.09,1.56,14.64,14.73,1050,1.24,849,12456.4,3.8,69.99,9.74
2,2016-03-30,12,Wednesday,0,3,3.59,11.73,1.44,14.47,14.16,1923,2.11,911,12923.73,3.8,70.01,9.26
1,2016-03-30,13,Wednesday,0,3,3.84,12.61,1.63,15.91,13.7,1022,1.25,818,12499.57,4.3,69.99,10.1
1,2016-03-30,14,Wednesday,0,3,4.15,12.83,1.58,15.73,14.12,1062,1.29,822,12785.92,4.3,70.34,11.81
1,2016-03-30,15,Wednesday,0,3,3.77,12.34,1.49,15.66,13.74,1061,1.25,850,12729.17,4.3,69.99,10.25
1,2016-03-30,16,Wednesday,0,3,3.88,12.23,1.65,15.27,14.77,864,1.27,679,10827.4,4.8,63.95,9.96
2,2016-03-30,17,Wednesday,0,3,3.56,11.54,1.7,14.42,15.3,2069,1.98,1045,15926.63,4.8,58.55,9.19
2,2016-03-30,19,Wednesday,0,3,3.84,11.06,1.68,12.61,17.28,2761,2.11,1311,19282.55,4.8,60.41,8.66
2,2016-03-30,22,Wednesday,0,3,5.11,12.75,1.97,13.24,21.68,2417,1.97,1226,19845.52,4.8,70.01,10.05
2,2016-03-30,23,Wednesday,0,3,5.11,12.54,1.87,12.73,22.75,2044,2.04,1001,15887.49,4.3,70.01,10.01
2,2016-03-31,1,Thursday,0,4,5.63,12.91,1.71,11.7,26.54,798,2.09,382,6148.45,4.3,57.92,10.42
2,2016-03-31,3,Thursday,0,4,6.1,13.43,1.85,11.65,28.77,261,2.12,123,2072.87,4.8,63.34,10.83
1,2016-03-31,5,Thursday,0,4,5.73,12.34,1.84,9.56,29.77,215,1.15,187,2997.19,3.3,69.99,14.74
1,2016-03-31,6,Thursday,0,4,4.61,11.21,1.67,10.14,24.54,514,1.08,474,6654.49,3.8,69.99,11.98
1,2016-03-31,7,Thursday,0,4,3.72,10.69,1.59,11.73,18.29,788,1.11,709,9398.29,4.3,67.34,8.86
1,2016-03-31,8,Thursday,0,4,3.66,11.61,1.78,13.96,15.09,1118,1.13,992,14269.05,3.8,69.99,9.61
2,2016-03-31,10,Thursday,0,4,4.05,12.64,1.77,15.63,14.85,1803,2.0,901,13963.8,3.8,70.01,10.85
1,2016-03-31,11,Thursday,0,4,4.07,12.73,1.76,15.68,14.62,970,1.25,778,12103.69,4.3,66.39,10.73
2,2016-03-31,13,Thursday,0,4,4.33,13.17,1.64,15.95,15.01,1830,1.98,925,14758.34,3.8,70.01,11.98
2,2016-03-31,14,Thursday,0,4,4.26,12.87,1.76,15.7,14.95,2001,2.07,966,15238.14,3.8,70.01,11.87
2,2016-03-31,15,Thursday,0,4,3.91,12.47,1.55,15.46,14.34,1973,2.07,955,14474.2,3.8,70.01,11.15
2,2016-03-31,16,Thursday,0,4,4.03,12.27,1.72,15.09,15.38,1547,1.95,793,12769.31,5.3,63.41,11.03
1,2016-03-31,18,Thursday,0,4,3.5,11.3,1.74,13.88,14.96,1409,1.26,1120,16729.52,4.8,59.79,8.34
1,2016-03-31,20,Thursday,0,4,4.38,11.87,1.87,13.08,18.45,1449,1.24,1164,17768.27,4.3,70.34,9.75
1,2016-04-01,0,Friday,0,5,5.11,12.44,1.76,12.24,23.04,885,1.28,693,10822.96,4.8,70.0,9.93
2,2016-04-01,2,Friday,0,5,5.17,12.14,1.43,11.16,26.0,643,2.04,315,4694.0,4.3,62.74,8.87
2,2016-04-01,4,Friday,0,5,6.23,13.64,1.55,11.5,29.63,331,2.08,159,2656.94,4.3,63.36,11.14
2,2016-04-01,9,Friday,0,5,3.88,12.23,1.71,14.73,15.13,2118,1.97,1076,16151.03,3.8,70.01,9.99
1,2016-04-01,12,Friday,0,5,3.68,12.2,1.67,15.15,14.04,1062,1.26,846,12596.51,4.2,69.99,10.15
1,2016-04-01,17,Friday,0,5,3.78,11.9,1.75,14.9,14.93,1170,1.26,928,14556.74,4.8,66.95,9.8
1,2016-04-01,19,Friday,0,5,3.59,11.36,1.66,13.87,15.29,1597,1.32,1213,18093.14,4.8,63.0,8.06
2,2016-04-01,21,Friday,0,5,4.52,12.49,1.74,13.9,19.14,2414,2.13,1135,17833.52,3.8,70.01,9.92
1,2016-04-01,22,Friday,0,5,4.87,13.22,1.89,14.8,18.83,1469,1.4,1046,17346.02,4.3,66.34,10.13
1,2016-04-01,23,Friday,0,5,4.91,13.37,1.89,15.11,18.61,1532,1.39,1102,18424.98,4.3,65.0,10.19
2,2016-04-02,0,Saturday,1,6,4.84,12.51,1.76,13.37,20.24,2497,2.02,1238,19453.24,4.3,70.01,9.79
1,2016-04-02,1,Saturday,1,6,4.82,12.27,1.71,12.5,21.78,1158,1.3,889,13642.35,4.3,56.6,8.95
1,2016-04-02,3,Saturday,1,6,4.9,12.0,1.58,11.81,23.2,795,1.36,586,8751.72,4.3,69.99,8.83
1,2016-04-02,10,Saturday,1,6,3.69,10.46,1.37,11.29,18.37,1206,1.26,958,12268.78,3.8,69.99,8.6
2,2016-04-02,12,Saturday,1,6,3.55,10.59,1.3,11.95,17.44,2279,2.05,1112,14218.78,3.8,70.01,8.43
1,2016-04-02,13,Saturday,1,6,3.7,11.11,1.41,12.66,16.93,1238,1.35,918,12336.89,3.8,70.0,8.97
1,2016-04-02,14,Saturday,1,6,4.09,12.0,1.49,13.68,16.99,1229,1.34,916,13249.11,4.3,69.99,10.09
1,2016-04-02,15,Saturday,1,6,3.84,11.58,1.52,13.32,16.68,1202,1.33,904,12720.07,3.8,69.99,9.87
1,2016-04-02,16,Saturday,1,6,4.02,11.78,1.49,13.56,16.87,1219,1.38,882,12589.51,3.8,69.99,10.0
2,2016-04-02,17,Saturday,1,6,4.12,12.02,1.45,14.12,17.1,2237,1.99,1124,16280.24,4.3,70.01,10.06
2,2016-04-02,19,Saturday,1,6,3.78,11.67,1.51,14.03,16.28,2427,1.9,1275,18001.86,3.8,70.01,9.1
2,2016-04-02,22,Saturday,1,6,4.22,11.85,1.52,13.47,18.17,2722,2.01,1351,19968.29,4.3,70.01,8.79
2,2016-04-02,23,Saturday,1,6,4.67,12.57,1.74,14.01,19.36,2737,1.96,1396,22004.08,4.3,70.01,9.4
2,2016-04-03,0,Sunday,1,7,4.68,12.31,1.76,13.53,20.09,2742,2.07,1326,20511.02,4.3,68.21,9.15
1,2016-04-03,1,Sunday,1,7,4.58,11.91,1.71,12.59,20.27,1426,1.4,1022,15333.65,4.3,66.35,8.73
1,2016-04-03,3,Sunday,1,7,5.43,12.72,1.71,11.95,24.88,865,1.37,631,9980.62,4.8,68.34,9.62
1,2016-04-03,10,Sunday,1,7,3.62,9.84,1.24,9.42,21.61,1071,1.36,785,9434.43,3.8,66.34,8.44
2,2016-04-03,12,Sunday,1,7,4.23,11.3,1.45,11.68,19.88,2449,2.01,1218,16777.56,3.8,70.01,10.38
1,2016-04-03,13,Sunday,1,7,3.86,11.17,1.41,12.32,17.92,1393,1.38,1011,13762.67,3.8,70.34,9.87
1,2016-04-03,14,Sunday,1,7,4.03,11.93,1.44,13.72,16.88,1480,1.44,1028,14831.45,3.8,69.99,10.47
1,2016-04-03,15,Sunday,1,7,4.05,11.91,1.5,13.61,16.77,1366,1.36,1003,14574.24,3.8,70.0,11.34
1,2016-04-03,16,Sunday,1,7,4.11,11.87,1.54,13.68,17.05,1179,1.37,860,12495.66,3.3,69.99,10.89
2,2016-04-03,17,Sunday,1,7,4.43,12.15,1.59,13.54,18.54,2048,2.07,991,14692.93,3.8,70.01,11.22
2,2016-04-03,19,Sunday,1,7,4.45,11.52,1.58,11.79,20.59,1951,2.09,935,13256.89,3.8,70.01,11.1
2,2016-04-03,22,Sunday,1,7,5.97,13.51,1.98,11.86,26.88,1400,1.97,712,12271.41,4.8,70.01,12.92
2,2016-04-03,23,Sunday,1,7,6.17,13.7,1.85,11.45,28.49,1138,2.11,539,9313.16,4.3,70.01,12.38
2,2016-04-04,1,Monday,0,1,5.9,13.06,1.59,11.2,28.87,462,2.01,230,3712.19,4.3,56.76,10.84
2,2016-04-04,3,Monday,0,1,6.09,13.4,1.01,11.21,31.47,176,2.1,84,1330.53,4.3,52.8,9.31
1,2016-04-04,5,Monday,0,1,6.81,14.67,1.95,11.12,31.75,220,1.11,198,3639.39,4.3,69.99,15.96
1,2016-04-04,6,Monday,0,1,4.9,11.53,1.57,10.16,25.89,494,1.11,447,6390.59,3.8,69.99,12.53
1,2016-04-04,7,Monday,0,1,3.79,10.86,1.47,12.19,18.04,917,1.13,814,10830.65,3.8,69.99,8.98
1,2016-04-04,8,Monday,0,1,3.58,11.43,1.67,14.12,14.7,1098,1.14,963,13526.59,3.8,69.99,9.33
2,2016-04-04,10,Monday,0,1,3.88,11.98,1.65,14.75,14.68,1710,1.95,878,12908.27,3.8,66.41,10.78
1,2016-04-04,11,Monday,0,1,3.57,11.6,1.51,14.33,13.67,968,1.2,807,11422.69,3.8,65.34,9.56
2,2016-04-04,13,Monday,0,1,3.84,11.95,1.6,14.55,14.6,1839,1.96,937,13678.06,3.8,70.01,10.5
2,2016-04-04,14,Monday,0,1,4.06,12.29,1.5,14.99,14.58,2058,1.9,1082,16117.83,4.3,70.01,11.55
2,2016-04-04,15,Monday,0,1,3.71,11.69,1.44,14.67,14.13,1945,2.02,962,13666.1,3.8,70.01,10.38
2,2016-04-04,16,Monday,0,1,3.62,11.25,1.66,13.94,14.9,1727,2.01,861,12873.29,4.8,67.01,10.2
1,2016-04-04,18,Monday,0,1,3.38,10.37,1.59,12.35,15.54,1276,1.19,1071,14868.97,4.8,63.34,7.85
1,2016-04-04,20,Monday,0,1,4.2,10.8,1.7,10.83,21.17,1194,1.2,994,13883.91,3.8,70.01,9.06
2,2016-04-05,0,Tuesday,0,2,5.36,12.4,1.7,11.12,26.59,1006,2.0,504,7863.64,4.3,66.34,10.95
1,2016-04-05,1,Tuesday,0,2,5.37,12.13,1.56,10.28,28.3,295,1.28,230,3469.91,4.3,54.99,9.92
1,2016-04-05,3,Tuesday,0,2,5.5,12.49,1.21,10.47,28.45,126,1.27,99,1500.9,5.3,69.99,10.93
1,2016-04-05,10,Tuesday,0,2,3.92,13.31,1.75,17.32,12.69,913,1.17,778,12507.64,3.8,69.99,11.11
2,2016-04-05,12,Tuesday,0,2,3.71,12.66,1.69,16.19,13.34,1935,1.97,982,15098.26,3.8,70.01,10.17
1,2016-04-05,13,Tuesday,0,2,3.59,12.2,1.51,15.22,13.55,996,1.19,839,12383.06,3.8,69.99,10.06
1,2016-04-05,14,Tuesday,0,2,3.87,12.38,1.68,15.37,14.03,1162,1.22,952,14408.63,3.8,69.99,10.48
1,2016-04-05,15,Tuesday,0,2,3.44,11.69,1.54,14.9,13.14,1142,1.24,924,13208.01,3.8,69.99,9.5
1,2016-04-05,16,Tuesday,0,2,3.21,11.02,1.58,14.02,13.91,925,1.22,757,11016.78,4.8,65.19,8.56
2,2016-04-05,17,Tuesday,0,2,3.7,11.71,1.81,14.71,15.05,2169,1.98,1093,16967.49,4.8,59.84,9.52
2,2016-04-05,19,Tuesday,0,2,3.95,11.1,1.76,12.6,18.09,2852,2.0,1428,21165.13,4.8,68.81,8.77
2,2016-04-05,22,Tuesday,0,2,4.97,12.45,1.99,12.84,21.59,2343,1.94,1210,19283.35,4.3,70.01,10.27
2,2016-04-05,23,Tuesday,0,2,5.2,12.55,1.85,12.23,23.33,1762,2.01,875,13915.52,4.3,70.01,11.18
1,2016-04-06,0,Wednesday,0,3,5.21,12.35,1.84,11.64,25.09,516,1.24,417,6490.66,4.8,63.35,9.89
2,2016-04-06,2,Wednesday,0,3,5.02,11.55,1.57,10.11,28.08,387,2.14,181,2622.24,4.3,59.34,8.98
2,2016-04-06,4,Wednesday,0,3,5.34,11.96,1.71,9.64,30.35,225,2.37,95,1459.41,4.3,70.01,12.14
2,2016-04-06,9,Wednesday,0,3,3.57,11.82,1.75,14.94,13.95,2243,2.0,1124,16323.54,3.8,70.01,9.12
1,2016-04-06,12,Wednesday,0,3,3.72,12.34,1.68,15.34,13.33,1008,1.2,838,12630.32,3.3,69.99,10.75
1,2016-04-06,17,Wednesday,0,3,3.67,11.69,1.79,14.58,14.69,1118,1.23,910,14164.1,4.3,61.59,10.1
1,2016-04-06,19,Wednesday,0,3,3.8,10.92,1.78,12.35,17.23,1388,1.22,1134,16585.23,4.3,63.34,8.52
2,2016-04-06,21,Wednesday,0,3,4.72,12.14,1.88,12.67,20.86,2731,2.06,1324,20522.09,4.3,70.01,10.24
1,2016-04-06,22,Wednesday,0,3,5.2,13.06,2.11,13.58,21.1,1337,1.26,1057,17638.87,4.3,69.99,10.81
1,2016-04-06,23,Wednesday,0,3,5.06,12.54,1.79,12.61,22.37,1021,1.3,786,12426.23,4.8,69.99,10.0
2,2016-04-07,0,Thursday,0,4,5.56,13.0,2.02,12.17,25.22,1164,2.11,552,9108.18,4.3,70.01,10.65
1,2016-04-07,1,Thursday,0,4,5.3,12.36,1.44,11.12,25.69,354,1.22,291,4418.0,4.3,63.35,9.7
1,2016-04-07,3,Thursday,0,4,5.99,13.31,1.48,10.92,29.63,136,1.23,111,1817.4,4.3,68.34,11.65
1,2016-04-07,10,Thursday,0,4,3.89,12.4,1.79,15.31,14.14,940,1.14,826,12581.78,3.8,69.99,10.56
2,2016-04-07,12,Thursday,0,4,3.86,12.91,1.65,16.67,13.1,2201,2.04,1081,16923.88,3.8,70.01,11.02
1,2016-04-07,13,Thursday,0,4,3.58,12.51,1.69,16.5,12.38,1136,1.2,946,14416.63,3.8,71.19,10.46
1,2016-04-07,14,Thursday,0,4,3.71,12.49,1.74,16.48,12.67,1069,1.2,888,13614.38,3.8,58.34,10.56
1,2016-04-07,15,Thursday,0,4,3.51,11.91,1.59,15.39,13.03,1019,1.2,850,12423.36,3.8,69.99,10.14
1,2016-04-07,16,Thursday,0,4,3.71,11.89,1.64,15.15,13.95,839,1.24,678,10510.9,5.15,59.34,9.5
2,2016-04-07,17,Thursday,0,4,3.92,11.9,1.92,14.59,15.54,1927,2.0,963,15239.73,5.3,59.84,9.84
2,2016-04-07,19,Thursday,0,4,4.11,11.56,1.76,13.22,17.57,2621,2.01,1307,19979.57,5.3,59.81,8.71
2,2016-04-07,22,Thursday,0,4,5.21,13.71,2.11,15.36,19.73,2484,1.98,1252,21725.97,4.3,70.01,11.08
2,2016-04-07,23,Thursday,0,4,5.33,13.48,2.03,14.06,21.7,2239,2.04,1097,18736.21,4.3,70.01,11.06
1,2016-04-08,2,Friday,0,5,5.72,12.95,1.75,11.51,27.69,351,1.2,292,4670.18,4.3,63.35,9.39
1,2016-04-08,4,Friday,0,5,6.11,13.73,1.84,11.21,29.47,202,1.23,164,2826.03,4.8,69.89,12.12
2,2016-04-08,5,Friday,0,5,6.6,14.01,2.42,10.73,32.18,366,1.82,201,3702.88,4.37,70.01,15.71
2,2016-04-08,6,Friday,0,5,5.72,12.9,1.8,11.18,27.21,1003,1.92,522,8298.85,3.8,70.01,14.35
2,2016-04-08,7,Friday,0,5,4.21,11.33,1.61,12.15,19.75,1954,1.94,1006,14004.76,4.3,70.01,9.94
2,2016-04-08,8,Friday,0,5,3.71,11.37,1.7,13.58,15.54,2281,1.95,1168,16396.92,3.8,70.01,9.1
1,2016-04-08,9,Friday,0,5,3.57,11.7,1.71,14.41,14.27,1078,1.13,953,13694.97,3.8,65.84,9.67
2,2016-04-08,11,Friday,0,5,4.1,12.8,1.57,15.72,14.35,2051,2.03,1009,15659.97,3.8,70.01,11.32
2,2016-04-08,18,Friday,0,5,3.56,10.86,1.57,13.23,15.78,2774,2.06,1345,19378.49,4.8,61.56,8.81
2,2016-04-08,20,Friday,0,5,4.12,11.47,1.74,12.89,18.1,2828,2.04,1389,20393.27,4.3,70.01,9.29
1,2016-04-08,21,Friday,0,5,4.21,11.48,1.59,12.6,18.84,1552,1.35,1149,16685.9,3.81,69.99,8.83
2,2016-04-09,0,Saturday,1,6,5.02,12.85,1.74,13.81,20.56,2274,1.95,1165,18634.34,4.3,70.01,9.83
1,2016-04-09,1,Saturday,1,6,4.53,11.52,1.68,11.68,21.91,1181,1.35,877,12793.65,4.3,66.95,8.44
1,2016-04-09,3,Saturday,1,6,5.09,12.16,1.58,11.48,24.78,801,1.36,589,8888.33,4.8,69.99,9.27
1,2016-04-09,10,Saturday,1,6,3.72,10.13,1.34,10.09,20.33,1035,1.28,809,10075.29,3.8,70.55,8.86
2,2016-04-09,12,Saturday,1,6,3.39,10.35,1.34,12.0,16.37,2981,2.08,1431,18000.6,3.8,70.01,7.78
1,2016-04-09,13,Saturday,1,6,3.56,11.29,1.36,13.64,15.17,1691,1.39,1215,16526.95,3.8,69.99,8.71
1,2016-04-09,14,Saturday,1,6,3.48,11.19,1.39,13.7,15.11,1487,1.37,1083,14623.2,3.8,69.99,8.95
1,2016-04-09,15,Saturday,1,6,3.77,11.94,1.41,14.98,14.74,1481,1.4,1059,15172.23,3.8,69.99,9.6
1,2016-04-09,16,Saturday,1,6,3.42,10.94,1.4,13.44,15.26,1191,1.33,898,11947.14,3.33,69.99,7.9
2,2016-04-09,17,Saturday,1,6,4.41,12.24,1.53,14.2,17.33,2234,1.96,1142,16884.7,3.8,70.01,10.66
2,2016-04-09,19,Saturday,1,6,3.67,11.05,1.42,12.93,16.3,2711,2.02,1345,17967.67,3.8,70.01,8.43
2,2016-04-09,22,Saturday,1,6,4.01,11.22,1.55,12.54,18.62,2582,2.01,1283,18122.34,4.3,70.01,7.77
2,2016-04-09,23,Saturday,1,6,4.26,11.56,1.7,12.7,19.36,2930,2.1,1392,20423.5,4.3,66.0,8.36
1,2016-04-10,0,Sunday,1,7,4.58,11.97,1.58,12.71,20.49,1573,1.41,1115,16632.42,4.3,58.55,8.55
2,2016-04-10,2,Sunday,1,7,5.0,12.09,1.63,11.74,23.8,1966,2.09,941,14222.47,4.8,64.56,8.73
2,2016-04-10,4,Sunday,1,7,5.56,12.84,1.67,11.59,26.77,969,2.13,456,7288.09,4.3,70.01,10.27
2,2016-04-10,9,Sunday,1,7,4.55,11.15,1.44,10.33,24.31,1438,2.03,709,9630.36,3.8,70.01,9.67
1,2016-04-10,12,Sunday,1,7,4.15,11.37,1.47,12.17,18.9,1263,1.33,950,13142.02,3.8,69.99,9.06
1,2016-04-10,17,Sunday,1,7,4.57,12.56,1.62,14.41,17.88,1190,1.37,869,13396.23,3.8,69.99,11.12
1,2016-04-10,19,Sunday,1,7,4.22,11.24,1.63,11.81,19.66,1201,1.32,910,12697.23,4.3,69.99,10.12
2,2016-04-10,21,Sunday,1,7,5.04,12.05,1.73,11.5,23.77,1640,1.95,840,12910.47,4.3,70.01,11.45
1,2016-04-10,22,Sunday,1,7,5.46,12.95,1.68,12.27,24.09,837,1.3,646,10492.6,4.3,70.0,11.76
1,2016-04-10,23,Sunday,1,7,5.85,13.25,1.78,11.66,27.15,654,1.3,502,8343.17,4.8,69.99,11.87
2,2016-04-11,0,Monday,0,1,6.21,13.56,1.92,11.22,29.66,556,1.82,306,5201.95,4.3,70.01,12.89
1,2016-04-11,1,Monday,0,1,5.21,12.15,1.28,10.01,28.02,233,1.23,190,2834.58,4.3,63.36,10.2
1,2016-04-11,3,Monday,0,1,6.37,13.96,1.21,11.74,28.89,118,1.2,98,1614.97,4.8,46.8,10.33
1,2016-04-11,10,Monday,0,1,4.2,12.77,1.77,15.34,15.26,860,1.15,751,11809.16,3.8,69.99,11.63
2,2016-04-11,12,Monday,0,1,3.98,12.18,1.51,14.31,15.33,1711,2.03,841,12392.57,3.8,70.01,10.53
1,2016-04-11,13,Monday,0,1,4.12,12.02,1.62,13.6,15.95,837,1.2,699,10281.08,3.8,69.99,11.35
1,2016-04-11,14,Monday,0,1,4.19,12.08,1.52,13.76,16.23,1039,1.24,841,12401.62,3.8,69.99,11.33
1,2016-04-11,15,Monday,0,1,3.98,11.85,1.53,13.97,15.46,1063,1.26,847,12329.68,3.8,70.0,10.89
1,2016-04-11,16,Monday,0,1,3.82,11.39,1.46,13.06,16.59,944,1.28,736,10998.6,4.8,69.99,10.44
2,2016-04-11,17,Monday,0,1,3.72,11.02,1.63,12.96,16.53,2158,1.95,1109,16273.12,4.3,62.21,9.25
2,2016-04-11,19,Monday,0,1,3.8,10.46,1.58,11.29,18.82,2317,2.0,1160,16257.67,4.8,58.61,8.23
2,2016-04-11,22,Monday,0,1,4.96,12.01,1.87,11.61,23.49,1902,2.08,914,14030.56,4.3,70.01,10.08
2,2016-04-11,23,Monday,0,1,5.29,12.4,1.81,11.52,25.15,1208,1.87,646,10139.79,4.3,70.01,10.8
1,2016-04-12,2,Tuesday,0,2,5.6,12.72,1.64,10.99,26.94,168,1.25,134,2114.8,4.8,54.35,10.84
1,2016-04-12,4,Tuesday,0,2,6.91,14.7,1.54,12.31,31.3,110,1.15,96,1727.17,5.8,58.34,12.33
2,2016-04-12,5,Tuesday,0,2,5.89,12.75,1.63,9.87,30.66,421,2.15,196,3153.33,4.8,70.01,15.05
2,2016-04-12,6,Tuesday,0,2,4.23,10.36,1.47,9.49,24.18,1188,2.17,548,7065.42,3.8,70.01,10.52
2,2016-04-12,7,Tuesday,0,2,3.51,10.4,1.49,11.91,17.37,2128,1.99,1068,13674.66,3.8,70.01,8.09
2,2016-04-12,8,Tuesday,0,2,3.45,11.76,1.75,15.2,13.38,2440,1.95,1253,18106.38,4.3,70.01,9.54
1,2016-04-12,9,Tuesday,0,2,3.4,12.36,1.85,16.48,12.23,1040,1.12,930,14112.13,3.8,69.99,9.45
2,2016-04-12,11,Tuesday,0,2,3.53,12.36,1.72,16.32,12.42,2016,2.06,977,14786.07,3.8,70.01,10.41
2,2016-04-12,18,Tuesday,0,2,3.56,10.88,1.69,12.94,15.89,2506,1.9,1316,19121.63,5.3,59.81,8.27
2,2016-04-12,20,Tuesday,0,2,4.35,11.39,1.8,12.01,20.23,2583,1.97,1312,19178.48,4.3,70.01,9.41
1,2016-04-12,21,Tuesday,0,2,4.61,11.81,1.89,12.24,21.13,1318,1.21,1087,16473.87,4.3,70.01,9.65
2,2016-04-13,0,Wednesday,0,3,5.15,12.13,1.57,11.47,25.28,1046,2.02,519,7846.77,4.3,60.34,9.11
1,2016-04-13,1,Wednesday,0,3,5.5,12.69,1.88,11.4,26.6,291,1.23,237,3787.29,4.8,58.34,9.74
1,2016-04-13,3,Wednesday,0,3,6.4,14.21,1.94,12.22,28.39,143,1.29,111,1967.84,5.3,70.0,12.28
1,2016-04-13,10,Wednesday,0,3,3.71,12.33,1.65,15.59,13.55,935,1.14,818,12294.41,3.8,70.0,10.45
2,2016-04-13,12,Wednesday,0,3,3.88,12.76,1.73,16.26,13.77,2027,2.13,951,14732.83,3.8,70.01,10.84
1,2016-04-13,13,Wednesday,0,3,3.54,12.04,1.57,15.3,13.08,942,1.15,816,11979.33,3.3,69.99,10.59
1,2016-04-13,14,Wednesday,0,3,4.14,12.89,1.83,16.04,13.73,1030,1.19,868,13785.51,3.8,69.99,12.08
1,2016-04-13,15,Wednesday,0,3,3.97,12.56,1.66,15.8,13.68,1082,1.25,865,13355.58,3.8,69.99,11.72
1,2016-04-13,16,Wednesday,0,3,3.35,11.22,1.61,14.29,13.91,872,1.24,703,10451.7,4.8,69.99,9.62
2,2016-04-13,17,Wednesday,0,3,3.61,11.78,1.78,15.09,14.61,2066,1.97,1049,16326.64,4.8,68.81,9.74
2,2016-04-13,19,Wednesday,0,3,3.82,11.12,1.7,12.92,17.04,2532,1.98,1281,18962.2,4.8,61.01,8.84
2,2016-04-13,22,Wednesday,0,3,4.8,12.4,1.93,13.25,20.76,2552,2.02,1263,19906.65,4.8,65.34,10.15
2,2016-04-13,23,Wednesday,0,3,5.37,13.14,1.92,13.41,22.78,1874,1.99,941,15547.78,3.8,70.01,10.63
2,2016-04-14,0,Thursday,0,4,5.16,12.21,1.71,11.55,24.66,1200,2.03,590,9106.56,4.3,70.01,10.41
1,2016-04-14,1,Thursday,0,4,5.26,12.11,1.64,10.82,26.82,405,1.21,334,5044.04,4.3,58.34,9.3
1,2016-04-14,3,Thursday,0,4,5.17,11.92,1.2,10.48,27.48,179,1.27,141,2044.49,4.8,44.79,7.96
1,2016-04-14,10,Thursday,0,4,3.75,12.58,1.75,16.12,13.41,967,1.17,829,12723.0,3.8,69.99,9.91
2,2016-04-14,12,Thursday,0,4,4.2,13.24,1.85,16.55,14.15,1965,2.04,965,15662.02,3.8,70.01,11.62
1,2016-04-14,13,Thursday,0,4,3.85,12.54,1.74,15.59,13.85,1036,1.19,869,13360.15,3.8,69.99,10.28
1,2016-04-14,14,Thursday,0,4,4.27,13.4,1.84,16.95,13.62,1114,1.21,919,15132.84,3.8,69.99,11.96
1,2016-04-14,15,Thursday,0,4,3.97,13.05,1.78,16.97,13.02,1092,1.22,897,14403.06,3.8,70.0,11.69
1,2016-04-14,16,Thursday,0,4,3.77,12.41,1.81,16.12,13.61,875,1.25,700,11398.41,3.8,68.34,10.67
2,2016-04-14,17,Thursday,0,4,3.81,12.15,1.78,15.51,14.35,2117,2.03,1042,16650.44,4.3,58.61,9.93
2,2016-04-14,19,Thursday,0,4,3.69,11.37,1.77,13.69,16.12,2610,2.04,1280,19269.85,4.8,58.61,8.67
2,2016-04-14,22,Thursday,0,4,5.19,13.39,2.05,14.61,20.16,2536,1.98,1282,21731.7,4.3,67.84,10.83
2,2016-04-14,23,Thursday,0,4,5.13,13.0,1.98,13.66,21.26,2449,2.07,1184,19480.89,4.3,71.21,10.42
1,2016-04-15,2,Friday,0,5,5.41,12.7,1.68,11.78,25.39,400,1.29,309,4855.86,3.8,52.8,9.71
1,2016-04-15,4,Friday,0,5,6.3,13.72,1.75,11.16,29.94,216,1.19,181,3100.19,4.3,69.99,12.15
2,2016-04-15,5,Friday,0,5,6.74,14.27,2.03,10.41,32.23,331,1.89,175,3214.2,4.8,70.01,17.09
2,2016-04-15,6,Friday,0,5,4.47,10.83,1.6,9.73,25.37,1182,2.02,586,7962.58,4.3,71.21,11.63
2,2016-04-15,7,Friday,0,5,4.15,11.3,1.68,12.12,19.5,2139,2.12,1009,14124.33,3.8,70.01,10.13
2,2016-04-15,8,Friday,0,5,3.81,11.47,1.77,13.5,16.0,2374,1.96,1210,17204.86,3.8,70.01,9.59
1,2016-04-15,9,Friday,0,5,3.69,11.96,1.68,14.67,14.23,998,1.12,890,13030.03,3.8,69.99,9.7
2,2016-04-15,11,Friday,0,5,4.31,13.3,1.84,16.31,14.79,2026,1.99,1018,16587.17,3.8,66.34,11.6
2,2016-04-15,18,Friday,0,5,3.82,11.64,1.73,14.38,15.37,2595,1.96,1326,20331.57,4.8,62.84,9.29
2,2016-04-15,20,Friday,0,5,4.21,11.6,1.72,13.07,17.84,2884,2.01,1437,21324.64,4.3,70.01,10.12
1,2016-04-15,21,Friday,0,5,4.27,11.79,1.64,13.19,18.26,1652,1.37,1204,17899.78,4.3,69.99,9.48
1,2016-04-16,0,Saturday,1,6,4.76,12.83,1.9,14.46,19.06,1411,1.35,1048,16903.59,3.8,62.8,9.54
2,2016-04-16,2,Saturday,1,6,5.11,12.45,1.67,12.47,23.26,1574,2.06,765,11863.27,4.3,63.36,9.14
2,2016-04-16,4,Saturday,1,6,6.26,14.01,1.67,12.68,27.16,830,2.05,404,6932.97,4.3,70.01,11.04
2,2016-04-16,9,Saturday,1,6,4.15,10.81,1.43,10.69,21.61,1880,2.01,936,12414.13,3.8,70.01,9.73
1,2016-04-16,12,Saturday,1,6,3.62,10.93,1.31,12.42,16.82,1293,1.33,971,12809.69,3.8,69.99,8.9
1,2016-04-16,17,Saturday,1,6,3.83,11.62,1.36,13.95,16.35,1328,1.4,951,13285.54,3.8,69.99,8.59
1,2016-04-16,19,Saturday,1,6,3.62,11.54,1.5,14.41,15.2,1906,1.45,1315,18451.98,3.3,70.0,8.12
2,2016-04-16,21,Saturday,1,6,4.09,11.58,1.5,13.32,17.84,2331,1.97,1181,17072.68,4.3,70.01,8.01
1,2016-04-16,22,Saturday,1,6,4.15,11.85,1.64,13.65,17.54,1797,1.47,1226,18252.35,4.8,68.34,8.59
1,2016-04-16,23,Saturday,1,6,4.41,12.16,1.69,13.76,18.32,1774,1.46,1214,18537.41,4.3,69.99,9.02
2,2016-04-17,1,Sunday,1,7,4.74,12.04,1.7,12.58,21.78,2309,2.01,1151,17391.52,4.8,58.34,8.3
2,2016-04-17,3,Sunday,1,7,5.53,12.84,1.6,12.17,25.67,1521,2.24,680,10724.03,4.3,56.0,8.98
1,2016-04-17,5,Sunday,1,7,7.44,15.83,1.93,12.77,31.48,174,1.16,150,2893.73,4.8,70.01,14.79
1,2016-04-17,6,Sunday,1,7,6.57,14.13,1.58,10.85,31.86,256,1.22,209,3535.3,3.8,69.99,13.23
1,2016-04-17,7,Sunday,1,7,5.04,11.76,1.47,9.75,27.75,393,1.21,326,4676.15,4.3,70.01,11.68
1,2016-04-17,8,Sunday,1,7,4.09,10.12,1.41,8.6,25.21,574,1.27,452,5675.4,3.8,69.99,10.28
2,2016-04-17,10,Sunday,1,7,4.46,11.25,1.45,11.11,22.22,2041,2.01,1017,14002.67,3.8,70.01,10.08
1,2016-04-17,11,Sunday,1,7,4.1,11.13,1.48,11.84,19.32,1267,1.34,944,12836.96,3.8,69.99,9.48
2,2016-04-17,13,Sunday,1,7,4.52,12.34,1.59,13.98,18.11,2249,2.07,1085,16237.51,4.3,70.01,11.01
2,2016-04-17,14,Sunday,1,7,4.51,12.33,1.58,14.03,17.75,2007,1.94,1037,15581.16,3.8,70.01,11.4
2,2016-04-17,15,Sunday,1,7,4.79,13.0,1.65,14.83,17.89,2079,2.1,992,15642.52,4.3,70.01,12.3
2,2016-04-17,16,Sunday,1,7,5.04,13.34,1.74,15.22,18.33,2035,2.03,1001,16264.61,3.8,70.01,12.3
1,2016-04-17,18,Sunday,1,7,4.5,12.37,1.73,14.05,18.04,1251,1.35,927,14170.46,3.8,70.0,11.33
1,2016-04-17,20,Sunday,1,7,5.05,12.88,1.85,13.72,20.21,1208,1.39,871,14230.56,4.3,69.99,12.19
1,2016-04-18,0,Monday,0,1,5.36,12.3,1.58,10.9,27.27,394,1.24,317,4844.34,4.8,63.35,10.08
2,2016-04-18,2,Monday,0,1,6.27,13.69,1.53,11.67,30.43,219,1.94,113,1883.15,4.8,70.01,9.72
2,2016-04-18,4,Monday,0,1,6.8,14.31,1.69,11.14,32.87,219,2.15,102,1808.8,4.8,70.01,13.38
2,2016-04-18,9,Monday,0,1,3.89,11.84,1.66,14.22,15.64,1794,1.97,910,13233.39,3.8,68.34,9.9
1,2016-04-18,12,Monday,0,1,4.07,12.76,1.66,15.64,14.41,952,1.2,791,12267.77,3.8,69.99,11.34
1,2016-04-18,17,Monday,0,1,3.38,10.58,1.59,12.64,15.51,1109,1.26,881,12433.66,4.8,59.79,8.22
1,2016-04-18,19,Monday,0,1,3.87,10.61,1.61,11.26,19.14,1304,1.23,1064,14993.03,4.8,56.15,8.32
2,2016-04-18,21,Monday,0,1,4.96,12.1,1.87,11.93,22.89,2083,1.9,1099,17081.14,4.3,70.01,10.2
1,2016-04-18,22,Monday,0,1,5.68,13.43,2.03,12.85,23.73,1030,1.27,809,13731.97,4.8,70.0,12.03
1,2016-04-18,23,Monday,0,1,5.74,13.27,1.91,12.33,25.67,720,1.24,580,9721.03,4.3,69.99,10.88
2,2016-04-19,1,Tuesday,0,2,5.13,11.93,1.53,10.44,27.43,485,2.1,231,3425.32,4.8,70.01,9.11
2,2016-04-19,3,Tuesday,0,2,6.15,13.44,1.27,11.04,29.39,149,1.96,76,1216.0,4.8,60.0,11.92
1,2016-04-19,5,Tuesday,0,2,6.06,13.24,1.82,10.32,30.54,226,1.11,203,3409.53,4.3,69.99,14.3
1,2016-04-19,6,Tuesday,0,2,4.11,10.28,1.39,9.3,23.78,506,1.05,480,6104.54,3.8,69.99,10.2
1,2016-04-19,7,Tuesday,0,2,3.6,10.46,1.5,11.55,17.99,880,1.11,794,10248.42,3.8,63.34,8.44
1,2016-04-19,8,Tuesday,0,2,3.64,11.87,1.71,14.94,13.81,1077,1.14,943,13713.85,3.8,69.99,9.83
2,2016-04-19,10,Tuesday,0,2,4.03,12.74,1.73,15.68,14.66,1805,2.11,854,13259.12,3.8,70.01,10.62
1,2016-04-19,11,Tuesday,0,2,3.67,12.45,1.68,15.88,13.08,870,1.14,761,11509.44,3.8,69.99,9.96
2,2016-04-19,13,Tuesday,0,2,3.85,12.47,1.61,15.46,14.25,1825,2.05,889,13466.64,3.8,70.01,10.75
2,2016-04-19,14,Tuesday,0,2,3.98,12.49,1.67,15.35,14.21,2013,2.08,970,14775.63,3.8,70.01,11.2
2,2016-04-19,15,Tuesday,0,2,4.2,12.75,1.59,15.58,14.47,2054,2.09,981,15173.14,3.3,70.01,11.66
2,2016-04-19,16,Tuesday,0,2,3.81,11.94,1.77,14.87,14.77,1603,1.95,824,12987.37,3.8,61.61,10.43
1,2016-04-19,18,Tuesday,0,2,3.68,11.6,1.71,14.39,14.81,1344,1.22,1106,16874.9,4.8,62.79,8.95
1,2016-04-19,20,Tuesday,0,2,4.26,11.67,1.82,12.81,18.59,1314,1.22,1073,16083.55,4.3,70.0,9.8
1,2016-04-20,0,Wednesday,0,3,5.13,12.24,1.59,11.63,24.65,574,1.27,453,6888.49,4.8,63.35,9.21
2,2016-04-20,2,Wednesday,0,3,5.22,11.97,1.52,10.61,27.26,354,1.96,181,2687.1,4.3,53.84,8.73
2,2016-04-20,4,Wednesday,0,3,7.19,15.02,1.41,11.85,32.35,202,2.06,98,1785.9,4.3,70.01,13.83
2,2016-04-20,9,Wednesday,0,3,3.87,12.37,1.9,15.32,14.44,2243,2.02,1109,16943.97,3.8,70.01,10.45
1,2016-04-20,12,Wednesday,0,3,3.92,13.04,1.73,16.44,13.27,998,1.2,835,13237.41,3.8,69.99,11.02
1,2016-04-20,17,Wednesday,0,3,3.34,11.36,1.65,14.59,13.75,1117,1.23,908,13544.86,4.8,57.99,8.48
1,2016-04-20,19,Wednesday,0,3,3.41,10.55,1.64,12.34,16.13,1391,1.18,1179,16623.66,4.8,62.34,7.98
2,2016-04-20,21,Wednesday,0,3,4.84,12.46,2.01,13.28,20.4,2575,2.06,1249,19909.94,4.3,70.01,10.54
1,2016-04-20,22,Wednesday,0,3,4.91,12.79,1.9,13.78,20.42,1280,1.25,1027,16589.01,4.3,65.34,9.73
1,2016-04-20,23,Wednesday,0,3,5.19,13.03,1.92,13.19,21.91,1108,1.25,883,14488.07,4.8,69.99,11.0
1,2016-04-21,2,Thursday,0,4,5.95,13.32,1.33,12.01,27.96,267,1.34,200,3221.58,4.3,57.8,9.39
1,2016-04-21,4,Thursday,0,4,6.53,14.24,1.41,11.93,29.59,176,1.23,143,2483.21,4.3,62.8,12.23
2,2016-04-21,5,Thursday,0,4,6.36,13.56,1.82,10.75,31.66,337,1.84,183,3136.58,4.8,70.01,15.03
2,2016-04-21,6,Thursday,0,4,4.17,10.35,1.49,9.62,24.51,1082,1.99,544,7025.7,4.3,70.01,9.73
2,2016-04-21,7,Thursday,0,4,3.95,11.47,1.64,13.24,17.55,2027,2.0,1011,14213.15,3.8,70.01,9.31
2,2016-04-21,8,Thursday,0,4,3.52,11.94,1.71,15.38,14.01,2315,2.04,1134,16494.57,3.8,70.01,8.56
1,2016-04-21,9,Thursday,0,4,3.57,12.39,1.83,16.13,13.24,925,1.12,827,12576.69,4.3,68.34,9.68
2,2016-04-21,11,Thursday,0,4,3.98,13.37,1.8,17.25,13.67,1689,1.96,861,13968.02,3.3,70.01,11.12
2,2016-04-21,18,Thursday,0,4,3.91,12.52,1.92,16.01,14.83,2384,1.88,1266,20791.38,4.8,67.01,9.92
2,2016-04-21,20,Thursday,0,4,4.34,12.11,1.86,13.8,17.85,2681,2.04,1316,20352.12,4.3,70.01,9.83
1,2016-04-21,21,Thursday,0,4,4.49,12.31,1.9,13.87,18.31,1460,1.29,1132,17703.32,3.8,69.99,9.99
2,2016-04-22,1,Friday,0,5,5.37,12.59,1.84,12.04,25.1,1103,2.14,516,8173.34,4.3,63.36,9.92
2,2016-04-22,3,Friday,0,5,5.66,12.7,1.54,11.3,28.12,459,2.19,210,3281.3,4.3,46.62,8.88
1,2016-04-22,5,Friday,0,5,5.26,11.9,1.65,9.8,28.71,251,1.12,225,3417.46,3.3,70.34,12.82
1,2016-04-22,6,Friday,0,5,4.59,11.21,1.45,10.23,24.29,499,1.08,464,6402.85,3.8,69.99,11.56
1,2016-04-22,7,Friday,0,5,3.99,11.49,1.65,12.93,17.64,844,1.1,770,10905.68,3.8,69.99,9.9
1,2016-04-22,8,Friday,0,5,3.63,11.91,1.74,14.56,14.53,980,1.13,871,12711.15,3.8,63.35,9.63
2,2016-04-22,10,Friday,0,5,3.79,12.48,1.61,15.87,13.89,1713,1.99,862,13024.14,3.8,70.01,9.91
1,2016-04-22,11,Friday,0,5,3.65,12.42,1.68,15.79,13.41,917,1.18,777,11746.34,3.8,69.99,10.35
2,2016-04-22,13,Friday,0,5,4.09,12.92,1.63,15.98,14.46,1789,1.99,898,14003.67,3.8,70.01,11.37
2,2016-04-22,14,Friday,0,5,4.17,13.36,1.7,17.17,14.05,1784,1.89,944,15293.13,4.3,70.01,11.53
2,2016-04-22,15,Friday,0,5,3.65,12.68,1.54,16.88,13.1,1564,2.04,767,11624.96,3.8,59.21,9.56
2,2016-04-22,16,Friday,0,5,3.72,12.57,1.69,16.65,13.76,1305,1.94,674,10944.41,4.8,64.01,10.29
1,2016-04-22,18,Friday,0,5,3.57,11.77,1.62,14.96,14.44,1273,1.32,967,14837.98,4.8,66.35,8.8
1,2016-04-22,20,Friday,0,5,4.12,11.85,1.75,13.57,17.32,1231,1.33,927,13987.66,4.3,69.99,10.03
1,2016-04-23,0,Saturday,1,6,4.96,12.8,1.78,13.93,19.94,1416,1.38,1028,16423.8,4.3,69.99,9.64
2,2016-04-23,2,Saturday,1,6,4.63,11.48,1.65,11.6,22.37,1480,2.07,714,10353.75,4.3,48.96,8.3
2,2016-04-23,4,Saturday,1,6,6.4,14.22,1.6,13.06,26.56,639,2.07,309,5347.09,4.3,69.41,11.37
2,2016-04-23,9,Saturday,1,6,4.08,10.92,1.41,11.03,20.92,1374,1.88,732,9722.96,3.8,70.01,9.79
1,2016-04-23,12,Saturday,1,6,3.81,11.66,1.49,13.52,16.9,1135,1.33,853,12032.26,3.3,69.99,9.4
1,2016-04-23,17,Saturday,1,6,3.92,11.84,1.38,13.96,16.6,1337,1.43,936,13318.68,3.8,70.01,9.52
1,2016-04-23,19,Saturday,1,6,3.87,11.48,1.41,13.2,16.7,1563,1.48,1053,14675.02,3.8,69.99,9.6
2,2016-04-23,21,Saturday,1,6,4.02,11.13,1.49,12.39,18.77,2226,2.06,1081,15097.07,3.8,70.01,8.02
1,2016-04-23,22,Saturday,1,6,4.22,11.82,1.56,13.43,18.04,1689,1.48,1138,16823.52,4.8,67.34,8.32
1,2016-04-23,23,Saturday,1,6,4.41,12.15,1.68,13.83,18.27,1651,1.48,1118,17028.27,4.3,69.99,8.69
2,2016-04-24,1,Sunday,1,7,4.77,11.96,1.71,12.32,22.03,2206,2.09,1057,15910.34,4.3,55.61,8.4
2,2016-04-24,3,Sunday,1,7,5.11,12.06,1.49,11.4,25.02,1385,2.14,646,9640.28,4.3,48.96,8.51
1,2016-04-24,5,Sunday,1,7,7.11,15.58,1.67,12.64,30.74,173,1.2,144,2714.13,4.3,69.99,12.96
1,2016-04-24,6,Sunday,1,7,6.85,14.49,1.8,10.58,33.62,232,1.19,195,3434.52,4.3,69.99,15.08
1,2016-04-24,7,Sunday,1,7,5.49,12.48,1.52,9.59,29.49,312,1.16,268,4056.83,3.8,68.84,13.2
1,2016-04-24,8,Sunday,1,7,4.4,10.64,1.21,8.95,26.36,437,1.25,350,4529.35,3.8,69.99,10.0
2,2016-04-24,10,Sunday,1,7,4.66,11.6,1.45,10.95,23.11,1694,2.16,783,11059.85,3.8,70.01,10.71
1,2016-04-24,11,Sunday,1,7,4.67,11.99,1.42,11.85,21.25,1018,1.36,751,10879.01,4.3,69.99,11.25
2,2016-04-24,13,Sunday,1,7,4.69,12.28,1.45,13.15,19.5,2126,2.06,1032,15337.81,3.8,70.01,11.33
2,2016-04-24,14,Sunday,1,7,4.88,12.69,1.59,13.49,19.41,2031,2.11,963,14892.41,3.8,70.01,12.68
2,2016-04-24,15,Sunday,1,7,5.15,13.07,1.69,14.05,19.85,1824,2.03,898,14311.15,3.8,70.01,12.8
2,2016-04-24,16,Sunday,1,7,4.8,12.6,1.56,13.46,19.76,1784,2.07,860,13171.38,3.8,70.01,11.55
1,2016-04-24,18,Sunday,1,7,4.3,11.44,1.54,11.96,19.6,1219,1.37,890,12533.92,3.3,69.99,10.68
1,2016-04-24,20,Sunday,1,7,4.68,11.75,1.61,11.77,21.53,1115,1.31,853,12725.4,4.3,69.99,10.86
2,2016-04-25,0,Monday,0,1,5.79,12.9,1.46,11.12,28.44,661,1.96,338,5353.03,4.3,70.01,11.17
1,2016-04-25,1,Monday,0,1,5.53,12.51,1.48,10.77,27.68,291,1.3,224,3435.13,4.8,61.55,9.96
1,2016-04-25,3,Monday,0,1,6.26,13.85,1.2,11.61,30.45,117,1.23,95,1563.47,4.8,58.34,10.98
1,2016-04-25,10,Monday,0,1,4.4,12.43,1.76,14.13,16.65,809,1.21,668,10308.54,3.3,69.99,12.18
2,2016-04-25,12,Monday,0,1,4.25,12.29,1.51,14.13,16.53,1619,1.99,812,12118.32,3.8,70.01,10.83
1,2016-04-25,13,Monday,0,1,3.98,11.72,1.58,13.35,16.24,895,1.24,724,10389.44,3.8,70.34,10.53
1,2016-04-25,14,Monday,0,1,3.99,11.8,1.53,13.65,15.86,968,1.23,784,11311.1,3.8,70.34,11.1
1,2016-04-25,15,Monday,0,1,4.33,12.25,1.59,13.91,16.56,1079,1.26,856,12867.84,3.8,69.99,11.52
1,2016-04-25,16,Monday,0,1,3.94,11.48,1.54,13.15,16.83,855,1.24,689,10334.95,4.8,63.8,9.54
2,2016-04-25,17,Monday,0,1,4.13,11.72,1.72,13.37,17.54,1908,1.95,978,15114.59,4.8,67.01,10.16
2,2016-04-25,19,Monday,0,1,4.02,10.6,1.63,10.81,20.68,2292,2.06,1115,15803.48,4.8,56.0,8.57
2,2016-04-25,22,Monday,0,1,4.95,12.02,1.88,11.58,23.61,1798,1.98,908,14002.25,4.3,70.01,10.5
2,2016-04-25,23,Monday,0,1,5.52,12.85,1.92,11.79,25.57,1354,2.12,639,10386.71,4.8,70.01,11.39
1,2016-04-26,0,Tuesday,0,2,5.57,12.93,1.75,11.82,26.09,450,1.27,354,5694.46,4.8,69.99,11.24
2,2016-04-26,2,Tuesday,0,2,5.22,11.74,1.36,9.94,28.81,286,2.01,142,2055.14,4.3,52.8,8.6
2,2016-04-26,4,Tuesday,0,2,6.44,14.39,1.58,11.39,30.6,210,2.21,95,1665.41,4.8,70.01,14.03
2,2016-04-26,9,Tuesday,0,2,3.87,12.06,1.77,14.5,15.2,2164,2.04,1059,15754.83,3.8,70.01,10.07
1,2016-04-26,12,Tuesday,0,2,3.7,11.68,1.57,13.98,14.59,910,1.19,762,10888.43,3.8,70.34,10.03
1,2016-04-26,17,Tuesday,0,2,3.48,11.14,1.64,13.72,14.82,1073,1.24,865,12734.32,4.8,63.84,9.29
1,2016-04-26,19,Tuesday,0,2,3.85,10.81,1.69,11.87,18.42,1292,1.17,1100,15842.67,4.8,58.34,8.44
2,2016-04-26,21,Tuesday,0,2,4.66,11.8,1.87,11.89,21.91,2571,2.0,1285,19489.2,4.3,70.01,9.81
1,2016-04-26,22,Tuesday,0,2,4.83,12.33,1.84,12.71,21.31,1182,1.22,972,15179.18,4.8,69.99,9.75
1,2016-04-26,23,Tuesday,0,2,5.26,12.65,1.96,12.14,24.17,916,1.25,734,11830.06,4.3,69.99,10.05
1,2016-04-27,2,Wednesday,0,3,5.22,11.9,1.31,10.25,27.96,191,1.19,161,2338.08,4.8,44.3,8.43
1,2016-04-27,4,Wednesday,0,3,6.35,14.01,1.58,11.24,31.15,136,1.2,113,1962.27,4.8,69.99,13.0
2,2016-04-27,5,Wednesday,0,3,5.51,12.37,1.71,9.77,30.14,388,2.06,188,2967.92,4.8,70.01,12.5
2,2016-04-27,6,Wednesday,0,3,4.65,11.11,1.54,9.98,25.29,943,1.95,484,6644.95,3.8,70.01,11.04
2,2016-04-27,7,Wednesday,0,3,4.09,11.29,1.77,12.37,18.8,1795,2.04,878,12394.83,3.8,70.01,10.3
2,2016-04-27,8,Wednesday,0,3,3.67,11.51,1.85,13.91,15.14,2118,2.04,1038,14905.09,3.8,70.01,9.46
1,2016-04-27,9,Wednesday,0,3,3.6,11.79,1.64,14.35,14.71,1034,1.12,921,13296.87,3.8,69.99,9.27
2,2016-04-27,11,Wednesday,0,3,4.22,13.07,1.75,15.93,14.84,1771,1.99,889,14163.6,3.8,70.01,10.84
2,2016-04-27,18,Wednesday,0,3,3.96,11.96,1.83,14.38,15.96,2308,2.0,1155,18280.83,4.8,63.41,9.65
2,2016-04-27,20,Wednesday,0,3,4.61,12.19,1.93,13.04,20.01,2424,1.98,1222,19152.49,4.3,70.01,10.49
1,2016-04-27,21,Wednesday,0,3,4.42,12.21,1.85,13.39,19.4,1399,1.25,1119,17378.13,4.8,69.99,9.24
2,2016-04-28,1,Thursday,0,4,5.42,12.57,1.48,11.59,25.94,754,2.15,351,5426.92,4.8,68.84,10.09
2,2016-04-28,3,Thursday,0,4,5.62,12.47,1.55,10.17,30.95,214,2.1,102,1568.11,5.3,70.01,10.06
1,2016-04-28,5,Thursday,0,4,5.97,13.08,1.9,9.92,31.12,225,1.09,207,3479.41,4.3,69.99,14.32
1,2016-04-28,6,Thursday,0,4,4.5,10.92,1.55,9.66,24.92,516,1.08,477,6480.57,3.8,70.0,11.44
1,2016-04-28,7,Thursday,0,4,3.78,10.68,1.57,11.5,18.19,942,1.11,849,11271.9,3.8,71.79,9.9
1,2016-04-28,8,Thursday,0,4,3.47,11.39,1.72,13.89,14.49,1066,1.14,933,13135.5,3.8,69.99,9.38
2,2016-04-28,10,Thursday,0,4,3.87,12.11,1.66,14.72,14.82,1897,2.07,917,13578.32,3.8,70.01,10.47
1,2016-04-28,11,Thursday,0,4,3.75,12.13,1.58,14.93,14.21,926,1.22,758,11155.57,3.8,69.99,9.43
2,2016-04-28,13,Thursday,0,4,3.97,12.29,1.7,14.81,14.65,1796,1.94,925,13972.97,3.8,70.01,11.13
2,2016-04-28,14,Thursday,0,4,4.56,13.58,1.91,16.53,14.91,2074,2.02,1026,17127.11,3.8,70.01,13.09
2,2016-04-28,15,Thursday,0,4,4.13,12.7,1.66,15.67,14.56,1689,1.93,877,13649.88,3.8,70.01,11.6
2,2016-04-28,16,Thursday,0,4,4.16,12.49,1.77,15.29,15.47,1568,1.94,810,13237.28,4.8,64.01,11.65
1,2016-04-28,18,Thursday,0,4,3.4,10.77,1.67,12.9,15.43,1506,1.24,1212,17454.78,4.8,60.84,8.15
1,2016-04-28,20,Thursday,0,4,4.39,11.73,1.85,12.68,19.17,1422,1.26,1132,17121.26,4.3,69.99,9.43
2,2016-04-29,1,Friday,0,5,5.36,12.48,1.68,11.62,25.6,899,1.96,458,7117.85,4.3,70.01,9.35
2,2016-04-29,3,Friday,0,5,6.45,14.09,1.86,12.56,28.42,362,1.87,194,3387.28,4.8,56.0,10.86
1,2016-04-29,5,Friday,0,5,6.05,13.2,1.81,10.16,30.49,220,1.13,194,3260.61,4.8,68.34,14.56
1,2016-04-29,6,Friday,0,5,4.66,11.21,1.55,9.7,25.41,486,1.08,449,6191.24,4.3,69.99,11.72
1,2016-04-29,7,Friday,0,5,4.08,11.07,1.56,11.66,19.53,819,1.12,730,9944.84,4.3,69.99,9.57
1,2016-04-29,8,Friday,0,5,3.74,11.32,1.74,13.17,16.21,1032,1.14,903,12645.88,3.8,69.99,8.68
2,2016-04-29,10,Friday,0,5,4.07,12.07,1.61,13.99,16.52,1850,2.01,919,13549.48,3.8,70.01,10.25
1,2016-04-29,11,Friday,0,5,3.95,11.89,1.58,13.65,15.62,1015,1.24,821,11945.63,3.8,70.0,11.31
2,2016-04-29,13,Friday,0,5,4.56,12.92,1.66,14.69,16.5,1733,1.97,881,13900.24,3.8,70.01,12.42
2,2016-04-29,14,Friday,0,5,4.72,13.07,1.73,15.17,16.4,2051,2.02,1013,16205.3,3.8,71.21,12.51
2,2016-04-29,15,Friday,0,5,4.05,12.39,1.53,14.77,15.39,1927,2.01,960,14449.35,3.8,70.01,11.39
2,2016-04-29,16,Friday,0,5,3.95,12.21,1.71,15.07,15.28,1555,2.0,778,12370.04,4.8,60.84,10.03
1,2016-04-29,18,Friday,0,5,3.53,11.0,1.61,13.1,15.51,1486,1.26,1182,17214.01,4.3,58.8,8.57
1,2016-04-29,20,Friday,0,5,4.23,11.99,1.72,13.75,17.16,1496,1.32,1132,17194.63,4.3,70.0,9.94
1,2016-04-30,2,Saturday,1,6,4.6,11.41,1.58,11.07,23.16,863,1.35,639,9160.31,4.3,51.3,7.88
1,2016-04-30,4,Saturday,1,6,5.96,13.48,1.37,12.14,27.31,377,1.29,293,4779.74,4.3,58.34,9.96
2,2016-04-30,5,Saturday,1,6,6.92,14.49,1.54,11.14,32.88,347,2.33,149,2623.53,4.3,70.01,12.77
2,2016-04-30,6,Saturday,1,6,7.1,14.93,1.64,11.45,32.94,465,2.03,229,4071.87,4.3,66.34,13.91
2,2016-04-30,7,Saturday,1,6,5.44,12.06,1.5,9.67,29.51,652,2.04,320,4718.79,3.8,70.01,12.33
2,2016-04-30,8,Saturday,1,6,4.98,11.83,1.55,10.41,25.31,1059,1.96,539,7812.08,3.8,70.01,12.1
1,2016-04-30,9,Saturday,1,6,3.91,10.3,1.38,9.86,21.7,825,1.24,668,8483.32,3.8,69.99,9.59
2,2016-04-30,11,Saturday,1,6,4.3,11.53,1.45,12.15,19.59,2158,2.04,1057,14786.16,3.8,70.01,10.24
2,2016-04-30,18,Saturday,1,6,3.94,11.8,1.43,14.27,16.12,2417,1.98,1223,17325.04,3.8,70.01,9.09
2,2016-04-30,20,Saturday,1,6,4.07,11.65,1.6,13.34,17.57,2433,2.03,1200,17589.13,4.3,70.01,9.51
1,2016-04-30,21,Saturday,1,6,3.88,11.05,1.47,12.47,17.96,1490,1.49,1000,13878.82,4.3,55.8,7.83
2,2016-05-01,0,Sunday,1,7,4.48,11.81,1.59,12.73,20.35,2541,2.02,1256,18593.48,4.3,59.21,8.38
1,2016-05-01,1,Sunday,1,7,4.78,11.95,1.7,12.02,22.15,1272,1.4,907,13623.21,4.3,60.8,8.7
1,2016-05-01,3,Sunday,1,7,5.06,12.13,1.59,11.39,24.44,834,1.38,606,9153.04,4.3,57.99,8.58
1,2016-05-01,10,Sunday,1,7,4.33,11.46,1.35,11.37,20.72,960,1.32,726,10093.0,3.8,69.99,11.12
2,2016-05-01,12,Sunday,1,7,4.23,11.12,1.44,11.59,20.22,2392,1.96,1218,16635.19,3.8,70.01,10.81
1,2016-05-01,13,Sunday,1,7,4.14,11.11,1.39,11.77,19.14,1277,1.36,937,12693.14,4.3,69.99,10.42
1,2016-05-01,14,Sunday,1,7,4.11,11.34,1.47,12.17,18.4,1192,1.37,870,12051.64,3.8,69.99,10.72
1,2016-05-01,15,Sunday,1,7,4.31,11.5,1.44,12.09,19.0,1212,1.35,900,12611.44,4.3,70.0,11.17
1,2016-05-01,16,Sunday,1,7,4.24,11.56,1.52,12.7,18.36,1117,1.33,841,11921.51,4.3,69.99,11.15
2,2016-05-01,17,Sunday,1,7,4.49,11.77,1.53,12.81,19.12,2228,2.02,1102,15804.03,3.8,70.01,11.17
2,2016-05-01,19,Sunday,1,7,4.22,11.12,1.6,11.58,19.97,2066,2.05,1007,13843.36,4.3,70.01,10.07
2,2016-05-01,22,Sunday,1,7,5.47,12.78,1.81,11.71,25.17,1241,2.0,619,9985.69,4.3,70.01,11.96
2,2016-05-01,23,Sunday,1,7,6.38,14.0,1.86,12.04,28.07,1129,1.96,575,10085.06,4.8,70.01,13.22
1,2016-05-02,0,Monday,0,1,6.89,14.82,1.83,12.22,29.45,434,1.25,348,6356.18,4.3,70.0,13.25
2,2016-05-02,2,Monday,0,1,5.6,12.85,1.39,10.4,29.71,251,2.09,120,1868.37,4.8,66.96,10.98
2,2016-05-02,4,Monday,0,1,6.64,14.02,1.47,11.2,32.81,223,2.14,104,1806.94,4.8,51.3,11.29
2,2016-05-02,9,Monday,0,1,4.21,12.56,1.84,14.88,15.73,1927,1.92,1002,15617.28,3.8,70.01,11.79
1,2016-05-02,12,Monday,0,1,4.22,12.59,1.68,14.67,15.67,936,1.22,769,11831.35,3.8,70.01,11.65
1,2016-05-02,17,Monday,0,1,3.83,11.36,1.69,13.29,16.3,1052,1.22,865,13049.26,4.8,62.79,9.86
1,2016-05-02,19,Monday,0,1,3.99,10.93,1.75,11.63,18.9,1240,1.19,1042,15259.07,4.8,67.67,8.83
2,2016-05-02,21,Monday,0,1,4.84,11.99,1.65,11.95,22.43,2230,2.05,1086,16389.53,4.3,70.01,10.14
1,2016-05-02,22,Monday,0,1,5.06,12.53,1.91,12.6,22.54,994,1.27,785,12561.03,4.3,69.99,10.16
1,2016-05-02,23,Monday,0,1,5.55,13.23,1.85,12.84,23.76,920,1.34,686,11395.98,4.3,70.34,11.38
1,2016-05-03,0,Tuesday,0,2,5.36,12.85,1.71,12.69,23.2,553,1.27,436,6985.7,4.3,69.99,11.17
2,2016-05-03,2,Tuesday,0,2,5.95,13.29,1.79,12.06,26.9,354,2.17,163,2674.53,4.3,53.76,10.91
2,2016-05-03,4,Tuesday,0,2,6.5,14.18,1.65,12.41,28.74,258,2.11,122,2139.27,4.8,47.3,11.4
2,2016-05-03,9,Tuesday,0,2,3.52,11.79,1.67,15.07,13.62,2240,2.02,1111,16071.79,3.8,62.81,9.55
1,2016-05-03,12,Tuesday,0,2,3.66,12.86,1.65,16.82,12.3,977,1.2,813,12660.31,4.3,66.0,10.95
1,2016-05-03,17,Tuesday,0,2,3.84,12.11,1.72,15.15,14.76,1185,1.24,955,15120.41,4.8,60.99,9.67
1,2016-05-03,19,Tuesday,0,2,3.62,10.69,1.65,12.2,16.85,1242,1.19,1040,14792.82,4.3,57.99,7.95
2,2016-05-03,21,Tuesday,0,2,4.97,12.64,2.0,13.19,21.11,2600,2.03,1283,20719.82,4.3,70.01,10.94
1,2016-05-03,22,Tuesday,0,2,5.04,12.94,1.93,13.8,20.49,1224,1.24,988,16170.35,4.3,69.99,10.29
1,2016-05-03,23,Tuesday,0,2,5.52,13.41,1.93,13.5,23.0,919,1.27,723,12200.57,4.8,68.34,11.0
2,2016-05-04,0,Wednesday,0,3,5.42,12.67,1.8,12.01,25.48,943,2.01,470,7459.43,4.3,64.34,9.74
1,2016-05-04,1,Wednesday,0,3,5.67,13.17,1.76,12.45,25.05,367,1.27,288,4680.65,4.8,51.35,9.65
1,2016-05-04,3,Wednesday,0,3,5.57,12.73,1.62,11.61,27.0,173,1.22,142,2228.37,5.3,47.75,9.66
1,2016-05-04,10,Wednesday,0,3,3.82,12.69,1.82,16.21,13.37,920,1.16,794,12333.18,3.8,64.59,10.25
2,2016-05-04,12,Wednesday,0,3,3.98,13.07,1.73,16.72,13.5,2151,2.0,1075,17087.03,4.3,70.34,10.99
1,2016-05-04,13,Wednesday,0,3,4.07,12.86,1.79,15.83,14.14,1092,1.21,906,14320.17,3.8,70.0,11.53
1,2016-05-04,14,Wednesday,0,3,3.91,12.69,1.55,16.41,13.03,1250,1.2,1045,16065.67,3.8,70.0,10.88
1,2016-05-04,15,Wednesday,0,3,3.57,12.34,1.15,16.35,12.47,1026,1.21,847,12429.76,4.3,70.01,10.22
1,2016-05-04,16,Wednesday,0,3,3.37,11.42,1.67,14.95,13.09,872,1.22,714,10792.68,3.8,65.79,10.11
2,2016-05-04,17,Wednesday,0,3,3.66,12.28,1.84,16.31,13.73,2108,1.99,1059,17096.11,4.8,58.01,9.75
2,2016-05-04,19,Wednesday,0,3,3.88,11.41,1.82,13.68,16.16,2608,1.96,1331,20211.86,5.3,62.76,8.91
2,2016-05-04,22,Wednesday,0,3,5.15,12.88,1.98,13.44,21.9,2471,1.97,1253,20496.33,4.3,70.01,10.34
2,2016-05-04,23,Wednesday,0,3,4.87,12.09,1.95,12.24,22.33,1879,2.03,925,14342.55,4.3,61.56,9.64
1,2016-05-05,0,Thursday,0,4,5.26,12.72,1.91,12.63,23.4,627,1.25,503,8134.44,4.3,69.99,11.31
2,2016-05-05,2,Thursday,0,4,4.95,11.73,1.43,10.48,27.02,456,2.24,204,2956.13,4.8,53.16,8.37
2,2016-05-05,4,Thursday,0,4,6.28,13.72,1.73,11.44,30.66,226,1.98,114,1980.41,4.8,70.0,12.08
2,2016-05-05,9,Thursday,0,4,3.84,12.27,1.73,15.4,14.2,2217,2.05,1082,16289.99,3.8,70.01,10.42
1,2016-05-05,12,Thursday,0,4,3.92,12.82,1.78,16.15,13.5,1095,1.17,939,14746.82,3.8,69.99,11.33
1,2016-05-05,17,Thursday,0,4,3.61,12.06,1.78,15.63,13.69,1210,1.25,966,15225.13,5.3,62.15,9.68
1,2016-05-05,19,Thursday,0,4,3.79,11.41,1.8,13.59,15.93,1503,1.23,1225,18560.19,4.8,64.59,8.65
2,2016-05-05,21,Thursday,0,4,4.82,12.86,1.95,14.43,18.95,2934,2.02,1453,23720.53,4.8,70.01,10.63
1,2016-05-05,22,Thursday,0,4,5.14,13.86,2.23,15.83,18.61,1494,1.27,1175,20687.34,4.8,69.99,11.07
1,2016-05-05,23,Thursday,0,4,5.19,13.46,2.06,14.74,20.18,1336,1.26,1057,17946.52,4.3,69.99,10.84
1,2016-05-06,0,Friday,0,5,5.56,13.75,1.86,14.32,21.74,1103,1.28,860,14711.93,4.3,69.99,11.37
2,2016-05-06,2,Friday,0,5,5.32,12.62,1.57,12.19,24.64,868,2.03,427,6631.78,4.3,53.84,8.98
2,2016-05-06,4,Friday,0,5,7.04,15.07,1.66,12.89,29.67,442,2.15,206,3806.68,4.3,66.34,12.08
2,2016-05-06,9,Friday,0,5,3.72,12.73,1.8,16.81,12.93,2043,1.98,1031,16010.58,3.8,70.01,10.58
1,2016-05-06,12,Friday,0,5,3.88,13.03,1.72,16.96,13.03,1071,1.21,884,13961.56,3.8,70.34,10.25
1,2016-05-06,17,Friday,0,5,3.65,11.98,1.68,15.43,14.08,1213,1.23,985,15421.42,4.8,57.84,9.38
1,2016-05-06,19,Friday,0,5,3.62,11.19,1.67,13.49,15.53,1715,1.29,1329,19559.7,4.8,56.84,8.17
2,2016-05-06,21,Friday,0,5,4.5,12.06,1.68,13.15,19.0,2429,2.01,1211,18438.28,4.3,70.01,10.22
1,2016-05-06,22,Friday,0,5,4.39,12.35,1.77,14.03,17.98,1528,1.41,1083,16864.49,4.3,69.99,9.43
1,2016-05-06,23,Friday,0,5,4.91,13.08,1.82,14.7,19.12,1358,1.36,998,16321.21,4.3,69.99,10.43
2,2016-05-07,0,Saturday,1,6,5.34,13.3,1.92,14.09,21.7,2171,2.0,1088,18191.58,4.3,70.0,10.56
1,2016-05-07,1,Saturday,1,6,4.98,12.41,1.73,12.65,21.76,1089,1.34,815,12665.7,4.3,69.99,9.45
1,2016-05-07,3,Saturday,1,6,5.15,12.31,1.69,11.83,24.09,714,1.4,509,7817.06,4.3,52.8,8.97
1,2016-05-07,10,Saturday,1,6,3.74,10.3,1.26,10.58,20.01,1148,1.3,884,11053.93,3.8,63.35,7.9
2,2016-05-07,12,Saturday,1,6,3.89,11.18,1.38,12.65,17.74,2538,2.04,1245,16818.11,3.8,70.01,8.82
1,2016-05-07,13,Saturday,1,6,3.72,11.12,1.41,12.74,16.8,1571,1.35,1167,15749.56,3.8,70.0,8.71
1,2016-05-07,14,Saturday,1,6,3.94,11.45,1.39,13.14,16.98,1475,1.36,1088,15008.61,3.8,69.99,9.28
1,2016-05-07,15,Saturday,1,6,3.99,11.58,1.37,13.53,16.59,1403,1.37,1025,14253.85,4.3,70.0,9.54
1,2016-05-07,16,Saturday,1,6,3.95,11.5,1.4,13.29,16.97,1360,1.41,965,13445.1,3.8,70.34,9.87
2,2016-05-07,17,Saturday,1,6,4.09,11.6,1.48,13.32,17.84,2221,2.01,1107,15526.44,3.8,70.01,9.5
2,2016-05-07,19,Saturday,1,6,3.69,11.15,1.41,13.12,16.68,2656,2.1,1267,17092.03,4.3,70.01,8.58
2,2016-05-07,22,Saturday,1,6,4.19,11.68,1.6,13.22,18.18,2423,2.0,1212,17800.42,4.3,67.34,8.82
2,2016-05-07,23,Saturday,1,6,4.51,12.26,1.66,13.67,19.4,2528,1.99,1272,19467.15,4.3,70.01,9.02
1,2016-05-08,0,Sunday,1,7,4.4,11.9,1.59,12.93,20.01,1515,1.43,1061,15778.33,4.3,69.99,8.5
2,2016-05-08,2,Sunday,1,7,5.04,12.14,1.62,11.98,23.59,1722,2.13,809,12227.07,4.3,53.29,8.45
2,2016-05-08,4,Sunday,1,7,6.27,14.09,1.52,12.68,27.73,782,2.13,367,6246.92,4.3,66.34,10.68
2,2016-05-08,9,Sunday,1,7,4.3,10.56,1.36,9.39,24.71,1280,1.97,651,8477.33,3.8,70.01,10.45
1,2016-05-08,12,Sunday,1,7,4.06,11.01,1.43,11.71,19.23,1272,1.39,915,12290.54,3.8,69.99,9.36
1,2016-05-08,17,Sunday,1,7,4.44,12.09,1.51,13.54,18.4,1266,1.43,888,13101.4,4.0,70.34,10.9
1,2016-05-08,19,Sunday,1,7,4.31,11.47,1.33,12.52,18.94,1163,1.36,856,11904.4,3.3,70.0,10.15
2,2016-05-08,21,Sunday,1,7,5.12,12.5,1.75,12.98,21.61,1642,1.96,837,13343.51,4.3,71.21,11.8
1,2016-05-08,22,Sunday,1,7,5.43,13.07,1.79,12.91,22.97,894,1.29,692,11412.14,4.3,70.0,12.09
1,2016-05-08,23,Sunday,1,7,6.2,14.06,1.58,12.72,26.45,630,1.29,490,8454.56,4.8,69.99,12.35
1,2016-05-09,2,Monday,0,1,5.72,13.05,1.27,11.54,27.84,156,1.2,130,2037.23,4.8,50.0,8.81
1,2016-05-09,4,Monday,0,1,7.44,15.76,1.74,11.15,33.94,138,1.21,114,2212.5,4.8,69.99,15.79
2,2016-05-09,5,Monday,0,1,7.04,14.64,1.88,11.01,33.31,436,2.11,207,3792.52,4.8,70.01,16.35
2,2016-05-09,6,Monday,0,1,5.04,11.8,1.63,10.54,25.97,953,1.79,533,7798.0,4.3,70.34,12.9
2,2016-05-09,7,Monday,0,1,4.33,11.71,1.7,12.96,19.33,1642,1.91,859,12414.86,4.3,70.01,10.39
2,2016-05-09,8,Monday,0,1,4.03,12.38,1.81,15.27,15.28,1846,1.91,969,14787.57,3.8,65.81,10.76
1,2016-05-09,9,Monday,0,1,3.87,12.09,1.77,14.82,14.7,887,1.12,789,11757.6,3.8,69.99,10.24
2,2016-05-09,11,Monday,0,1,4.37,12.79,1.6,15.14,16.05,1582,1.95,812,12632.41,3.8,70.01,11.91
2,2016-05-09,18,Monday,0,1,3.63,10.95,1.66,12.87,16.61,2521,2.0,1258,18398.66,4.8,63.34,8.59
2,2016-05-09,20,Monday,0,1,4.79,11.92,1.87,11.77,22.26,2146,1.95,1101,16954.9,4.3,70.01,10.67
1,2016-05-09,21,Monday,0,1,4.76,12.01,1.92,12.24,21.79,1122,1.24,904,13944.97,4.3,63.35,9.52
1,2016-05-10,2,Tuesday,0,2,5.41,12.32,1.42,10.91,27.7,181,1.25,145,2191.62,4.3,52.59,9.2
1,2016-05-10,4,Tuesday,0,2,6.35,13.85,1.53,11.3,30.41,108,1.16,93,1595.29,4.8,58.34,11.54
2,2016-05-10,5,Tuesday,0,2,5.53,12.26,1.73,9.43,30.87,316,1.69,187,2933.58,4.8,70.01,13.11
2,2016-05-10,6,Tuesday,0,2,4.27,10.44,1.41,9.56,24.63,1031,2.01,514,6612.72,4.3,70.01,10.0
2,2016-05-10,7,Tuesday,0,2,4.09,11.38,1.65,12.61,18.24,1814,1.93,938,13238.59,3.8,70.01,10.16
2,2016-05-10,8,Tuesday,0,2,3.88,12.2,1.79,15.06,14.67,2300,2.07,1112,16712.07,3.8,70.01,10.28
1,2016-05-10,9,Tuesday,0,2,3.66,12.3,1.8,15.67,13.58,951,1.11,859,12959.84,3.8,69.99,10.16
2,2016-05-10,11,Tuesday,0,2,3.8,12.8,1.72,16.52,13.38,1762,1.98,889,13835.15,4.3,68.21,10.58
2,2016-05-10,18,Tuesday,0,2,3.52,11.17,1.7,13.71,15.5,2575,1.98,1300,19254.81,4.8,56.68,8.04
2,2016-05-10,20,Tuesday,0,2,4.59,11.88,1.82,12.43,20.34,2426,1.92,1266,19274.86,4.3,70.01,10.39
1,2016-05-10,21,Tuesday,0,2,4.68,12.61,1.96,13.71,19.65,1289,1.23,1047,16893.98,5.3,69.99,10.89
1,2016-05-11,2,Wednesday,0,3,4.79,11.3,1.45,10.21,26.52,198,1.19,166,2337.48,4.8,41.15,7.53
1,2016-05-11,4,Wednesday,0,3,6.84,14.52,1.7,11.71,31.41,128,1.15,111,1994.15,4.8,59.0,12.63
2,2016-05-11,5,Wednesday,0,3,5.23,11.69,1.49,8.87,31.51,296,1.86,159,2345.37,3.8,70.01,12.47
2,2016-05-11,6,Wednesday,0,3,4.81,11.41,1.56,10.13,25.53,1023,1.97,519,7333.23,4.3,70.01,12.91
2,2016-05-11,7,Wednesday,0,3,4.2,11.53,1.65,12.87,18.64,1936,1.95,995,14128.11,3.8,68.34,9.7
2,2016-05-11,8,Wednesday,0,3,3.54,11.54,1.64,14.44,14.62,2145,2.03,1059,14927.69,3.8,70.01,8.95
1,2016-05-11,9,Wednesday,0,3,3.7,12.41,1.78,15.84,13.3,962,1.11,870,13283.72,3.8,69.99,10.23
2,2016-05-11,11,Wednesday,0,3,3.8,12.9,1.74,16.77,13.17,1892,2.07,914,14381.95,3.8,70.01,11.02
2,2016-05-11,18,Wednesday,0,3,3.6,11.94,1.77,15.32,14.42,2368,1.99,1187,18591.63,4.8,64.14,9.04
2,2016-05-11,20,Wednesday,0,3,4.59,12.24,1.93,13.38,19.01,2519,1.96,1284,20141.21,4.3,70.01,10.64
1,2016-05-11,21,Wednesday,0,3,4.63,12.39,1.95,13.64,19.23,1299,1.25,1039,16451.84,4.3,69.97,9.64
1,2016-05-12,2,Thursday,0,4,5.15,12.03,1.42,10.91,26.09,278,1.26,221,3277.21,4.3,54.34,8.93
1,2016-05-12,4,Thursday,0,4,6.79,14.43,2.04,11.62,31.7,177,1.18,150,2747.22,4.8,69.99,13.05
2,2016-05-12,5,Thursday,0,4,6.23,13.49,1.85,10.75,30.7,304,1.76,173,2986.01,4.3,70.01,15.54
2,2016-05-12,6,Thursday,0,4,4.69,11.25,1.62,10.33,24.88,1045,1.91,546,7657.27,4.3,70.01,11.22
2,2016-05-12,7,Thursday,0,4,3.91,11.06,1.61,12.46,18.28,1924,2.04,943,12851.96,3.8,65.21,8.7
2,2016-05-12,8,Thursday,0,4,3.71,11.77,1.73,14.62,14.62,2238,1.94,1156,16754.13,4.3,64.01,9.34
1,2016-05-12,9,Thursday,0,4,3.36,11.9,1.77,15.55,12.63,939,1.11,849,12424.43,3.8,68.34,8.98
2,2016-05-12,11,Thursday,0,4,4.02,13.68,1.85,18.1,12.77,1892,2.04,928,15389.33,3.8,70.01,10.84
2,2016-05-12,18,Thursday,0,4,3.8,12.33,1.94,15.95,14.3,2375,1.94,1222,19918.57,5.3,66.36,9.97
2,2016-05-12,20,Thursday,0,4,4.7,12.68,1.93,14.37,18.51,2735,1.98,1384,22390.68,4.3,70.01,10.82
1,2016-05-12,21,Thursday,0,4,4.88,13.34,2.02,15.27,18.31,1475,1.28,1149,19374.42,4.8,71.79,11.11
1,2016-05-13,2,Friday,0,5,5.35,12.4,1.66,11.36,26.59,362,1.17,310,4778.09,4.3,48.35,8.88
1,2016-05-13,4,Friday,0,5,6.12,13.56,1.7,11.58,29.38,248,1.29,192,3241.34,4.8,63.35,11.15
2,2016-05-13,5,Friday,0,5,6.5,13.92,1.95,10.82,31.22,408,2.02,202,3589.19,4.3,70.01,14.73
2,2016-05-13,6,Friday,0,5,5.23,12.16,1.68,10.76,26.28,1016,1.99,511,7712.49,3.8,70.34,12.89
2,2016-05-13,7,Friday,0,5,3.9,10.9,1.59,11.93,18.96,1885,2.03,927,12506.52,3.8,70.01,9.14
2,2016-05-13,8,Friday,0,5,3.57,11.43,1.75,14.0,15.03,2282,2.04,1116,15840.25,4.3,60.84,9.23
1,2016-05-13,9,Friday,0,5,3.63,12.0,1.69,15.04,13.89,1000,1.13,888,13035.29,3.8,64.84,9.49
2,2016-05-13,11,Friday,0,5,4.03,13.39,1.75,17.21,13.66,1713,1.93,886,14379.93,3.8,70.01,11.1
2,2016-05-13,18,Friday,0,5,3.74,12.34,1.87,16.37,13.83,1990,1.97,1009,16280.44,4.8,64.56,9.8
2,2016-05-13,20,Friday,0,5,4.09,11.64,1.73,13.55,17.39,2446,2.05,1195,17710.6,4.8,70.01,8.96
1,2016-05-13,21,Friday,0,5,4.44,12.16,1.76,13.64,17.97,1360,1.35,1011,15599.47,3.8,70.0,10.52
1,2016-05-14,2,Saturday,1,6,4.58,11.53,1.6,11.25,22.61,1006,1.41,713,10341.01,4.3,63.35,8.58
1,2016-05-14,4,Saturday,1,6,6.0,13.54,1.81,11.78,27.83,444,1.29,345,5818.16,4.3,69.99,11.53
2,2016-05-14,5,Saturday,1,6,6.94,14.91,1.49,12.0,31.43,351,2.04,172,3093.28,4.8,63.36,13.61
2,2016-05-14,6,Saturday,1,6,5.81,12.75,1.68,10.21,30.1,485,1.95,249,3938.99,3.8,70.01,14.0
2,2016-05-14,7,Saturday,1,6,5.15,11.88,1.5,9.97,27.91,713,1.95,365,5287.63,4.3,70.01,11.75
2,2016-05-14,8,Saturday,1,6,4.4,10.97,1.42,10.29,23.61,1183,1.89,626,8392.86,4.3,70.01,10.35
1,2016-05-14,9,Saturday,1,6,4.12,11.09,1.3,11.42,20.25,918,1.27,722,9630.44,3.8,70.0,9.0
2,2016-05-14,11,Saturday,1,6,4.02,11.33,1.46,12.6,18.37,2323,2.05,1135,15612.97,3.8,70.01,9.57
2,2016-05-14,18,Saturday,1,6,3.8,12.14,1.6,15.34,15.5,2609,1.97,1323,19338.5,3.8,63.36,8.75
2,2016-05-14,20,Saturday,1,6,3.93,11.71,1.62,13.98,16.62,2331,1.91,1221,17916.97,4.8,70.01,9.18
1,2016-05-14,21,Saturday,1,6,3.92,11.44,1.56,13.3,17.06,1440,1.43,1006,14453.12,4.3,63.35,8.39
1,2016-05-15,2,Sunday,1,7,5.02,12.26,1.62,12.29,23.0,1087,1.38,786,11981.96,4.3,54.3,8.14
1,2016-05-15,4,Sunday,1,7,5.74,13.07,1.52,11.54,27.37,511,1.27,403,6468.67,4.3,58.34,9.89
2,2016-05-15,5,Sunday,1,7,7.26,15.26,1.74,11.68,33.06,422,2.22,190,3583.33,4.8,70.01,14.32
2,2016-05-15,6,Sunday,1,7,7.23,15.16,1.49,11.41,33.22,384,1.88,204,3637.73,4.3,70.01,14.59
2,2016-05-15,7,Sunday,1,7,5.92,13.02,1.36,10.17,30.42,505,1.96,257,4028.6,4.3,68.84,13.83
2,2016-05-15,8,Sunday,1,7,4.95,11.59,1.31,9.9,27.21,1015,2.16,469,6579.17,3.8,70.01,10.61
1,2016-05-15,9,Sunday,1,7,4.4,11.07,1.41,10.3,23.12,844,1.32,638,8635.55,3.8,69.99,10.2
2,2016-05-15,11,Sunday,1,7,4.19,11.24,1.4,11.81,19.94,2430,2.06,1182,16130.14,3.8,70.01,10.11
2,2016-05-15,18,Sunday,1,7,4.44,12.37,1.66,14.31,17.83,2141,2.04,1052,15811.3,4.3,70.01,10.87
2,2016-05-15,20,Sunday,1,7,4.4,11.35,1.63,11.83,20.59,1990,2.02,983,14211.56,4.3,63.36,10.14
1,2016-05-15,21,Sunday,1,7,4.82,12.17,1.81,12.44,21.18,1056,1.36,778,12046.59,4.3,70.0,10.88
1,2016-05-16,2,Monday,0,1,6.25,13.73,1.37,11.83,29.12,176,1.23,143,2367.8,4.8,50.15,9.68
1,2016-05-16,4,Monday,0,1,7.58,15.7,2.12,11.59,33.33,144,1.23,117,2324.11,4.3,69.99,16.04
2,2016-05-16,5,Monday,0,1,7.22,15.25,2.33,11.7,33.07,434,2.07,210,4132.96,4.8,70.01,15.67
2,2016-05-16,6,Monday,0,1,5.08,11.89,1.67,10.51,26.19,1061,1.96,541,7977.21,3.8,70.01,12.74
2,2016-05-16,7,Monday,0,1,4.05,11.04,1.56,11.86,19.27,2009,2.08,968,13211.35,3.8,64.17,9.91
2,2016-05-16,8,Monday,0,1,3.76,11.53,1.67,13.84,15.45,2158,2.07,1043,14818.54,4.3,70.01,9.78
1,2016-05-16,9,Monday,0,1,3.99,12.36,1.81,14.95,14.98,1050,1.16,906,13789.88,3.8,69.99,10.89
2,2016-05-16,11,Monday,0,1,4.22,13.42,1.8,16.88,14.21,1726,2.06,838,13699.95,3.8,70.01,11.74
2,2016-05-16,18,Monday,0,1,3.74,11.47,1.67,14.01,15.72,2521,1.95,1290,19478.45,4.8,59.81,8.5
2,2016-05-16,20,Monday,0,1,4.56,11.59,1.73,11.82,21.19,2614,2.08,1254,18524.77,4.3,70.01,9.84
1,2016-05-16,21,Monday,0,1,4.85,12.27,1.9,12.51,21.43,1354,1.29,1048,16420.9,4.3,69.99,10.18
1,2016-05-17,2,Tuesday,0,2,4.98,11.7,1.25,10.47,26.68,210,1.27,166,2377.79,4.3,41.3,8.12
1,2016-05-17,4,Tuesday,0,2,6.95,14.56,1.32,11.24,32.32,99,1.1,90,1573.24,4.8,65.84,12.11
2,2016-05-17,5,Tuesday,0,2,5.62,12.5,1.73,9.96,30.47,330,1.83,180,2852.65,4.8,68.34,12.34
2,2016-05-17,6,Tuesday,0,2,4.26,10.45,1.48,9.65,24.51,1044,1.96,534,6947.94,4.3,70.01,9.96
2,2016-05-17,7,Tuesday,0,2,4.14,11.44,1.72,12.73,18.61,1928,1.98,974,13825.7,3.8,70.01,10.0
2,2016-05-17,8,Tuesday,0,2,3.82,11.99,1.82,14.78,15.01,2197,2.0,1101,16312.74,3.8,70.01,9.58
1,2016-05-17,9,Tuesday,0,2,3.73,12.33,1.79,15.41,14.01,1053,1.14,926,14032.1,3.8,69.99,10.39
2,2016-05-17,11,Tuesday,0,2,4.26,13.78,1.88,17.5,13.82,1886,2.02,932,15682.18,3.8,70.01,11.83
2,2016-05-17,18,Tuesday,0,2,3.85,11.99,1.84,15.02,15.07,2595,2.02,1286,20378.55,4.8,65.21,9.76
2,2016-05-17,20,Tuesday,0,2,4.71,12.36,1.9,13.49,19.08,2395,1.95,1226,19368.57,4.3,70.01,10.86
1,2016-05-17,21,Tuesday,0,2,4.93,12.73,2.0,13.66,20.02,1493,1.32,1133,18376.38,4.8,70.34,10.37
2,2016-05-18,1,Wednesday,0,3,5.17,12.03,1.63,11.21,26.19,640,1.95,329,4936.47,4.8,56.16,8.41
2,2016-05-18,3,Wednesday,0,3,5.97,13.2,1.75,11.43,29.57,223,1.99,112,1848.3,4.3,52.3,10.42
1,2016-05-18,5,Wednesday,0,3,6.01,13.21,1.66,10.24,30.87,238,1.12,212,3537.7,4.8,69.99,13.95
1,2016-05-18,6,Wednesday,0,3,4.06,10.32,1.52,9.41,23.63,523,1.09,481,6207.72,3.8,69.99,9.74
1,2016-05-18,7,Wednesday,0,3,4.28,11.85,1.72,13.0,18.31,1052,1.15,916,13409.88,3.8,69.99,10.91
1,2016-05-18,8,Wednesday,0,3,3.93,12.4,1.73,15.43,14.43,1191,1.16,1023,15500.34,4.3,69.99,10.29
2,2016-05-18,10,Wednesday,0,3,4.12,13.22,1.79,16.7,14.31,1781,2.03,877,14129.87,4.3,70.01,11.61
1,2016-05-18,11,Wednesday,0,3,3.91,13.22,1.85,16.97,13.51,972,1.21,800,12941.04,3.8,69.99,11.1
2,2016-05-18,13,Wednesday,0,3,4.15,14.37,1.82,18.93,12.73,1728,2.01,859,14868.79,3.8,70.01,12.38
2,2016-05-18,14,Wednesday,0,3,4.07,14.21,1.77,19.02,12.71,1618,1.98,817,13949.33,3.8,70.34,11.5
2,2016-05-18,15,Wednesday,0,3,4.18,14.77,2.02,20.13,12.14,1339,2.1,639,11528.49,3.8,70.01,13.0
2,2016-05-18,16,Wednesday,0,3,4.4,14.83,1.84,20.19,13.34,1188,2.03,585,11042.93,4.8,67.14,12.37
1,2016-05-18,18,Wednesday,0,3,3.64,12.63,1.82,16.81,13.06,1139,1.22,932,15349.21,4.8,65.15,9.86
1,2016-05-18,20,Wednesday,0,3,4.35,12.18,1.88,14.0,17.12,1418,1.23,1151,17971.86,3.8,70.34,10.57
1,2016-05-19,2,Thursday,0,4,5.02,11.74,1.57,10.7,26.62,336,1.23,274,4025.53,3.8,44.15,7.67
1,2016-05-19,4,Thursday,0,4,7.58,16.08,2.09,12.67,33.02,169,1.2,141,2843.8,4.8,67.0,13.09
2,2016-05-19,5,Thursday,0,4,6.3,13.61,1.96,10.27,31.83,372,1.88,198,3436.66,4.8,70.01,15.24
2,2016-05-19,6,Thursday,0,4,5.04,11.82,1.69,10.7,25.46,1030,1.93,535,7894.77,3.8,70.01,13.31
2,2016-05-19,7,Thursday,0,4,3.95,11.08,1.63,12.13,18.75,1913,2.04,936,12802.94,3.8,70.01,9.39
2,2016-05-19,8,Thursday,0,4,3.94,12.15,1.83,14.8,14.94,2194,1.97,1111,16710.77,3.3,70.01,10.57
1,2016-05-19,9,Thursday,0,4,3.64,12.02,1.68,15.07,13.85,1017,1.13,902,13234.99,3.8,67.59,9.26
2,2016-05-19,11,Thursday,0,4,4.02,13.07,1.74,16.79,13.62,1765,1.89,932,14799.95,3.8,70.01,10.34
2,2016-05-19,18,Thursday,0,4,3.65,12.55,1.77,16.64,13.49,2382,2.01,1187,19357.82,4.3,59.81,9.46
2,2016-05-19,20,Thursday,0,4,4.63,12.72,1.86,14.72,17.7,2504,1.95,1287,20786.29,4.3,70.01,10.72
1,2016-05-19,21,Thursday,0,4,4.57,12.68,1.92,14.75,17.74,1523,1.31,1163,18700.18,4.3,69.99,9.97
2,2016-05-20,1,Friday,0,5,5.9,13.75,1.9,13.49,24.8,1114,2.06,541,9262.51,4.3,66.41,10.4
2,2016-05-20,3,Friday,0,5,4.99,11.59,1.47,10.3,27.15,381,1.94,196,2826.46,5.3,53.76,8.96
1,2016-05-20,5,Friday,0,5,6.68,14.39,2.1,11.01,32.09,255,1.12,228,4207.95,5.3,69.99,15.03
1,2016-05-20,6,Friday,0,5,5.34,12.4,1.8,10.79,25.7,507,1.09,467,7249.84,4.3,70.34,13.88
1,2016-05-20,7,Friday,0,5,3.92,10.92,1.58,11.88,18.7,951,1.17,816,11008.19,4.3,68.34,8.96
1,2016-05-20,8,Friday,0,5,4.09,12.3,1.86,14.68,15.34,1048,1.13,928,14115.79,3.8,70.01,10.68
2,2016-05-20,10,Friday,0,5,4.22,13.24,1.72,16.45,14.29,1900,2.05,928,14930.24,3.8,70.01,11.75
1,2016-05-20,11,Friday,0,5,4.14,13.17,1.82,16.46,13.9,945,1.2,789,12711.0,3.8,69.99,11.33
2,2016-05-20,13,Friday,0,5,4.24,13.2,1.64,16.52,14.6,1678,1.93,870,13903.94,3.3,70.01,11.26
2,2016-05-20,14,Friday,0,5,4.32,13.49,1.73,17.35,14.19,1865,2.05,911,14895.68,3.8,70.01,11.87
2,2016-05-20,15,Friday,0,5,3.8,12.86,1.58,17.13,13.16,1647,2.08,793,12273.02,3.8,70.01,10.26
2,2016-05-20,16,Friday,0,5,3.9,12.45,1.66,16.04,14.26,1430,1.97,727,11690.37,4.8,64.84,10.73
1,2016-05-20,18,Friday,0,5,3.53,11.28,1.68,14.06,14.67,1429,1.27,1125,16756.12,4.3,59.79,8.4
1,2016-05-20,20,Friday,0,5,4.38,12.11,1.7,13.65,17.96,1517,1.36,1119,17167.56,4.3,69.99,10.3
2,2016-05-21,1,Saturday,1,6,5.0,12.76,1.67,13.75,20.96,2012,1.98,1014,16043.42,4.3,70.01,9.78
2,2016-05-21,3,Saturday,1,6,5.53,12.89,1.56,12.36,25.2,1225,2.06,594,9428.8,4.3,56.17,9.47
1,2016-05-21,5,Saturday,1,6,7.86,16.61,1.84,13.31,32.46,316,1.25,252,5057.12,4.8,69.99,14.07
1,2016-05-21,6,Saturday,1,6,7.24,15.42,2.02,11.98,31.42,299,1.11,270,5071.32,3.8,69.99,15.99
1,2016-05-21,7,Saturday,1,6,4.89,11.71,1.39,9.96,26.85,355,1.1,323,4584.11,4.3,69.99,11.8
1,2016-05-21,8,Saturday,1,6,4.68,11.5,1.38,10.58,23.66,661,1.19,556,7747.86,3.8,69.99,11.24
2,2016-05-21,10,Saturday,1,6,4.08,11.05,1.41,11.58,19.7,1777,1.9,935,12575.74,3.8,70.01,9.75
1,2016-05-21,11,Saturday,1,6,4.04,11.4,1.51,12.41,17.92,1113,1.32,846,11801.08,3.3,66.34,9.55
2,2016-05-21,13,Saturday,1,6,4.12,12.28,1.38,14.59,16.42,2305,2.04,1128,16506.68,3.8,70.01,10.19
2,2016-05-21,14,Saturday,1,6,4.26,12.52,1.53,14.87,16.66,2244,2.01,1115,16849.35,3.8,70.01,11.26
2,2016-05-21,15,Saturday,1,6,4.2,12.28,1.47,14.39,16.75,2047,2.07,988,14588.56,3.8,70.01,11.23
2,2016-05-21,16,Saturday,1,6,4.2,12.14,1.51,14.28,17.06,1753,1.94,905,13297.51,3.8,70.61,11.08
1,2016-05-21,18,Saturday,1,6,3.65,11.43,1.44,13.93,15.29,1674,1.44,1163,16071.55,3.8,69.99,8.94
1,2016-05-21,20,Saturday,1,6,3.86,11.75,1.54,14.15,16.22,1423,1.43,996,14628.68,4.3,69.99,9.25
2,2016-05-22,1,Sunday,1,7,5.01,12.5,1.61,13.18,22.17,1981,2.01,984,15201.39,4.3,61.84,8.37
2,2016-05-22,3,Sunday,1,7,5.18,12.2,1.67,11.75,24.88,1464,2.11,693,10597.56,3.8,55.0,9.1
1,2016-05-22,5,Sunday,1,7,7.46,16.01,1.78,12.54,31.33,236,1.22,193,3735.87,4.8,69.99,14.9
1,2016-05-22,6,Sunday,1,7,6.71,14.6,1.54,11.35,31.41,222,1.17,189,3269.61,4.3,69.99,13.66
1,2016-05-22,7,Sunday,1,7,6.28,13.81,1.75,10.89,29.57,300,1.19,253,4222.33,3.8,69.99,13.57
1,2016-05-22,8,Sunday,1,7,5.23,12.45,1.25,10.57,26.0,486,1.22,399,5928.93,4.3,69.99,12.09
2,2016-05-22,10,Sunday,1,7,4.34,11.2,1.43,11.08,21.62,1675,1.97,850,11631.48,3.8,70.01,10.4
1,2016-05-22,11,Sunday,1,7,4.25,11.49,1.42,11.87,19.86,1110,1.33,837,11670.82,3.8,69.99,10.02
2,2016-05-22,13,Sunday,1,7,4.4,12.01,1.54,13.14,18.6,2264,2.12,1070,15649.16,3.8,70.01,10.75
2,2016-05-22,14,Sunday,1,7,4.85,13.05,1.68,14.62,17.83,2191,2.11,1037,16526.65,3.8,72.34,12.78
2,2016-05-22,15,Sunday,1,7,4.76,12.89,1.7,14.54,17.98,2107,2.12,993,15652.7,3.8,70.01,12.13
2,2016-05-22,16,Sunday,1,7,4.76,12.73,1.66,14.51,18.09,1888,2.02,936,14529.49,3.8,70.01,11.86
1,2016-05-22,18,Sunday,1,7,4.7,12.75,1.67,14.22,17.98,1215,1.4,868,13521.56,3.8,70.0,11.69
1,2016-05-22,20,Sunday,1,7,5.01,12.56,1.73,12.78,21.16,1118,1.35,829,13194.01,4.3,70.01,12.33
1,2016-05-23,2,Monday,0,1,5.12,11.82,1.33,10.35,27.47,192,1.3,148,2145.41,4.3,37.8,8.27
2,2016-05-23,5,Monday,0,1,6.63,14.0,1.88,10.73,33.02,379,1.7,223,3965.11,4.8,63.36,14.06
2,2016-05-23,6,Monday,0,1,4.96,11.62,1.65,10.39,25.93,1020,1.95,524,7536.22,3.8,70.01,12.4
2,2016-05-23,7,Monday,0,1,4.26,11.41,1.61,12.07,19.98,1667,1.95,854,12051.73,4.3,70.01,10.48
2,2016-05-23,8,Monday,0,1,3.88,11.64,1.7,13.94,15.95,2028,2.0,1014,14500.37,3.8,70.34,9.96
1,2016-05-23,9,Monday,0,1,4.26,12.7,1.83,15.22,15.15,931,1.12,829,12992.88,3.3,71.19,11.94
2,2016-05-23,11,Monday,0,1,4.25,12.43,1.56,14.51,15.9,1512,2.05,736,11154.8,3.8,70.01,11.21
2,2016-05-23,18,Monday,0,1,3.57,10.88,1.58,12.98,16.13,2449,2.03,1207,17327.46,4.8,64.61,8.0
2,2016-05-23,20,Monday,0,1,4.7,11.65,1.76,11.57,22.14,2144,1.99,1079,16119.3,4.3,70.01,10.2
1,2016-05-23,21,Monday,0,1,4.87,12.23,1.9,12.24,21.61,1190,1.29,921,14403.96,3.8,70.01,10.92
2,2016-05-24,1,Tuesday,0,2,5.84,13.38,1.55,11.53,27.74,379,1.97,192,3131.59,4.3,63.36,10.99
2,2016-05-24,3,Tuesday,0,2,6.44,13.84,1.41,11.64,30.35,220,1.96,112,1871.74,4.8,65.34,11.24
1,2016-05-24,5,Tuesday,0,2,6.0,13.1,1.7,10.38,29.98,234,1.07,218,3618.73,4.8,69.99,14.76
1,2016-05-24,6,Tuesday,0,2,4.12,10.42,1.29,9.94,22.96,628,1.1,571,7280.05,3.8,70.0,9.93
1,2016-05-24,7,Tuesday,0,2,3.7,10.71,1.59,12.12,17.47,1078,1.13,955,12636.12,3.8,64.34,8.65
1,2016-05-24,8,Tuesday,0,2,3.43,11.46,1.66,14.54,13.5,1102,1.12,982,13821.41,3.8,70.0,9.49
2,2016-05-24,10,Tuesday,0,2,3.57,12.08,1.7,15.56,13.32,1791,2.02,887,13123.87,3.8,67.84,9.9
1,2016-05-24,11,Tuesday,0,2,3.48,12.51,1.74,16.63,12.21,892,1.17,762,11595.08,4.3,63.35,9.48
2,2016-05-24,13,Tuesday,0,2,4.16,13.05,1.66,16.08,14.53,1734,2.05,846,13394.64,3.8,70.01,11.16
2,2016-05-24,14,Tuesday,0,2,3.9,12.55,1.62,15.86,13.61,1926,2.07,929,14213.09,4.3,70.01,10.76
2,2016-05-24,15,Tuesday,0,2,3.78,12.51,1.57,16.03,13.4,1810,2.02,894,13565.84,4.3,70.01,10.01
2,2016-05-24,16,Tuesday,0,2,3.6,11.7,1.7,14.84,14.14,1607,2.05,784,12070.48,5.3,61.61,9.69
1,2016-05-24,18,Tuesday,0,2,3.63,11.8,1.7,14.82,14.48,1269,1.2,1060,16361.45,4.8,63.35,8.48
1,2016-05-24,20,Tuesday,0,2,4.29,11.49,1.8,12.21,19.34,1232,1.22,1013,14944.15,4.3,65.84,9.11
2,2016-05-25,1,Wednesday,0,3,5.09,11.91,1.47,10.94,26.03,635,2.1,303,4473.57,4.3,57.8,8.74
2,2016-05-25,3,Wednesday,0,3,5.58,12.61,1.57,10.64,28.47,246,2.07,119,1879.43,4.3,68.34,11.5
1,2016-05-25,5,Wednesday,0,3,5.32,11.89,1.52,9.25,30.04,216,1.09,198,2971.29,4.3,70.01,12.66
1,2016-05-25,6,Wednesday,0,3,4.41,10.88,1.56,10.04,24.37,507,1.08,470,6358.43,3.8,70.01,11.09
1,2016-05-25,7,Wednesday,0,3,4.02,11.34,1.68,12.65,18.18,1031,1.13,910,12739.15,3.8,69.99,9.4
1,2016-05-25,8,Wednesday,0,3,3.62,11.51,1.74,14.11,14.43,1114,1.15,967,13772.29,3.8,68.34,9.69
2,2016-05-25,10,Wednesday,0,3,3.86,12.74,1.78,16.17,13.7,1853,2.08,893,13929.96,3.8,70.01,10.85
1,2016-05-25,11,Wednesday,0,3,3.79,13.07,1.68,17.06,12.62,969,1.18,822,13016.98,3.8,63.34,10.27
2,2016-05-25,13,Wednesday,0,3,3.78,12.78,1.73,16.55,13.12,1871,1.99,939,14620.99,3.8,70.01,11.02
2,2016-05-25,14,Wednesday,0,3,3.99,13.17,1.66,17.22,13.25,1984,2.03,976,15494.46,3.8,70.01,11.07
2,2016-05-25,15,Wednesday,0,3,3.96,13.08,1.69,17.3,12.94,1803,2.09,863,13734.19,3.3,70.01,11.32
2,2016-05-25,16,Wednesday,0,3,3.67,12.56,1.74,16.91,13.07,1626,2.1,773,12592.67,4.8,59.81,10.31
1,2016-05-25,18,Wednesday,0,3,3.7,11.96,1.73,15.13,14.13,1260,1.24,1018,15923.32,4.8,64.59,9.16
1,2016-05-25,20,Wednesday,0,3,4.25,11.5,1.75,12.6,18.77,1410,1.25,1127,16601.03,4.3,69.99,9.07
1,2016-05-26,2,Thursday,0,4,5.37,12.62,1.53,11.55,25.6,298,1.26,236,3676.82,4.3,63.36,10.59
1,2016-05-26,4,Thursday,0,4,6.48,14.06,1.62,11.47,30.66,185,1.23,151,2623.3,4.3,63.34,12.2
2,2016-05-26,5,Thursday,0,4,6.13,13.41,1.82,10.32,30.24,363,1.74,209,3546.3,4.8,70.01,15.94
2,2016-05-26,6,Thursday,0,4,4.79,11.44,1.6,10.49,25.08,1046,1.94,540,7659.57,4.3,70.02,12.0
2,2016-05-26,7,Thursday,0,4,3.9,11.26,1.62,12.5,18.12,2017,2.06,978,13573.23,3.8,71.81,9.63
2,2016-05-26,8,Thursday,0,4,3.7,12.13,1.73,15.25,14.83,2154,1.99,1081,16014.65,3.8,63.36,9.51
1,2016-05-26,9,Thursday,0,4,3.43,12.07,1.8,15.6,13.27,908,1.14,796,11778.17,4.3,69.99,9.25
2,2016-05-26,11,Thursday,0,4,3.78,13.15,1.6,17.35,12.88,1868,2.07,903,14245.38,3.8,63.41,10.56
2,2016-05-26,18,Thursday,0,4,3.53,11.6,1.7,14.74,14.24,2254,1.92,1174,17941.0,4.8,67.01,9.03
2,2016-05-26,20,Thursday,0,4,4.28,12.04,1.76,13.68,17.8,2390,1.99,1202,18430.71,4.3,70.01,10.44
1,2016-05-26,21,Thursday,0,4,4.51,12.67,1.84,14.49,17.73,1394,1.28,1093,17481.28,4.3,69.99,10.33
2,2016-05-27,0,Friday,0,5,5.23,12.93,1.81,13.37,22.34,1556,1.92,810,13135.38,3.8,70.01,10.48
1,2016-05-27,1,Friday,0,5,5.01,12.25,1.67,11.71,23.49,583,1.25,466,7141.19,3.8,69.99,10.14
1,2016-05-27,3,Friday,0,5,5.69,12.95,1.57,11.6,27.56,265,1.22,218,3488.56,4.3,56.79,9.43
1,2016-05-27,10,Friday,0,5,3.76,11.91,1.51,14.43,14.52,846,1.18,718,10353.77,3.8,69.99,9.91
2,2016-05-27,12,Friday,0,5,3.85,12.21,1.53,15.12,14.13,1950,2.11,925,13654.81,3.8,70.01,10.67
1,2016-05-27,13,Friday,0,5,4.09,12.65,1.6,15.61,14.65,1121,1.26,887,13596.7,3.8,69.99,11.27
1,2016-05-27,14,Friday,0,5,3.65,12.12,1.48,15.44,13.6,1178,1.26,934,13654.04,3.8,69.99,10.18
1,2016-05-27,15,Friday,0,5,3.5,11.91,1.36,15.36,13.37,1033,1.31,790,11340.7,3.8,68.34,9.9
1,2016-05-27,16,Friday,0,5,3.62,11.51,1.48,14.38,14.86,858,1.3,660,9918.28,4.3,56.19,9.53
2,2016-05-27,17,Friday,0,5,3.85,11.49,1.59,13.62,16.35,1961,2.0,980,14784.65,4.8,69.41,9.9
2,2016-05-27,19,Friday,0,5,3.69,10.77,1.43,12.11,18.17,2237,2.04,1094,15450.53,4.8,62.16,7.73
2,2016-05-27,22,Friday,0,5,4.66,12.46,1.6,13.7,19.21,1931,2.02,958,14881.99,3.8,70.01,9.95
2,2016-05-27,23,Friday,0,5,4.94,12.75,1.66,13.66,20.25,1952,2.01,969,15391.65,4.3,70.01,10.4
1,2016-05-28,0,Saturday,1,6,5.22,13.07,1.63,13.14,22.2,1044,1.42,735,11867.11,3.8,69.99,10.62
2,2016-05-28,2,Saturday,1,6,5.41,12.83,1.55,12.19,25.01,1148,2.08,551,8691.18,4.8,56.76,9.18
2,2016-05-28,4,Saturday,1,6,6.93,14.87,1.59,12.81,30.25,582,2.09,278,5020.36,4.3,70.01,11.17
2,2016-05-28,9,Saturday,1,6,4.43,11.22,1.41,10.91,22.5,1230,2.04,602,8247.9,3.8,70.01,9.87
1,2016-05-28,12,Saturday,1,6,3.55,10.58,1.16,11.66,18.22,1051,1.41,744,9418.09,3.8,69.99,8.14
1,2016-05-28,17,Saturday,1,6,3.94,11.16,1.12,12.11,18.93,1210,1.47,822,10899.21,4.3,69.99,8.91
1,2016-05-28,19,Saturday,1,6,3.83,11.12,1.25,12.17,18.04,1245,1.5,831,11127.68,4.3,69.99,8.87
2,2016-05-28,21,Saturday,1,6,4.47,11.73,1.33,12.42,20.09,1771,2.09,848,12329.86,4.3,70.01,9.58
1,2016-05-28,22,Saturday,1,6,4.22,11.51,1.47,12.36,19.3,1156,1.47,786,11273.24,4.3,67.09,8.78
1,2016-05-28,23,Saturday,1,6,4.64,12.13,1.35,12.8,20.63,1155,1.48,781,11635.61,4.3,61.55,8.94
2,2016-05-29,0,Sunday,1,7,4.82,11.96,1.47,12.15,22.54,1700,2.1,811,11994.91,4.3,64.01,9.08
1,2016-05-29,1,Sunday,1,7,5.32,12.72,1.42,12.3,24.12,835,1.38,604,9376.73,4.3,69.99,9.33
1,2016-05-29,3,Sunday,1,7,5.4,12.57,1.29,11.62,25.54,599,1.41,426,6479.47,4.3,61.55,9.32
1,2016-05-29,10,Sunday,1,7,4.4,11.12,1.22,10.32,23.38,761,1.36,558,7449.18,4.3,69.99,10.0
2,2016-05-29,12,Sunday,1,7,4.25,11.12,1.27,11.18,21.22,1690,2.03,831,11099.67,3.8,70.01,10.08
1,2016-05-29,13,Sunday,1,7,4.29,11.39,1.23,11.66,20.21,1103,1.45,761,10346.05,3.8,67.0,10.03
1,2016-05-29,14,Sunday,1,7,4.7,12.63,1.27,13.27,19.35,1140,1.47,776,11593.93,4.0,69.99,11.64
1,2016-05-29,15,Sunday,1,7,4.61,12.22,1.23,13.04,19.34,1107,1.54,719,10456.13,3.8,70.34,11.04
1,2016-05-29,16,Sunday,1,7,4.38,11.84,1.37,12.73,19.46,970,1.51,642,9220.61,3.8,69.99,10.52
2,2016-05-29,17,Sunday,1,7,5.02,12.88,1.53,13.65,20.41,1890,2.12,891,13790.58,3.8,70.01,11.56
2,2016-05-29,19,Sunday,1,7,4.36,11.54,1.36,11.9,20.68,1662,2.03,818,11390.95,3.8,70.01,10.11
2,2016-05-29,22,Sunday,1,7,4.98,12.16,1.62,12.22,22.77,1532,2.07,739,11275.31,4.3,70.01,10.42
2,2016-05-29,23,Sunday,1,7,5.17,12.4,1.68,12.01,23.66,1641,1.97,833,12957.62,4.3,70.01,11.17
2,2016-05-30,1,Monday,0,1,5.39,12.64,1.31,12.58,23.33,1142,2.08,549,8403.07,4.3,66.36,9.54
2,2016-05-30,3,Monday,0,1,5.97,13.36,1.55,12.02,26.74,426,1.95,219,3591.89,4.3,70.01,11.56
1,2016-05-30,5,Monday,0,1,6.54,14.1,1.23,11.61,30.84,114,1.14,100,1701.02,5.3,69.99,13.79
1,2016-05-30,6,Monday,0,1,6.58,13.92,1.48,10.54,31.84,168,1.14,148,2456.73,3.8,69.99,13.7
1,2016-05-30,7,Monday,0,1,7.07,15.17,1.55,11.03,31.19,253,1.21,209,3776.92,4.3,70.34,16.45
1,2016-05-30,8,Monday,0,1,6.59,14.11,1.91,10.96,30.83,267,1.28,209,3638.46,3.8,69.99,15.24
2,2016-05-30,10,Monday,0,1,5.24,12.12,1.46,10.1,26.97,1086,2.13,509,7494.16,4.2,70.01,12.52
1,2016-05-30,11,Monday,0,1,4.57,11.21,1.31,10.08,24.04,732,1.43,511,6944.31,3.8,70.01,10.92
2,2016-05-30,13,Monday,0,1,4.85,11.74,1.34,10.93,23.6,1533,2.01,762,10810.8,3.8,70.01,11.54
2,2016-05-30,14,Monday,0,1,5.39,12.86,1.59,12.13,23.32,1608,2.06,780,12255.2,3.8,70.01,13.77
2,2016-05-30,15,Monday,0,1,5.15,12.41,1.53,11.98,22.59,1689,2.11,800,12103.58,3.8,70.01,12.98
2,2016-05-30,16,Monday,0,1,5.08,12.43,1.67,12.25,22.31,1742,2.1,830,12719.95,3.8,70.01,13.13
1,2016-05-30,18,Monday,0,1,4.91,12.18,1.62,11.72,22.11,1022,1.35,759,11338.81,3.8,69.99,12.11
1,2016-05-30,20,Monday,0,1,5.2,12.37,1.73,11.4,23.92,835,1.36,614,9616.4,4.8,69.99,12.21
1,2016-05-31,0,Tuesday,0,2,6.57,14.43,1.7,12.32,29.0,377,1.27,297,5239.35,4.8,70.01,11.82
2,2016-05-31,2,Tuesday,0,2,5.08,11.66,0.96,10.26,28.16,230,1.87,123,1716.93,4.3,53.8,8.15
2,2016-05-31,4,Tuesday,0,2,6.85,14.29,1.28,11.17,33.75,206,2.04,101,1753.76,4.8,46.3,11.57
2,2016-05-31,9,Tuesday,0,2,4.41,12.88,1.84,15.19,15.78,1920,2.0,959,15250.31,3.8,70.01,12.37
1,2016-05-31,12,Tuesday,0,2,4.07,12.72,1.55,15.28,14.61,951,1.23,775,11950.81,4.3,69.99,11.29
1,2016-05-31,17,Tuesday,0,2,3.61,11.39,1.61,13.97,15.03,933,1.24,751,11246.85,4.8,62.19,9.39
1,2016-05-31,19,Tuesday,0,2,3.91,10.97,1.64,11.96,18.29,1120,1.22,917,13341.6,4.8,64.55,8.86
2,2016-05-31,21,Tuesday,0,2,4.86,12.21,1.87,12.47,21.43,1972,2.0,987,15466.83,4.3,70.01,10.9
1,2016-05-31,22,Tuesday,0,2,4.94,12.28,1.87,12.31,21.95,974,1.27,765,11989.44,4.8,70.01,10.52
1,2016-05-31,23,Tuesday,0,2,5.09,12.43,1.72,12.23,22.9,687,1.25,551,8616.81,4.3,63.34,9.88
2,2016-06-01,0,Wednesday,0,3,6.22,13.9,1.77,12.45,26.93,832,2.01,413,7093.43,4.3,70.01,12.02
1,2016-06-01,1,Wednesday,0,3,5.79,13.1,1.79,11.65,27.58,272,1.19,228,3735.41,4.3,63.35,10.72
1,2016-06-01,3,Wednesday,0,3,6.75,14.77,1.2,12.27,30.49,126,1.12,113,1967.96,4.8,55.84,11.09
1,2016-06-01,10,Wednesday,0,3,4.11,13.15,1.72,16.69,13.46,874,1.2,729,11616.95,4.3,70.34,11.35
2,2016-06-01,12,Wednesday,0,3,4.08,13.52,1.69,17.35,13.22,1864,2.06,905,14776.15,3.8,70.01,11.41
1,2016-06-01,13,Wednesday,0,3,3.92,13.37,1.61,17.46,12.63,1001,1.23,816,13121.85,3.8,70.0,11.48
1,2016-06-01,14,Wednesday,0,3,3.6,12.6,1.55,16.68,12.11,1033,1.21,856,13007.3,3.8,69.99,10.08
1,2016-06-01,15,Wednesday,0,3,3.32,12.25,1.54,16.33,11.77,967,1.23,786,11669.76,4.3,69.99,9.83
1,2016-06-01,16,Wednesday,0,3,3.47,12.25,1.52,16.52,12.37,810,1.24,653,10243.87,4.8,59.15,9.33
2,2016-06-01,17,Wednesday,0,3,3.97,13.28,1.82,17.97,13.08,1963,2.05,956,16337.33,4.8,63.41,10.55
2,2016-06-01,19,Wednesday,0,3,3.63,11.46,1.7,14.06,15.28,2404,2.02,1191,17945.04,4.8,63.96,8.71
2,2016-06-01,22,Wednesday,0,3,5.0,12.69,1.95,13.41,20.85,2387,2.0,1196,19261.02,4.3,70.01,10.5
2,2016-06-01,23,Wednesday,0,3,5.31,12.98,1.93,13.3,22.49,1931,2.05,942,15467.84,4.3,70.01,10.31
2,2016-06-02,1,Thursday,0,4,5.99,13.56,1.64,12.16,27.75,662,2.02,328,5437.73,4.3,70.01,10.04
2,2016-06-02,3,Thursday,0,4,5.39,12.35,1.43,10.82,28.33,260,2.1,124,1896.49,4.8,58.34,9.11
1,2016-06-02,5,Thursday,0,4,6.53,14.44,1.93,10.78,31.09,207,1.09,190,3455.41,4.3,70.34,16.24
1,2016-06-02,6,Thursday,0,4,4.64,11.22,1.55,10.17,24.48,503,1.07,471,6547.74,3.3,70.34,11.27
1,2016-06-02,7,Thursday,0,4,3.93,11.08,1.66,12.3,17.99,890,1.1,807,11094.04,3.8,69.99,9.69
1,2016-06-02,8,Thursday,0,4,3.68,11.82,1.74,14.81,14.24,1070,1.12,958,13938.85,3.8,69.99,9.61
2,2016-06-02,10,Thursday,0,4,3.9,12.6,1.7,15.9,13.96,1751,1.97,890,13680.4,3.8,71.81,10.38
1,2016-06-02,11,Thursday,0,4,3.41,12.29,1.61,16.22,12.46,982,1.2,820,12194.68,3.8,70.0,9.13
2,2016-06-02,13,Thursday,0,4,4.14,13.46,1.7,17.04,13.51,1908,2.1,907,14733.52,3.8,70.01,11.62
2,2016-06-02,14,Thursday,0,4,3.94,13.05,1.81,17.14,12.87,1989,2.09,951,15192.55,3.8,70.01,11.48
2,2016-06-02,15,Thursday,0,4,3.72,12.52,1.63,16.64,12.86,1784,2.01,889,13495.13,3.8,58.61,10.46
2,2016-06-02,16,Thursday,0,4,3.72,12.43,1.69,16.38,13.39,1612,2.02,800,12958.11,5.3,65.34,10.47
1,2016-06-02,18,Thursday,0,4,3.57,11.83,1.76,15.1,13.85,1301,1.27,1024,15939.5,4.3,63.99,9.17
1,2016-06-02,20,Thursday,0,4,4.42,12.16,1.8,13.57,18.04,1373,1.23,1120,17319.25,4.3,72.34,10.69
1,2016-06-03,0,Friday,0,5,5.31,13.11,1.84,13.44,22.21,925,1.24,748,12278.32,3.8,63.35,10.37
2,2016-06-03,2,Friday,0,5,5.03,11.91,1.37,11.19,25.39,586,1.93,304,4445.19,4.8,64.56,8.72
2,2016-06-03,4,Friday,0,5,7.18,15.46,1.44,11.77,32.06,315,2.07,152,2827.38,4.8,70.01,15.03
2,2016-06-03,9,Friday,0,5,3.7,12.43,1.78,16.18,13.25,2039,2.0,1020,15535.39,3.8,70.01,10.37
1,2016-06-03,12,Friday,0,5,3.93,12.77,1.71,15.94,13.64,979,1.22,800,12422.87,4.3,69.99,10.34
1,2016-06-03,17,Friday,0,5,3.52,11.73,1.67,15.14,13.81,1044,1.31,794,12200.22,4.8,66.34,9.44
1,2016-06-03,19,Friday,0,5,3.67,11.09,1.68,13.0,15.97,1491,1.31,1141,16688.06,4.8,59.34,8.38
2,2016-06-03,21,Friday,0,5,4.71,12.58,1.76,13.82,19.21,2102,1.95,1079,17056.76,3.8,70.01,10.15
1,2016-06-03,22,Friday,0,5,4.68,12.85,1.76,14.45,18.77,1425,1.39,1025,16421.55,4.3,68.34,9.57
1,2016-06-03,23,Friday,0,5,5.04,13.44,1.91,15.12,19.02,1573,1.41,1113,18721.16,4.3,70.34,10.68
2,2016-06-04,1,Saturday,1,6,4.7,11.87,1.61,12.25,22.13,1887,1.94,974,14478.81,4.3,68.34,8.36
2,2016-06-04,3,Saturday,1,6,5.27,12.46,1.69,11.76,25.0,1101,2.03,543,8424.29,4.3,63.36,9.13
1,2016-06-04,5,Saturday,1,6,6.41,14.0,1.53,11.38,30.9,218,1.18,185,3172.52,3.8,69.99,11.95
1,2016-06-04,6,Saturday,1,6,5.58,12.49,1.48,10.04,29.37,241,1.12,215,3247.21,4.3,69.99,13.08
1,2016-06-04,7,Saturday,1,6,4.72,11.37,1.45,10.05,25.85,439,1.13,388,5384.52,4.3,69.99,10.38
1,2016-06-04,8,Saturday,1,6,4.45,11.34,1.28,10.5,23.16,565,1.18,480,6544.33,3.8,69.99,10.63
2,2016-06-04,10,Saturday,1,6,4.23,11.3,1.48,11.8,20.2,1938,2.11,919,12693.76,3.8,70.01,9.69
1,2016-06-04,11,Saturday,1,6,4.06,11.26,1.4,12.07,18.62,1113,1.31,847,11543.77,3.8,69.99,9.65
2,2016-06-04,13,Saturday,1,6,4.01,11.56,1.39,13.2,17.31,2407,2.1,1144,15967.87,3.8,70.34,10.23
2,2016-06-04,14,Saturday,1,6,4.28,12.29,1.51,14.15,17.15,2235,2.05,1092,16182.72,3.8,70.01,11.21
2,2016-06-04,15,Saturday,1,6,4.25,12.15,1.46,14.21,17.11,2141,2.01,1063,15519.65,4.3,70.01,10.44
2,2016-06-04,16,Saturday,1,6,4.4,12.5,1.47,14.43,17.43,1784,1.96,908,13599.36,3.8,70.01,11.05
1,2016-06-04,18,Saturday,1,6,3.81,11.81,1.41,14.45,15.73,1580,1.42,1109,15755.97,3.8,69.99,9.05
1,2016-06-04,20,Saturday,1,6,3.97,11.72,1.45,14.0,16.01,1486,1.44,1035,15128.02,4.3,69.99,9.28
1,2016-06-05,2,Sunday,1,7,4.66,11.7,1.65,11.67,22.6,1060,1.42,748,10993.33,4.8,61.34,8.25
1,2016-06-05,4,Sunday,1,7,5.98,13.46,1.54,12.16,27.57,549,1.43,385,6307.26,4.3,63.35,9.34
2,2016-06-05,5,Sunday,1,7,6.76,14.4,1.21,11.86,32.48,382,2.2,174,2990.81,4.8,63.36,11.69
2,2016-06-05,6,Sunday,1,7,6.68,14.17,1.37,10.49,32.64,313,2.01,156,2598.03,4.3,70.01,14.45
2,2016-06-05,7,Sunday,1,7,6.0,13.09,1.42,10.12,31.19,512,2.01,255,4026.73,3.8,70.01,13.32
2,2016-06-05,8,Sunday,1,7,5.06,11.84,1.64,10.03,26.51,840,1.78,471,6908.76,3.8,70.01,12.41
1,2016-06-05,9,Sunday,1,7,4.44,11.14,1.36,10.45,23.5,700,1.27,553,7482.99,3.3,63.35,9.67
2,2016-06-05,11,Sunday,1,7,3.82,11.39,1.42,13.35,16.71,2334,2.08,1124,15534.28,3.8,70.01,9.74
2,2016-06-05,18,Sunday,1,7,4.09,11.71,1.59,13.61,16.82,2351,2.03,1158,16554.43,3.8,70.01,10.91
2,2016-06-05,20,Sunday,1,7,4.92,12.25,1.77,12.43,21.34,1368,1.96,698,10888.94,4.3,70.01,11.59
1,2016-06-05,21,Sunday,1,7,5.09,12.19,1.67,11.76,23.2,778,1.29,602,9281.26,4.3,69.99,10.33
1,2016-06-06,0,Monday,0,1,7.24,15.33,2.09,12.3,30.74,502,1.3,385,7466.23,4.3,69.99,13.98
2,2016-06-06,2,Monday,0,1,6.8,14.48,1.4,11.96,30.97,296,1.85,160,2758.82,4.3,70.01,11.69
2,2016-06-06,4,Monday,0,1,7.9,16.2,2.08,12.45,34.3,206,2.06,100,2028.37,4.8,52.8,12.65
2,2016-06-06,9,Monday,0,1,4.32,13.22,1.89,16.26,15.05,1776,1.93,919,14907.56,3.8,70.01,11.62
1,2016-06-06,12,Monday,0,1,4.03,12.68,1.59,15.64,14.28,969,1.21,798,12221.42,3.8,69.99,10.64
1,2016-06-06,17,Monday,0,1,3.85,12.0,1.63,14.77,14.88,1009,1.28,790,12374.45,5.3,63.39,9.96
1,2016-06-06,19,Monday,0,1,3.88,10.89,1.72,11.77,18.59,1241,1.21,1026,14904.14,4.3,58.8,8.75
2,2016-06-06,21,Monday,0,1,5.08,12.43,1.79,12.42,22.56,2363,1.97,1198,18876.34,4.3,70.01,10.74
1,2016-06-06,22,Monday,0,1,5.02,12.51,1.84,12.73,22.4,1105,1.27,870,13779.21,3.8,69.99,10.09
1,2016-06-06,23,Monday,0,1,5.19,12.78,1.82,12.46,23.27,756,1.27,597,9587.77,4.3,69.99,10.9
2,2016-06-07,1,Tuesday,0,2,5.14,12.06,1.42,10.91,27.04,459,1.92,239,3561.17,4.8,58.01,8.64
2,2016-06-07,3,Tuesday,0,2,5.78,12.75,1.33,10.39,30.97,138,1.7,81,1261.74,5.3,63.34,10.16
1,2016-06-07,5,Tuesday,0,2,6.41,13.84,1.79,10.8,31.5,230,1.12,206,3583.16,4.3,69.99,14.16
1,2016-06-07,6,Tuesday,0,2,4.77,11.45,1.78,10.28,24.49,475,1.1,431,6220.85,3.8,69.99,12.18
1,2016-06-07,7,Tuesday,0,2,3.81,11.05,1.65,12.44,17.69,924,1.12,825,11310.89,3.8,69.99,9.24
1,2016-06-07,8,Tuesday,0,2,3.83,12.6,1.78,16.0,13.85,1056,1.12,940,14447.7,3.8,68.34,10.09
2,2016-06-07,10,Tuesday,0,2,3.88,13.04,1.67,16.98,13.35,1891,2.07,912,14377.39,3.8,70.01,10.49
1,2016-06-07,11,Tuesday,0,2,3.79,13.06,1.77,17.0,12.48,1007,1.23,817,12930.17,4.3,68.34,10.97
2,2016-06-07,13,Tuesday,0,2,4.2,13.28,1.62,16.7,13.76,2046,2.05,996,15993.0,3.8,70.61,11.54
2,2016-06-07,14,Tuesday,0,2,4.11,13.29,1.68,17.03,13.38,1894,1.97,960,15450.2,3.8,70.01,11.78
2,2016-06-07,15,Tuesday,0,2,3.59,12.5,1.58,16.72,12.31,1815,2.03,894,13486.64,3.8,70.01,9.99
2,2016-06-07,16,Tuesday,0,2,3.66,12.18,1.75,15.97,13.41,1700,2.01,845,13514.96,4.3,64.34,10.48
1,2016-06-07,18,Tuesday,0,2,3.58,11.57,1.81,14.6,14.52,1294,1.23,1050,16115.18,4.8,62.15,8.66
1,2016-06-07,20,Tuesday,0,2,4.47,11.46,1.75,11.56,21.01,1259,1.24,1018,15010.14,4.8,69.99,10.06
2,2016-06-08,0,Wednesday,0,3,5.25,12.51,1.82,12.24,24.3,1397,2.12,659,10398.13,4.3,70.01,9.97
1,2016-06-08,1,Wednesday,0,3,5.12,11.98,1.67,10.86,26.69,442,1.25,354,5342.96,4.3,49.55,8.74
1,2016-06-08,3,Wednesday,0,3,5.11,11.8,1.37,10.47,27.51,162,1.24,131,1895.2,4.8,44.3,8.24
1,2016-06-08,10,Wednesday,0,3,3.41,11.85,1.68,15.21,12.65,981,1.16,843,12240.92,3.8,69.99,9.53
2,2016-06-08,12,Wednesday,0,3,3.37,13.31,1.77,18.53,11.0,2343,2.07,1133,18204.03,3.8,70.01,10.4
1,2016-06-08,13,Wednesday,0,3,2.93,12.72,1.63,18.14,9.9,1228,1.25,986,15088.76,3.8,64.34,9.79
1,2016-06-08,14,Wednesday,0,3,3.07,13.08,1.52,18.88,10.3,987,1.22,812,12631.81,3.8,55.59,9.38
1,2016-06-08,15,Wednesday,0,3,3.25,13.48,1.72,19.45,10.34,867,1.28,677,11041.78,3.8,58.55,10.49
1,2016-06-08,16,Wednesday,0,3,3.11,12.92,1.69,18.34,11.13,565,1.19,473,7817.87,4.8,63.99,10.0
2,2016-06-08,17,Wednesday,0,3,3.18,12.65,1.71,17.53,12.22,1489,2.06,723,11764.79,4.8,56.05,9.54
2,2016-06-08,19,Wednesday,0,3,3.58,11.83,1.79,15.03,14.37,2321,2.03,1141,17746.22,4.8,59.76,9.0
2,2016-06-08,22,Wednesday,0,3,5.27,13.46,2.05,14.52,20.97,2418,2.01,1201,20458.72,4.3,68.34,10.93
2,2016-06-08,23,Wednesday,0,3,5.06,12.68,1.96,13.03,22.02,2028,1.96,1034,16699.12,4.3,70.01,10.86
2,2016-06-09,0,Thursday,0,4,5.65,13.38,1.86,13.02,24.56,1483,2.01,736,12293.88,4.3,68.34,10.86
1,2016-06-09,1,Thursday,0,4,5.12,12.09,1.56,11.28,24.71,442,1.25,355,5350.51,4.3,64.55,9.56
1,2016-06-09,3,Thursday,0,4,6.3,13.72,1.57,11.46,30.55,184,1.19,154,2584.92,5.8,63.35,10.54
1,2016-06-09,10,Thursday,0,4,3.83,12.62,1.8,16.1,13.28,1031,1.18,875,13581.52,3.8,65.79,10.8
2,2016-06-09,12,Thursday,0,4,3.98,13.2,1.69,16.89,13.2,1981,2.07,957,15352.45,4.3,70.01,11.2
1,2016-06-09,13,Thursday,0,4,4.53,14.16,1.81,17.78,13.74,1113,1.22,912,15627.19,3.8,70.01,12.35
1,2016-06-09,14,Thursday,0,4,3.79,13.04,1.67,17.08,12.68,1028,1.23,837,13208.8,3.8,70.34,11.22
1,2016-06-09,15,Thursday,0,4,3.91,13.73,1.87,18.75,12.19,956,1.24,769,12903.2,3.8,69.99,11.69
1,2016-06-09,16,Thursday,0,4,3.74,13.23,1.9,18.06,12.51,820,1.25,655,11277.03,4.8,63.34,10.97
2,2016-06-09,17,Thursday,0,4,3.73,13.22,1.97,18.0,12.92,1656,1.91,867,14948.8,4.8,62.81,11.11
2,2016-06-09,19,Thursday,0,4,3.87,11.77,1.91,14.31,15.49,2373,1.98,1199,18762.24,4.8,70.01,9.33
2,2016-06-09,22,Thursday,0,4,5.18,13.9,2.12,15.97,18.99,2448,2.02,1211,21181.78,4.3,70.01,10.91
2,2016-06-09,23,Thursday,0,4,5.28,13.8,2.1,15.28,20.18,2282,1.98,1152,20054.79,4.3,70.01,11.74
1,2016-06-10,2,Friday,0,5,5.38,12.66,1.6,12.02,25.39,449,1.27,353,5509.43,4.8,55.3,9.59
1,2016-06-10,4,Friday,0,5,7.37,15.78,1.76,13.21,30.38,221,1.33,166,3183.8,4.8,70.01,13.79
2,2016-06-10,5,Friday,0,5,7.0,14.92,1.86,11.69,31.56,366,2.03,180,3378.86,4.3,70.01,15.53
2,2016-06-10,6,Friday,0,5,5.2,12.06,1.66,10.69,25.99,937,1.99,470,6999.98,3.8,70.01,13.24
2,2016-06-10,7,Friday,0,5,3.87,10.69,1.54,11.6,19.11,1862,2.0,931,12290.69,3.8,70.01,9.34
2,2016-06-10,8,Friday,0,5,3.77,11.35,1.6,13.39,16.07,2054,1.97,1042,14503.73,4.3,63.36,9.21
1,2016-06-10,9,Friday,0,5,3.64,11.83,1.68,14.78,14.13,997,1.13,883,12786.6,3.8,70.34,9.07
2,2016-06-10,11,Friday,0,5,4.22,13.05,1.61,15.91,14.38,1878,1.98,949,14984.46,4.3,70.01,11.72
2,2016-06-10,18,Friday,0,5,3.82,11.87,1.63,14.84,15.15,2486,2.07,1202,18602.52,4.8,71.21,9.26
2,2016-06-10,20,Friday,0,5,4.44,11.78,1.6,12.62,19.37,2117,1.91,1108,16539.21,4.3,70.01,9.96
1,2016-06-10,21,Friday,0,5,4.49,11.98,1.7,12.98,19.2,1397,1.35,1032,15683.19,4.3,70.0,10.04
2,2016-06-11,0,Saturday,1,6,4.74,12.52,1.74,13.68,19.98,2399,2.01,1196,18744.71,4.3,70.01,9.41
1,2016-06-11,1,Saturday,1,6,4.64,11.95,1.56,12.45,21.33,1217,1.43,854,12702.53,4.3,57.95,8.29
1,2016-06-11,3,Saturday,1,6,5.48,12.72,1.54,11.87,25.69,782,1.41,555,8700.21,4.8,58.34,8.94
1,2016-06-11,10,Saturday,1,6,4.02,10.88,1.34,11.23,19.94,865,1.3,663,8773.89,4.3,69.99,9.11
2,2016-06-11,12,Saturday,1,6,4.0,11.75,1.4,13.61,16.93,1880,1.93,974,13771.01,3.8,70.01,9.87
1,2016-06-11,13,Saturday,1,6,3.76,11.43,1.36,13.17,16.42,1202,1.38,869,11914.09,3.8,69.99,9.48
1,2016-06-11,14,Saturday,1,6,4.05,11.82,1.35,13.54,16.67,1185,1.42,837,11829.56,3.8,69.99,10.26
1,2016-06-11,15,Saturday,1,6,3.84,11.73,1.36,13.98,16.0,1172,1.4,837,11775.58,4.3,69.99,9.32
1,2016-06-11,16,Saturday,1,6,3.63,11.0,1.24,12.82,16.21,1140,1.43,795,10521.53,3.8,69.99,8.88
2,2016-06-11,17,Saturday,1,6,4.06,11.88,1.38,13.77,17.33,2129,2.01,1057,15084.96,3.8,70.01,9.91
2,2016-06-11,19,Saturday,1,6,3.89,11.72,1.5,13.76,17.33,2252,2.09,1077,15253.05,3.8,70.01,8.93
2,2016-06-11,22,Saturday,1,6,4.33,11.56,1.52,12.58,19.45,2118,1.88,1125,16294.77,4.3,70.01,8.76
2,2016-06-11,23,Saturday,1,6,4.5,11.96,1.63,13.01,19.52,2386,1.97,1211,18172.48,4.3,70.01,9.07
1,2016-06-12,2,Sunday,1,7,4.75,11.79,1.48,11.78,22.94,1021,1.38,740,10824.51,4.3,58.34,8.05
1,2016-06-12,4,Sunday,1,7,6.21,13.97,1.44,12.21,27.9,457,1.31,349,5857.33,4.3,63.35,10.58
2,2016-06-12,5,Sunday,1,7,7.53,15.87,1.53,12.91,31.95,344,2.08,165,3157.66,4.8,70.01,13.68
2,2016-06-12,6,Sunday,1,7,7.72,16.27,1.97,11.88,34.53,404,2.26,179,3514.35,4.3,70.01,16.74
2,2016-06-12,7,Sunday,1,7,5.87,12.77,1.28,10.02,31.41,525,2.12,248,3777.42,4.3,70.01,13.12
2,2016-06-12,8,Sunday,1,7,5.73,12.93,1.52,10.82,28.0,824,2.03,406,6367.83,3.8,70.01,12.44
1,2016-06-12,9,Sunday,1,7,4.96,11.92,1.4,10.77,24.34,639,1.35,474,6881.69,3.8,69.99,11.65
2,2016-06-12,11,Sunday,1,7,4.64,12.13,1.53,12.62,20.39,1746,2.02,864,12794.96,3.8,70.01,10.75
2,2016-06-12,18,Sunday,1,7,4.75,12.47,1.59,13.46,19.21,1959,1.95,1004,15239.18,4.3,70.01,12.07
2,2016-06-12,20,Sunday,1,7,4.87,11.9,1.68,11.59,22.7,1596,2.06,774,11733.76,4.3,70.01,11.33
1,2016-06-12,21,Sunday,1,7,4.57,11.45,1.54,11.46,22.02,967,1.31,740,10732.32,4.3,69.99,10.4
1,2016-06-13,2,Monday,0,1,5.94,13.17,1.57,11.36,28.9,207,1.23,168,2698.73,4.8,44.8,9.75
1,2016-06-13,4,Monday,0,1,8.36,17.33,1.86,13.75,34.0,143,1.28,112,2365.33,5.3,69.99,13.87
2,2016-06-13,5,Monday,0,1,6.79,14.22,1.95,11.07,32.9,380,2.0,190,3442.97,5.3,70.01,14.17
2,2016-06-13,6,Monday,0,1,5.68,12.83,1.81,11.29,27.26,1044,2.19,477,7573.15,4.3,70.01,14.39
2,2016-06-13,7,Monday,0,1,4.51,11.66,1.74,12.31,20.5,1649,2.0,825,12004.97,4.3,70.01,11.69
2,2016-06-13,8,Monday,0,1,4.09,11.85,1.72,13.82,16.62,1935,1.95,991,14534.1,4.3,70.01,10.36
1,2016-06-13,9,Monday,0,1,4.11,12.03,1.74,13.98,15.64,900,1.14,788,11748.01,3.8,70.01,11.4
2,2016-06-13,11,Monday,0,1,4.66,13.12,1.72,15.07,16.49,1580,2.01,785,12646.2,3.8,70.01,12.69
2,2016-06-13,18,Monday,0,1,4.02,11.75,1.73,13.61,17.21,2473,1.97,1254,19444.58,4.8,62.21,9.32
2,2016-06-13,20,Monday,0,1,4.77,11.52,1.84,10.71,23.9,1951,1.92,1014,15214.02,4.3,70.01,10.99
1,2016-06-13,21,Monday,0,1,4.54,11.43,1.78,11.22,22.32,1084,1.22,886,13020.24,4.3,69.99,9.63
2,2016-06-14,0,Tuesday,0,2,5.75,13.04,1.73,11.91,27.03,1053,2.06,510,8311.25,4.3,68.34,10.24
1,2016-06-14,1,Tuesday,0,2,6.19,13.73,1.67,12.01,27.93,307,1.24,248,4174.28,4.3,69.99,11.4
1,2016-06-14,3,Tuesday,0,2,5.67,12.84,1.27,11.02,28.44,126,1.16,109,1695.64,4.3,69.99,10.18
1,2016-06-14,10,Tuesday,0,2,3.96,12.78,1.68,16.19,13.63,980,1.21,811,12605.32,3.8,69.99,10.91
2,2016-06-14,12,Tuesday,0,2,3.95,12.81,1.74,16.23,13.68,1792,2.02,887,13890.25,3.8,70.01,10.98
1,2016-06-14,13,Tuesday,0,2,4.08,13.0,1.64,16.16,13.7,1006,1.24,813,12771.27,3.8,69.99,11.61
1,2016-06-14,14,Tuesday,0,2,4.07,12.87,1.67,15.84,14.09,1076,1.25,861,13518.49,3.8,69.99,11.61
1,2016-06-14,15,Tuesday,0,2,3.44,11.87,1.53,15.38,12.95,1082,1.29,838,12149.03,3.8,70.0,9.48
1,2016-06-14,16,Tuesday,0,2,3.72,12.55,1.74,16.48,13.44,856,1.26,680,11091.43,4.8,62.79,9.83
2,2016-06-14,17,Tuesday,0,2,3.79,12.44,1.69,16.21,13.96,1824,1.95,933,15032.06,4.8,67.01,10.03
2,2016-06-14,19,Tuesday,0,2,3.94,11.31,1.73,13.0,17.24,2533,2.04,1241,18642.0,4.3,62.0,9.02
2,2016-06-14,22,Tuesday,0,2,5.0,12.86,1.95,13.84,20.96,2351,1.95,1204,19544.06,4.3,70.01,10.23
2,2016-06-14,23,Tuesday,0,2,5.06,12.6,1.71,12.94,22.52,1724,2.05,841,13270.1,4.3,70.01,9.96
1,2016-06-15,2,Wednesday,0,3,5.77,13.03,1.72,11.17,28.07,197,1.17,168,2711.99,4.3,69.99,10.83
1,2016-06-15,4,Wednesday,0,3,5.76,12.85,1.14,10.79,29.87,120,1.15,104,1612.33,4.8,52.8,10.91
2,2016-06-15,5,Wednesday,0,3,6.7,14.31,1.62,11.57,30.63,332,1.93,172,3053.37,4.3,70.01,13.78
2,2016-06-15,6,Wednesday,0,3,4.41,10.71,1.49,9.8,25.04,1051,1.98,531,7058.63,4.3,70.01,10.88
2,2016-06-15,7,Wednesday,0,3,3.93,10.98,1.59,12.18,18.79,1736,1.96,886,12017.79,3.8,70.01,9.32
2,2016-06-15,8,Wednesday,0,3,3.94,12.32,1.83,15.42,14.95,2140,2.06,1037,15715.81,4.3,70.01,10.11
1,2016-06-15,9,Wednesday,0,3,3.64,12.18,1.79,15.52,13.45,971,1.12,864,12960.13,3.8,69.99,10.36
2,2016-06-15,11,Wednesday,0,3,3.81,12.91,1.72,16.78,13.26,1980,2.05,966,15172.95,3.8,68.34,10.35
2,2016-06-15,18,Wednesday,0,3,3.7,12.1,1.79,15.49,14.06,2470,1.98,1249,19788.04,4.8,61.84,9.23
2,2016-06-15,20,Wednesday,0,3,4.58,11.76,1.8,12.31,20.42,2372,2.02,1175,17711.44,4.3,70.01,10.14
1,2016-06-15,21,Wednesday,0,3,4.69,12.23,1.88,13.09,20.1,1423,1.26,1128,17636.37,4.3,70.0,10.08
2,2016-06-16,1,Thursday,0,4,4.91,11.62,1.52,10.96,25.57,753,1.97,383,5548.35,4.3,47.19,8.1
2,2016-06-16,3,Thursday,0,4,6.38,13.78,1.53,11.87,29.66,277,1.86,149,2486.69,4.8,63.36,10.66
1,2016-06-16,5,Thursday,0,4,5.51,12.32,1.75,9.62,29.68,192,1.07,180,2830.99,4.8,70.0,14.12
1,2016-06-16,6,Thursday,0,4,3.77,9.72,1.43,9.1,22.23,614,1.06,580,7081.24,3.8,69.99,10.23
1,2016-06-16,7,Thursday,0,4,3.5,10.32,1.49,11.55,17.24,985,1.1,898,11488.62,3.8,68.34,8.79
1,2016-06-16,8,Thursday,0,4,3.4,11.24,1.7,13.85,14.28,1092,1.13,965,13400.31,4.3,70.34,9.08
2,2016-06-16,10,Thursday,0,4,3.72,12.17,1.55,15.5,14.01,1819,2.0,909,13391.46,3.8,63.41,9.37
1,2016-06-16,11,Thursday,0,4,3.52,12.06,1.63,15.51,12.86,937,1.19,787,11572.46,4.3,69.99,9.74
2,2016-06-16,13,Thursday,0,4,3.8,12.47,1.65,15.82,13.38,2012,2.03,993,15113.69,3.8,70.01,10.82
2,2016-06-16,14,Thursday,0,4,3.85,13.04,1.71,16.94,12.59,1894,2.04,929,14733.71,3.8,70.01,11.17
2,2016-06-16,15,Thursday,0,4,3.88,13.26,1.81,17.65,12.44,1725,2.07,834,13480.65,3.8,70.01,11.12
2,2016-06-16,16,Thursday,0,4,3.76,13.12,1.83,17.62,12.94,1200,1.94,618,10489.25,4.8,62.84,10.49
1,2016-06-16,18,Thursday,0,4,3.76,12.41,1.76,15.86,14.24,1202,1.23,976,15752.87,4.8,65.75,9.69
1,2016-06-16,20,Thursday,0,4,4.33,11.74,1.79,12.81,18.71,1278,1.28,1000,15066.53,4.8,70.34,10.26
1,2016-06-17,2,Friday,0,5,5.25,12.28,1.61,11.37,25.68,474,1.31,363,5555.48,4.8,62.8,8.98
1,2016-06-17,4,Friday,0,5,6.3,13.8,1.65,11.55,29.4,239,1.24,192,3287.75,4.8,69.99,11.84
2,2016-06-17,5,Friday,0,5,6.97,14.71,2.1,11.86,31.54,436,2.06,212,3955.02,3.8,70.01,14.37
2,2016-06-17,6,Friday,0,5,5.34,12.25,1.85,10.7,26.61,1041,2.13,488,7522.65,3.8,71.96,13.99
2,2016-06-17,7,Friday,0,5,4.16,11.15,1.59,11.4,20.71,1662,1.97,843,11613.76,3.8,70.01,9.78
2,2016-06-17,8,Friday,0,5,3.84,11.62,1.71,13.89,15.84,2003,1.97,1015,14570.05,3.8,70.01,9.44
1,2016-06-17,9,Friday,0,5,4.01,12.6,1.71,15.44,14.28,1001,1.16,865,13333.49,3.8,69.99,10.9
2,2016-06-17,11,Friday,0,5,4.14,12.99,1.65,16.17,14.13,2002,2.09,960,15143.24,3.8,70.01,11.54
2,2016-06-17,18,Friday,0,5,3.81,11.95,1.67,14.9,15.11,2254,2.06,1096,17142.49,4.8,68.81,9.69
2,2016-06-17,20,Friday,0,5,4.16,11.36,1.66,12.25,19.1,1872,1.94,965,13985.7,4.8,70.01,9.83
1,2016-06-17,21,Friday,0,5,4.36,11.77,1.68,12.75,19.47,1383,1.37,1010,15087.37,4.3,69.99,9.06
2,2016-06-18,0,Saturday,1,6,4.69,12.92,1.73,14.82,19.03,2174,2.02,1078,17298.16,3.8,70.01,9.42
1,2016-06-18,1,Saturday,1,6,4.85,12.52,1.65,13.43,20.83,1161,1.42,820,12760.29,3.8,69.99,9.08
1,2016-06-18,3,Saturday,1,6,5.63,13.02,1.71,12.2,25.92,766,1.4,547,8810.26,4.3,54.39,9.15
1,2016-06-18,10,Saturday,1,6,4.24,11.64,1.53,12.37,19.3,889,1.31,680,9645.32,3.8,70.0,10.31
2,2016-06-18,12,Saturday,1,6,4.02,11.67,1.46,13.33,17.46,2122,2.01,1054,14931.51,3.8,70.01,9.95
1,2016-06-18,13,Saturday,1,6,4.13,12.05,1.43,13.83,16.86,1143,1.42,804,11660.24,4.3,69.99,10.6
1,2016-06-18,14,Saturday,1,6,3.86,11.53,1.32,13.36,16.76,1073,1.35,796,10939.62,3.8,70.0,8.98
1,2016-06-18,15,Saturday,1,6,3.84,11.5,1.3,13.58,16.37,1064,1.35,788,10856.5,3.8,63.99,9.15
1,2016-06-18,16,Saturday,1,6,3.87,11.77,1.35,14.02,16.26,1059,1.39,762,10746.66,3.8,70.0,9.16
2,2016-06-18,17,Saturday,1,6,4.09,12.04,1.46,14.38,16.9,1943,2.03,957,13840.41,3.8,70.01,9.83
2,2016-06-18,19,Saturday,1,6,3.91,11.47,1.42,13.31,17.48,2077,2.04,1020,14092.31,4.3,70.01,8.46
2,2016-06-18,22,Saturday,1,6,4.32,11.66,1.49,12.95,19.3,1971,1.94,1017,14771.85,4.3,63.36,8.46
2,2016-06-18,23,Saturday,1,6,4.66,12.29,1.64,13.6,19.58,2093,1.94,1081,16588.43,4.3,62.14,8.98
2,2016-06-19,1,Sunday,1,7,5.07,12.41,1.68,12.52,23.21,1717,2.02,848,13159.02,4.3,65.34,8.95
2,2016-06-19,3,Sunday,1,7,5.67,12.84,1.58,11.76,26.9,1078,2.09,516,8133.56,4.3,59.75,9.4
1,2016-06-19,5,Sunday,1,7,6.72,14.47,1.24,11.53,31.58,199,1.32,151,2610.39,5.3,68.34,11.65
1,2016-06-19,6,Sunday,1,7,6.78,14.63,1.7,10.48,33.01,202,1.23,164,2903.46,3.8,68.34,15.04
1,2016-06-19,7,Sunday,1,7,5.75,12.7,1.41,9.51,31.11,283,1.2,236,3630.61,3.8,70.34,13.09
1,2016-06-19,8,Sunday,1,7,4.69,11.29,1.34,9.16,26.89,408,1.24,328,4515.6,4.3,70.55,11.67
2,2016-06-19,10,Sunday,1,7,4.36,10.82,1.3,10.17,23.82,1535,2.11,728,9584.73,4.3,60.8,9.5
1,2016-06-19,11,Sunday,1,7,4.15,10.83,1.48,10.61,21.34,950,1.39,684,9154.18,3.8,70.0,9.99
2,2016-06-19,13,Sunday,1,7,4.79,12.08,1.46,12.52,20.71,1891,2.13,887,13031.04,3.8,70.01,12.06
2,2016-06-19,14,Sunday,1,7,4.55,11.85,1.49,12.75,19.6,1819,2.06,883,12748.41,3.8,70.01,11.86
2,2016-06-19,15,Sunday,1,7,4.83,12.41,1.47,13.44,19.71,1687,2.12,796,11946.49,3.8,70.01,12.19
2,2016-06-19,16,Sunday,1,7,4.96,12.68,1.49,13.68,20.3,1646,2.04,807,12394.7,3.8,70.01,12.25
1,2016-06-19,18,Sunday,1,7,4.51,11.72,1.48,12.33,19.88,1068,1.38,773,11093.3,3.8,69.99,11.67
1,2016-06-19,20,Sunday,1,7,5.09,12.26,1.72,11.98,22.84,1044,1.35,771,12018.63,4.3,69.99,12.2
2,2016-06-20,0,Monday,0,1,6.39,14.15,1.87,11.91,29.34,755,1.99,380,6707.02,4.8,70.01,12.77
1,2016-06-20,1,Monday,0,1,5.91,13.19,1.3,11.25,28.57,244,1.24,196,3115.48,4.8,68.34,10.82
1,2016-06-20,3,Monday,0,1,7.34,15.5,1.62,12.15,33.05,120,1.2,100,1857.48,5.3,69.99,12.93
1,2016-06-20,10,Monday,0,1,4.15,12.56,1.66,15.09,15.2,808,1.19,680,10440.39,3.8,70.0,11.2
2,2016-06-20,12,Monday,0,1,4.21,12.38,1.61,14.51,15.85,1761,2.11,833,12627.03,3.8,70.01,11.61
1,2016-06-20,13,Monday,0,1,4.11,12.32,1.68,14.64,15.28,959,1.25,770,11603.31,3.8,70.34,11.62
1,2016-06-20,14,Monday,0,1,4.04,12.14,1.55,14.35,15.19,1031,1.27,815,12078.82,4.3,70.34,11.83
1,2016-06-20,15,Monday,0,1,3.68,11.61,1.47,14.19,14.97,973,1.27,766,10860.82,3.8,69.99,9.92
1,2016-06-20,16,Monday,0,1,3.74,11.32,1.67,13.53,16.0,886,1.29,689,10319.73,4.8,60.99,9.7
2,2016-06-20,17,Monday,0,1,3.8,11.57,1.59,14.09,15.98,1892,1.92,983,14897.49,4.8,60.41,9.14
2,2016-06-20,19,Monday,0,1,3.96,10.9,1.65,11.88,18.89,2167,1.96,1106,16038.09,4.8,66.34,8.5
2,2016-06-20,22,Monday,0,1,5.21,12.65,1.94,12.55,23.09,1956,2.04,959,15478.33,4.3,70.01,11.05
2,2016-06-20,23,Monday,0,1,5.59,13.29,1.89,12.67,24.89,1448,1.96,737,12364.77,4.8,70.01,11.74
1,2016-06-21,0,Tuesday,0,2,5.34,12.55,1.68,11.75,25.12,500,1.27,395,6247.26,4.8,69.99,10.78
2,2016-06-21,2,Tuesday,0,2,6.03,13.4,1.49,11.71,28.8,298,2.06,145,2371.4,4.3,49.84,9.29
2,2016-06-21,4,Tuesday,0,2,8.1,16.56,1.31,12.1,35.82,179,1.97,91,1802.2,5.3,70.01,15.08
2,2016-06-21,9,Tuesday,0,2,3.58,11.7,1.64,14.66,14.08,1989,2.06,967,13887.63,3.8,70.01,9.95
1,2016-06-21,12,Tuesday,0,2,3.78,12.27,1.65,15.26,13.91,1028,1.22,840,12555.35,3.8,69.99,10.6
1,2016-06-21,17,Tuesday,0,2,3.67,11.79,1.69,14.69,14.71,1045,1.22,854,13166.82,4.8,58.34,9.1
1,2016-06-21,19,Tuesday,0,2,3.63,10.58,1.65,11.85,17.43,1261,1.23,1028,14511.87,4.8,72.34,7.9
2,2016-06-21,21,Tuesday,0,2,4.76,11.89,1.77,12.18,21.78,2331,2.03,1147,17385.35,4.3,70.01,9.84
1,2016-06-21,22,Tuesday,0,2,4.81,12.22,1.84,12.72,20.99,1176,1.26,932,14489.15,4.3,64.17,10.01
1,2016-06-21,23,Tuesday,0,2,5.15,12.79,1.84,12.82,22.4,1000,1.31,761,12236.93,4.3,69.99,10.6
2,2016-06-22,1,Wednesday,0,3,5.08,11.83,1.49,10.89,26.12,619,1.97,315,4620.36,4.3,54.96,8.69
2,2016-06-22,3,Wednesday,0,3,5.84,13.06,1.47,11.5,28.91,222,2.13,104,1668.73,4.8,55.38,9.99
1,2016-06-22,5,Wednesday,0,3,5.87,12.85,1.92,9.73,30.74,227,1.11,204,3369.85,4.8,69.99,14.76
1,2016-06-22,6,Wednesday,0,3,4.56,11.01,1.49,9.89,24.92,510,1.07,475,6453.63,3.8,70.34,11.42
1,2016-06-22,7,Wednesday,0,3,3.95,10.99,1.7,11.9,18.62,815,1.1,741,10160.34,4.3,70.01,10.06
1,2016-06-22,8,Wednesday,0,3,3.71,11.68,1.73,14.23,15.15,1042,1.17,891,12816.5,3.8,58.34,9.08
2,2016-06-22,10,Wednesday,0,3,3.96,12.54,1.7,15.64,14.35,1933,2.02,957,14672.67,3.3,70.01,10.41
1,2016-06-22,11,Wednesday,0,3,3.81,12.32,1.64,15.64,14.02,1043,1.2,867,12987.05,4.3,71.21,10.6
2,2016-06-22,13,Wednesday,0,3,4.08,12.88,1.73,16.07,14.27,2000,2.1,953,15000.49,3.8,70.01,11.04
2,2016-06-22,14,Wednesday,0,3,4.22,13.0,1.7,16.31,14.07,1864,2.04,914,14518.3,4.3,70.01,12.32
2,2016-06-22,15,Wednesday,0,3,3.92,12.91,1.73,16.64,13.54,1743,2.08,837,13245.11,3.8,70.01,11.72
2,2016-06-22,16,Wednesday,0,3,3.46,12.32,1.73,16.54,13.32,1426,2.13,670,10737.15,4.8,68.34,10.22
1,2016-06-22,18,Wednesday,0,3,3.32,11.92,1.74,16.01,12.94,1101,1.19,924,14348.02,4.8,57.99,8.5
1,2016-06-22,20,Wednesday,0,3,4.23,11.73,1.81,13.1,18.47,1236,1.26,981,14744.18,4.8,70.34,9.6
2,2016-06-23,0,Thursday,0,4,5.27,12.69,1.73,12.6,23.94,1359,2.02,673,10679.76,4.8,70.01,9.99
1,2016-06-23,1,Thursday,0,4,5.05,12.05,1.67,11.34,24.83,391,1.2,326,4910.77,4.8,58.55,8.91
1,2016-06-23,3,Thursday,0,4,5.34,12.31,1.52,10.91,27.55,201,1.27,158,2423.68,4.8,44.79,9.02
1,2016-06-23,10,Thursday,0,4,3.88,12.51,1.7,15.39,14.02,981,1.17,839,12806.77,4.3,69.99,10.39
2,2016-06-23,12,Thursday,0,4,3.74,12.25,1.57,15.52,13.61,1882,2.05,916,13597.31,3.8,70.01,10.23
1,2016-06-23,13,Thursday,0,4,4.05,12.91,1.68,16.18,13.75,1079,1.25,864,13559.67,3.8,69.99,11.46
1,2016-06-23,14,Thursday,0,4,3.95,12.82,1.71,16.39,13.45,1062,1.24,856,13362.4,3.8,70.0,10.93
1,2016-06-23,15,Thursday,0,4,3.55,12.04,1.54,15.6,12.86,1014,1.24,818,11995.51,3.8,70.01,10.34
1,2016-06-23,16,Thursday,0,4,3.51,11.99,1.69,15.83,13.36,823,1.25,660,10360.55,4.55,62.8,9.95
2,2016-06-23,17,Thursday,0,4,3.81,12.33,1.72,15.87,14.25,1958,1.98,987,15877.43,4.8,63.96,10.06
2,2016-06-23,19,Thursday,0,4,4.03,11.58,1.76,13.31,17.13,2634,2.0,1320,20182.38,4.8,59.21,9.04
2,2016-06-23,22,Thursday,0,4,4.58,12.26,1.86,13.71,19.26,2554,1.97,1296,20194.03,4.3,62.81,9.48
2,2016-06-23,23,Thursday,0,4,5.14,12.9,1.99,13.76,21.38,2140,1.98,1082,17715.72,4.3,70.01,9.96
2,2016-06-24,0,Friday,0,5,5.28,12.77,1.96,12.76,23.09,1717,1.94,884,14298.84,4.3,70.01,10.41
1,2016-06-24,1,Friday,0,5,5.54,13.0,1.76,12.04,25.03,678,1.22,555,9025.5,3.8,70.3,10.64
1,2016-06-24,3,Friday,0,5,5.38,12.5,1.71,11.28,26.88,281,1.22,230,3598.77,4.3,69.99,10.28
1,2016-06-24,10,Friday,0,5,3.85,12.4,1.66,15.13,14.12,896,1.21,740,11163.73,4.3,69.99,10.29
2,2016-06-24,12,Friday,0,5,4.15,12.63,1.62,15.4,14.88,1759,1.94,907,13953.48,3.8,70.01,11.34
1,2016-06-24,13,Friday,0,5,4.08,12.52,1.56,15.27,14.67,1033,1.26,819,12405.19,3.8,69.99,11.28
1,2016-06-24,14,Friday,0,5,3.84,12.71,1.63,16.29,13.74,1070,1.26,847,13051.05,3.8,69.99,10.74
1,2016-06-24,15,Friday,0,5,3.52,12.46,1.47,16.76,12.8,959,1.28,749,11259.46,3.8,63.35,10.05
1,2016-06-24,16,Friday,0,5,3.45,12.06,1.64,16.04,13.17,779,1.31,594,9340.41,4.8,61.55,10.14
2,2016-06-24,17,Friday,0,5,3.88,12.77,1.86,16.82,14.18,1846,2.05,902,15026.98,5.3,60.41,10.59
2,2016-06-24,19,Friday,0,5,3.87,11.6,1.64,13.83,16.47,2347,2.04,1149,17434.02,4.8,63.36,9.27
2,2016-06-24,22,Friday,0,5,4.95,13.04,1.8,14.42,19.36,2281,1.94,1175,19174.55,3.8,70.01,10.4
2,2016-06-24,23,Friday,0,5,4.66,12.5,1.72,14.06,19.09,2535,2.01,1259,19711.83,4.3,64.34,9.33
1,2016-06-25,0,Saturday,1,6,5.0,13.3,1.9,14.94,18.91,1375,1.38,993,16532.75,4.8,69.99,10.17
2,2016-06-25,2,Saturday,1,6,5.05,12.26,1.65,12.2,23.34,1690,1.99,851,12989.76,4.3,61.01,8.46
2,2016-06-25,4,Saturday,1,6,6.24,13.93,1.55,12.82,27.28,724,2.06,352,5948.97,4.3,58.34,9.71
2,2016-06-25,9,Saturday,1,6,4.25,11.22,1.37,11.63,20.73,1456,1.99,733,9971.02,3.8,70.01,9.59
1,2016-06-25,12,Saturday,1,6,4.04,11.7,1.35,13.41,17.04,1177,1.38,852,11977.16,3.3,69.99,9.78
1,2016-06-25,17,Saturday,1,6,4.38,12.88,1.57,15.47,16.48,1284,1.49,863,13361.82,4.3,69.99,10.94
1,2016-06-25,19,Saturday,1,6,3.65,11.06,1.31,12.86,16.67,1345,1.45,925,12331.89,4.3,69.99,8.16
2,2016-06-25,21,Saturday,1,6,4.36,11.47,1.42,12.4,19.64,2055,2.01,1024,14660.3,4.3,70.01,9.31
1,2016-06-25,22,Saturday,1,6,4.39,12.2,1.51,14.2,17.88,1405,1.46,963,14538.28,4.3,63.36,8.88
1,2016-06-25,23,Saturday,1,6,4.83,13.18,1.67,15.46,17.99,1478,1.48,1002,16275.16,4.3,63.8,9.46
2,2016-06-26,1,Sunday,1,7,5.02,12.53,1.69,13.08,21.9,1899,1.94,981,15320.05,4.3,70.01,8.98
2,2016-06-26,3,Sunday,1,7,5.89,13.38,1.84,12.39,26.66,1244,2.1,591,9848.51,4.8,70.01,10.18
1,2016-06-26,5,Sunday,1,7,7.05,15.52,1.67,11.88,32.14,246,1.24,198,3729.62,4.8,69.99,13.56
1,2016-06-26,6,Sunday,1,7,6.21,13.48,1.77,10.54,31.42,206,1.25,165,2732.38,4.3,69.99,13.24
1,2016-06-26,7,Sunday,1,7,5.47,12.65,1.35,9.85,29.6,296,1.19,248,3787.19,3.8,68.34,12.55
1,2016-06-26,8,Sunday,1,7,4.9,11.91,1.46,10.65,25.01,489,1.27,385,5571.86,3.8,69.34,11.24
2,2016-06-26,10,Sunday,1,7,4.32,11.25,1.39,11.32,21.66,1625,2.08,780,10676.37,3.8,67.61,9.82
1,2016-06-26,11,Sunday,1,7,4.4,11.71,1.46,12.19,20.54,898,1.36,658,9330.79,3.8,63.35,9.34
2,2016-06-26,13,Sunday,1,7,4.88,13.26,1.53,14.85,18.96,1768,2.04,865,13803.41,3.8,70.01,12.5
2,2016-06-26,14,Sunday,1,7,4.87,13.49,1.56,15.22,18.5,1706,2.0,851,13809.8,3.8,70.01,12.64
2,2016-06-26,15,Sunday,1,7,4.8,13.31,1.6,15.14,18.39,1716,2.13,806,12939.89,3.3,70.01,12.29
2,2016-06-26,16,Sunday,1,7,5.2,14.02,1.71,15.84,19.07,1515,2.02,751,12724.8,3.3,70.01,12.88
1,2016-06-26,18,Sunday,1,7,4.62,13.72,1.65,16.15,17.66,966,1.44,671,11068.42,3.8,70.01,11.53
1,2016-06-26,20,Sunday,1,7,5.29,13.22,1.76,13.64,21.36,892,1.37,651,10790.8,4.8,70.34,12.17
2,2016-06-27,0,Monday,0,1,6.21,14.1,1.76,13.12,26.44,1121,2.1,534,9325.74,4.3,70.01,11.94
1,2016-06-27,1,Monday,0,1,5.31,12.37,1.38,11.29,25.78,445,1.3,341,5191.24,4.3,54.0,9.07
1,2016-06-27,3,Monday,0,1,6.29,13.74,1.41,11.84,28.98,198,1.26,157,2592.94,3.8,62.8,10.72
1,2016-06-27,10,Monday,0,1,3.95,12.11,1.63,14.56,14.95,907,1.25,724,10760.88,3.3,69.99,10.86
2,2016-06-27,12,Monday,0,1,4.5,12.94,1.6,15.01,16.13,1693,2.01,841,13224.88,3.8,70.01,11.82
1,2016-06-27,13,Monday,0,1,4.23,12.52,1.51,14.72,15.23,1077,1.27,847,12841.01,3.8,69.99,11.44
1,2016-06-27,14,Monday,0,1,4.43,12.77,1.55,15.12,15.63,1067,1.31,815,12598.55,4.3,69.99,12.23
1,2016-06-27,15,Monday,0,1,3.95,12.01,1.38,14.56,15.26,1058,1.28,827,11969.02,4.3,69.99,9.76
1,2016-06-27,16,Monday,0,1,3.8,11.46,1.56,13.72,15.79,883,1.23,716,10749.8,4.8,62.79,9.77
2,2016-06-27,17,Monday,0,1,3.7,11.18,1.69,13.32,16.09,1921,1.94,991,14723.59,4.8,58.56,9.27
2,2016-06-27,19,Monday,0,1,3.83,10.51,1.6,11.32,19.2,2431,1.97,1235,17341.0,4.8,64.3,8.33
2,2016-06-27,22,Monday,0,1,4.67,11.91,1.81,12.41,20.5,2116,1.92,1103,16785.96,4.3,70.01,10.42
2,2016-06-27,23,Monday,0,1,5.21,12.84,1.74,13.29,21.4,1646,1.95,845,13570.57,4.3,70.01,11.6
2,2016-06-28,0,Tuesday,0,2,5.69,13.08,1.6,12.46,24.39,1043,2.04,511,8279.99,4.3,70.01,11.85
1,2016-06-28,1,Tuesday,0,2,5.49,12.45,1.44,10.7,27.31,236,1.16,203,3103.93,4.3,69.99,10.48
1,2016-06-28,3,Tuesday,0,2,5.93,13.23,1.12,11.31,28.49,111,1.25,89,1404.23,4.3,43.84,9.45
1,2016-06-28,10,Tuesday,0,2,3.65,12.05,1.56,15.17,14.11,890,1.16,766,11214.61,3.8,69.99,9.55
2,2016-06-28,12,Tuesday,0,2,4.1,12.68,1.69,15.64,14.26,1887,2.06,917,14192.91,3.8,70.01,11.83
1,2016-06-28,13,Tuesday,0,2,3.78,12.15,1.64,14.94,14.1,938,1.22,767,11353.61,3.8,69.99,10.56
1,2016-06-28,14,Tuesday,0,2,3.97,12.5,1.6,15.53,14.02,1071,1.28,840,12746.26,3.8,70.0,11.18
1,2016-06-28,15,Tuesday,0,2,3.81,12.11,1.55,15.06,14.23,1034,1.28,807,11986.65,3.8,69.99,10.47
1,2016-06-28,16,Tuesday,0,2,3.7,12.02,1.64,15.1,14.7,842,1.24,678,10635.82,4.8,65.19,9.77
2,2016-06-28,17,Tuesday,0,2,3.68,11.67,1.68,14.57,14.85,1703,1.86,918,14084.28,4.8,69.41,9.3
2,2016-06-28,19,Tuesday,0,2,3.93,11.05,1.77,12.44,18.06,2245,1.97,1137,16808.45,5.04,66.41,8.67
2,2016-06-28,22,Tuesday,0,2,5.14,12.96,1.35,14.82,19.82,1894,1.99,950,14999.54,4.8,70.01,10.49
2,2016-06-28,23,Tuesday,0,2,5.43,13.33,1.89,13.45,22.91,1438,1.95,738,12327.99,4.8,70.01,10.99
1,2016-06-29,0,Wednesday,0,3,6.0,13.83,1.78,12.91,25.3,562,1.22,459,7875.86,4.3,69.99,11.71
2,2016-06-29,2,Wednesday,0,3,6.38,13.91,1.73,11.51,30.62,367,2.02,182,3130.46,4.8,70.01,12.02
2,2016-06-29,4,Wednesday,0,3,7.98,16.5,2.35,12.78,33.15,265,2.21,120,2482.37,5.3,70.01,16.4
2,2016-06-29,9,Wednesday,0,3,3.93,12.42,1.76,15.41,14.5,2023,2.0,1009,15321.56,3.8,70.01,10.35
1,2016-06-29,12,Wednesday,0,3,3.84,12.73,1.71,16.17,13.12,894,1.23,728,11265.46,4.3,69.99,11.06
1,2016-06-29,17,Wednesday,0,3,3.77,12.69,1.68,16.51,13.7,957,1.27,753,12362.23,4.8,69.99,10.01
1,2016-06-29,19,Wednesday,0,3,3.71,11.0,1.75,12.64,16.94,1161,1.2,964,14146.26,5.3,59.3,8.28
2,2016-06-29,21,Wednesday,0,3,4.68,12.05,1.76,12.9,20.43,2370,1.96,1212,18514.54,4.3,70.01,9.6
1,2016-06-29,22,Wednesday,0,3,4.85,12.47,1.94,13.24,20.43,1249,1.27,980,15568.16,4.3,69.99,10.36
1,2016-06-29,23,Wednesday,0,3,4.95,12.55,1.79,13.03,21.38,913,1.26,725,11429.85,4.3,69.99,9.93
1,2016-06-30,0,Thursday,0,4,5.38,13.13,1.74,13.22,23.37,661,1.27,521,8499.66,4.3,69.99,10.87
2,2016-06-30,2,Thursday,0,4,6.16,13.58,1.47,11.92,29.18,446,2.42,184,3035.95,4.3,70.01,10.87
2,2016-06-30,4,Thursday,0,4,6.55,14.1,1.66,11.92,31.32,271,2.15,126,2181.62,4.8,43.5,10.15
2,2016-06-30,9,Thursday,0,4,3.68,11.96,1.65,15.03,14.15,1948,2.07,942,13782.69,3.8,70.01,9.4
1,2016-06-30,12,Thursday,0,4,3.92,12.85,1.64,16.3,13.74,918,1.2,764,11805.63,3.8,68.34,10.82
1,2016-06-30,17,Thursday,0,4,3.87,13.44,1.85,18.1,13.2,849,1.24,682,11863.42,4.8,62.75,10.94
1,2016-06-30,19,Thursday,0,4,3.66,11.33,1.77,13.73,15.7,1178,1.23,956,14325.54,4.3,57.29,8.65
2,2016-06-30,21,Thursday,0,4,4.63,12.36,1.76,13.92,19.24,2108,1.95,1083,16861.82,4.3,63.36,10.16
1,2016-06-30,22,Thursday,0,4,4.94,13.2,1.9,15.01,19.0,1269,1.3,974,16136.64,4.3,69.99,10.87
1,2016-06-30,23,Thursday,0,4,4.74,12.63,1.82,14.01,19.45,1134,1.27,891,14093.55,4.3,63.35,9.99
2,2016-01-06,4,Wednesday,0,3,6.0,13.1,1.02,11.15,30.06,225,2.27,99,1545.8,4.3,56.76,10.52
2,2016-01-19,3,Tuesday,0,2,6.65,14.31,1.22,12.03,31.16,149,2.22,67,1132.66,5.3,58.8,10.81
1,2016-01-23,15,Saturday,1,6,3.06,8.96,1.6,10.0,16.75,27,1.08,25,285.06,4.8,35.8,6.45
1,2016-01-24,3,Sunday,1,7,7.72,18.0,0.0,23.88,19.41,1,1.0,1,19.3,19.3,19.3,
1,2016-02-09,3,Tuesday,0,2,6.34,13.7,1.2,11.27,29.7,95,1.27,75,1219.26,3.8,69.99,11.43
2,2016-02-18,4,Thursday,0,4,6.81,14.7,1.77,11.91,30.77,217,1.99,109,1973.9,4.3,70.01,13.93
2,2016-03-21,3,Monday,0,1,6.97,14.88,1.68,12.35,29.78,159,2.12,75,1360.14,5.3,70.01,14.58
1,2016-05-23,4,Monday,0,1,8.64,17.71,2.13,12.78,35.73,149,1.32,113,2479.43,4.8,70.01,14.5
1,2016-01-24,1,Sunday,1,7,2.09,6.0,1.45,5.97,21.04,1,1.0,1,8.75,8.75,8.75,
2,2016-03-13,2,Sunday,1,7,2.49,8.0,1.0,8.2,18.25,1,1.0,1,10.3,10.3,10.3,
2,2016-01-23,17,Saturday,1,6,4.31,11.25,0.0,12.67,23.97,6,3.0,2,24.1,11.3,12.8,1.06
2,2016-01-24,0,Sunday,1,7,11.39,27.0,0.0,41.4,16.51,1,1.0,1,28.3,28.3,28.3,
2,2016-01-01,1,Friday,0,5,5.04,12.85,1.56,13.88,21.1,3307,2.1,1575,24884.19,4.3,65.21,8.93
2,2016-01-01,3,Friday,0,5,5.74,13.45,1.51,13.17,24.41,2179,2.03,1074,17572.01,4.3,63.96,9.82
1,2016-01-01,5,Friday,0,5,5.96,13.55,1.32,12.2,27.68,489,1.4,350,5679.43,4.3,69.99,10.56
1,2016-01-01,6,Friday,0,5,6.61,14.51,1.34,11.66,30.33,335,1.3,257,4349.11,3.8,68.34,12.76
1,2016-01-01,7,Friday,0,5,6.44,14.01,1.45,11.2,31.05,242,1.23,197,3280.98,3.8,69.99,12.78
1,2016-01-01,8,Friday,0,5,5.57,12.81,1.28,9.98,29.83,235,1.23,191,2893.66,4.3,69.99,11.56
2,2016-01-01,10,Friday,0,5,4.84,11.25,1.25,9.23,28.22,1036,2.07,500,6738.11,3.8,70.01,10.61
1,2016-01-01,11,Friday,0,5,4.45,10.78,1.05,9.39,26.54,614,1.43,429,5480.66,4.3,58.34,8.3
2,2016-01-01,13,Friday,0,5,4.65,11.26,1.2,10.0,25.55,1730,1.97,880,11896.3,3.8,70.01,10.11
2,2016-01-01,14,Friday,0,5,4.66,11.44,1.19,10.45,24.08,1679,1.97,852,11682.33,3.8,70.01,11.01
2,2016-01-01,15,Friday,0,5,4.49,11.3,1.21,10.62,23.15,1743,2.0,873,11838.14,3.8,70.34,10.59
2,2016-01-01,16,Friday,0,5,4.82,11.84,1.3,11.01,23.53,1520,2.01,755,10805.09,4.3,70.01,11.94
1,2016-01-01,18,Friday,0,5,3.99,10.78,1.28,10.89,20.66,1033,1.45,714,9417.1,3.8,70.0,9.26
1,2016-01-01,20,Friday,0,5,4.17,10.82,1.23,10.39,21.83,764,1.43,534,7224.32,4.38,65.84,9.49
1,2016-01-02,0,Saturday,1,6,4.92,11.83,1.51,10.65,25.03,651,1.42,458,6768.68,4.3,68.34,10.27
2,2016-01-02,2,Saturday,1,6,5.26,11.96,1.3,10.35,28.24,700,1.96,357,5220.97,4.3,68.34,8.27
2,2016-01-02,4,Saturday,1,6,7.19,15.08,1.35,11.96,32.39,409,2.15,190,3400.67,4.8,70.01,12.74
2,2016-01-02,9,Saturday,1,6,4.43,10.63,1.11,8.97,26.67,921,1.96,470,6011.87,3.8,63.36,9.57
1,2016-01-02,12,Saturday,1,6,3.95,10.61,1.2,10.47,20.93,1008,1.44,702,8962.68,3.3,69.99,9.03
1,2016-01-02,17,Saturday,1,6,4.15,11.78,1.18,13.38,17.58,1240,1.53,813,11461.67,3.8,69.99,9.98
1,2016-01-02,19,Saturday,1,6,3.57,10.81,1.26,12.42,17.03,1301,1.46,892,11799.15,3.3,69.99,8.42
2,2016-01-02,21,Saturday,1,6,4.57,11.85,1.62,12.09,20.46,1937,2.01,964,14385.8,4.8,70.01,11.12
1,2016-01-02,22,Saturday,1,6,4.54,11.82,1.55,12.32,20.41,1236,1.46,848,12594.72,3.8,64.34,9.64
1,2016-01-02,23,Saturday,1,6,4.79,12.09,1.61,12.1,21.8,1242,1.46,851,12905.51,4.8,69.99,9.78
2,2016-01-03,1,Sunday,1,7,4.7,11.3,1.53,10.52,24.62,1678,2.02,832,11843.73,4.8,59.8,8.64
2,2016-01-03,3,Sunday,1,7,5.39,12.38,1.54,11.17,27.01,1148,2.2,521,7961.36,4.3,62.81,8.88
1,2016-01-03,5,Sunday,1,7,8.16,16.81,1.72,12.23,33.69,201,1.31,153,3087.11,4.8,69.99,16.98
1,2016-01-03,6,Sunday,1,7,8.47,17.31,1.82,12.59,34.54,192,1.19,162,3325.88,4.8,70.0,17.28
1,2016-01-03,7,Sunday,1,7,6.54,13.92,1.48,10.06,33.42,236,1.16,204,3410.13,4.3,69.99,14.34
1,2016-01-03,8,Sunday,1,7,5.52,12.24,1.57,9.22,31.18,358,1.24,288,4351.65,3.8,69.99,12.89
2,2016-01-03,10,Sunday,1,7,4.84,11.44,1.31,9.91,26.16,1479,2.1,703,9730.87,3.8,70.01,10.93
1,2016-01-03,11,Sunday,1,7,4.15,10.57,1.24,9.79,22.63,880,1.32,666,8542.71,3.8,66.34,9.59
2,2016-01-03,13,Sunday,1,7,4.64,11.74,1.34,11.44,21.45,1802,2.1,860,12228.72,3.8,70.01,11.87
2,2016-01-03,14,Sunday,1,7,4.85,12.39,1.59,12.74,20.54,2003,2.17,925,13981.36,3.8,70.01,12.61
2,2016-01-03,15,Sunday,1,7,4.18,11.08,1.28,11.66,20.04,1779,2.11,845,11299.66,3.8,70.01,9.72
2,2016-01-03,16,Sunday,1,7,4.49,11.59,1.39,11.99,20.22,1767,1.93,914,12850.05,3.8,70.01,11.83
1,2016-01-03,18,Sunday,1,7,4.43,11.58,1.52,11.97,19.83,1020,1.37,745,10699.13,3.8,69.99,11.5
1,2016-01-03,20,Sunday,1,7,4.87,11.86,1.62,10.99,23.65,730,1.32,555,8366.69,4.3,69.99,11.32
2,2016-01-04,0,Monday,0,1,6.88,14.79,1.66,11.8,30.91,558,2.14,261,4730.32,3.8,70.01,13.77
1,2016-01-04,1,Monday,0,1,6.31,13.58,1.36,10.85,32.05,222,1.25,177,2883.36,4.3,70.01,11.03
1,2016-01-04,3,Monday,0,1,6.7,14.3,1.31,11.33,31.52,124,1.31,95,1627.39,4.8,61.55,11.69
1,2016-01-04,10,Monday,0,1,4.27,11.69,1.61,12.07,18.5,785,1.19,661,9524.65,3.8,70.0,11.56
2,2016-01-04,12,Monday,0,1,4.05,10.9,1.32,11.14,19.17,1485,2.0,741,9853.84,3.8,70.01,10.81
1,2016-01-04,13,Monday,0,1,3.96,10.81,1.16,11.06,18.66,851,1.27,670,8736.51,3.3,69.99,10.35
1,2016-01-04,14,Monday,0,1,3.86,10.7,1.16,11.32,18.26,990,1.3,760,9786.71,3.3,69.99,9.85
1,2016-01-04,15,Monday,0,1,3.81,10.7,1.25,11.69,17.47,1110,1.29,859,11202.81,3.8,70.0,10.58
1,2016-01-04,16,Monday,0,1,4.01,11.09,1.36,12.01,17.94,983,1.27,771,11168.85,4.3,70.0,11.31
2,2016-01-04,17,Monday,0,1,4.02,10.9,1.54,11.88,18.46,2198,1.94,1135,16472.55,4.8,70.01,10.74
2,2016-01-04,19,Monday,0,1,3.82,9.97,1.49,9.77,21.26,2368,2.06,1149,15415.5,4.8,70.01,8.99
2,2016-01-04,22,Monday,0,1,5.07,11.92,1.75,10.56,25.47,1477,1.96,754,11482.07,4.3,70.01,11.62
2,2016-01-04,23,Monday,0,1,5.65,12.73,1.71,11.09,27.29,978,2.03,482,7709.73,4.3,70.01,11.74
1,2016-01-05,0,Tuesday,0,2,6.32,13.83,1.67,11.73,28.93,382,1.29,296,5040.35,4.3,70.34,11.55
2,2016-01-05,2,Tuesday,0,2,6.19,13.68,1.62,12.09,28.84,180,1.75,103,1721.25,4.3,45.36,8.88
2,2016-01-05,4,Tuesday,0,2,7.45,15.51,1.47,12.28,33.41,178,2.02,88,1635.2,4.3,70.01,13.63
2,2016-01-05,9,Tuesday,0,2,3.64,10.89,1.62,12.41,16.41,2124,2.03,1046,14139.78,3.8,70.01,9.41
1,2016-01-05,12,Tuesday,0,2,3.51,10.62,1.32,11.86,15.97,947,1.21,780,10097.08,3.3,70.34,9.36
1,2016-01-05,17,Tuesday,0,2,3.82,11.25,1.57,13.16,16.07,1058,1.27,835,12341.43,4.8,68.34,9.86
1,2016-01-05,19,Tuesday,0,2,3.77,10.33,1.68,10.81,18.9,1106,1.18,941,13100.13,4.8,70.0,9.25
2,2016-01-05,21,Tuesday,0,2,4.93,12.03,1.78,11.59,23.0,2042,2.04,1001,15322.76,4.3,70.01,10.59
1,2016-01-05,22,Tuesday,0,2,5.01,12.02,1.79,11.27,23.78,842,1.2,701,10743.46,4.3,69.99,10.55
1,2016-01-05,23,Tuesday,0,2,5.15,12.14,1.66,10.99,25.6,642,1.24,517,7883.59,4.8,63.95,10.24
2,2016-01-06,1,Wednesday,0,3,5.88,13.01,1.72,11.17,29.05,446,2.03,220,3539.52,4.8,58.34,9.67
2,2016-01-06,3,Wednesday,0,3,6.88,14.54,1.54,12.24,31.79,266,2.58,103,1800.03,4.8,70.01,11.73
1,2016-01-06,5,Wednesday,0,3,5.39,11.87,1.43,8.89,30.83,197,1.12,176,2626.5,4.8,69.99,13.09
1,2016-01-06,6,Wednesday,0,3,4.03,10.03,1.37,8.9,24.99,517,1.06,487,6030.24,3.8,70.0,10.25
1,2016-01-06,7,Wednesday,0,3,3.37,9.71,1.31,10.33,19.0,953,1.12,852,10105.45,3.8,63.35,7.23
1,2016-01-06,8,Wednesday,0,3,3.37,10.54,1.47,12.31,15.8,1095,1.13,967,12498.88,3.8,70.0,8.14
2,2016-01-06,10,Wednesday,0,3,3.81,11.24,1.46,12.83,16.43,1769,2.01,881,12070.17,4.3,70.01,9.72
1,2016-01-06,11,Wednesday,0,3,3.52,10.78,1.4,12.35,15.92,853,1.18,725,9564.16,3.8,60.0,8.7
2,2016-01-06,13,Wednesday,0,3,3.9,11.44,1.33,12.9,16.42,1655,2.07,801,11078.71,3.8,68.34,10.04
2,2016-01-06,14,Wednesday,0,3,3.72,11.16,1.43,12.89,15.73,1862,2.14,872,11856.29,3.8,70.01,10.14
2,2016-01-06,15,Wednesday,0,3,4.0,11.65,1.41,13.43,15.91,1764,2.05,861,12203.89,3.8,70.01,11.27
2,2016-01-06,16,Wednesday,0,3,4.05,11.52,1.55,13.35,16.54,1754,2.12,828,12527.92,4.8,70.01,10.93
1,2016-01-06,18,Wednesday,0,3,3.61,10.59,1.58,12.11,16.61,1148,1.2,957,13455.11,4.8,69.99,8.35
1,2016-01-06,20,Wednesday,0,3,4.0,10.67,1.73,10.9,20.44,1136,1.2,949,13157.63,4.3,69.99,8.85
2,2016-01-07,0,Thursday,0,4,5.29,12.09,1.73,10.67,27.19,794,1.95,408,6251.24,4.3,70.01,10.22
1,2016-01-07,1,Thursday,0,4,5.16,11.95,1.48,10.86,26.77,305,1.26,243,3600.03,4.8,50.75,8.45
1,2016-01-07,3,Thursday,0,4,6.03,13.56,1.33,12.16,27.55,105,1.18,89,1446.97,4.8,56.84,11.31
1,2016-01-07,10,Thursday,0,4,3.9,11.57,1.62,13.12,16.14,857,1.15,748,10653.11,3.8,69.99,10.32
2,2016-01-07,12,Thursday,0,4,3.76,11.26,1.47,13.03,16.08,1878,2.1,894,12302.99,3.8,70.01,9.65
1,2016-01-07,13,Thursday,0,4,3.56,10.75,1.41,12.22,15.95,883,1.19,745,9827.07,3.8,69.99,9.33
1,2016-01-07,14,Thursday,0,4,3.56,10.89,1.37,12.56,15.59,986,1.2,822,10911.24,3.8,69.99,9.07
1,2016-01-07,15,Thursday,0,4,4.08,11.88,1.64,13.75,15.93,1029,1.22,845,12434.57,3.8,69.99,11.34
1,2016-01-07,16,Thursday,0,4,3.64,11.02,1.51,12.93,15.67,839,1.2,697,10105.7,4.8,69.99,9.41
2,2016-01-07,17,Thursday,0,4,3.93,11.41,1.71,13.47,16.24,2005,2.04,984,14924.45,4.8,70.01,10.19
2,2016-01-07,19,Thursday,0,4,4.08,11.18,1.78,12.07,18.69,2641,2.02,1307,19498.71,4.8,70.01,9.46
2,2016-01-07,22,Thursday,0,4,5.01,12.35,1.87,12.12,22.88,2260,2.01,1122,17577.89,4.3,70.01,10.05
2,2016-01-07,23,Thursday,0,4,5.3,12.71,1.79,12.32,23.96,1760,1.93,913,14567.23,4.3,68.34,9.82
2,2016-01-08,0,Friday,0,5,5.37,12.49,1.64,11.64,25.6,1302,2.11,618,9600.76,4.3,68.34,10.21
1,2016-01-08,1,Friday,0,5,5.11,11.94,1.68,10.71,26.55,413,1.25,330,4947.73,4.3,58.34,9.15
1,2016-01-08,3,Friday,0,5,5.32,12.46,1.1,10.81,27.58,208,1.2,173,2581.29,4.8,58.3,8.77
1,2016-01-08,10,Friday,0,5,3.55,10.97,1.5,12.85,15.42,863,1.16,741,9965.89,3.3,69.99,9.24
2,2016-01-08,12,Friday,0,5,3.88,11.38,1.54,12.81,16.36,1753,2.03,864,12119.38,3.8,70.01,10.45
1,2016-01-08,13,Friday,0,5,4.19,11.95,1.58,13.33,16.63,967,1.19,811,11846.97,4.3,69.99,11.07
1,2016-01-08,14,Friday,0,5,4.05,11.82,1.65,13.51,16.06,1059,1.22,867,12584.57,3.8,70.01,11.06
1,2016-01-08,15,Friday,0,5,3.79,11.23,1.53,13.07,15.54,1038,1.18,879,12224.34,3.8,69.99,10.33
1,2016-01-08,16,Friday,0,5,3.64,10.64,1.41,12.13,16.63,899,1.24,724,10119.02,4.3,70.01,9.41
2,2016-01-08,17,Friday,0,5,4.21,11.87,1.68,13.78,16.67,2114,2.0,1055,16440.74,4.8,70.34,10.74
2,2016-01-08,19,Friday,0,5,3.94,11.07,1.66,12.25,17.71,2673,2.02,1322,19367.38,4.8,70.01,9.7
2,2016-01-08,22,Friday,0,5,4.44,11.62,1.67,12.14,20.41,2240,1.97,1136,16771.58,4.3,70.01,9.58
2,2016-01-08,23,Friday,0,5,4.79,12.32,1.74,12.94,20.47,2352,2.02,1167,18084.26,4.3,70.01,9.99
1,2016-01-09,0,Saturday,1,6,4.34,11.48,1.71,12.13,20.43,1333,1.41,945,13719.92,4.3,70.01,8.09
2,2016-01-09,2,Saturday,1,6,4.92,11.9,1.67,11.46,23.97,1655,2.09,793,11846.9,4.3,64.01,8.7
2,2016-01-09,4,Saturday,1,6,5.47,12.59,1.56,11.39,27.13,803,2.16,372,5773.22,4.3,63.36,9.84
2,2016-01-09,9,Saturday,1,6,3.93,10.06,1.33,9.39,23.48,1563,2.08,750,9273.68,3.8,70.01,8.7
1,2016-01-09,12,Saturday,1,6,3.44,10.04,1.34,10.82,18.01,1335,1.31,1019,12535.09,4.3,69.99,8.08
1,2016-01-09,17,Saturday,1,6,3.56,10.5,1.34,11.8,17.18,1404,1.35,1037,13350.32,3.8,70.34,8.21
1,2016-01-09,19,Saturday,1,6,3.38,10.34,1.4,11.89,16.35,1614,1.42,1136,14546.94,3.8,69.99,7.98
2,2016-01-09,21,Saturday,1,6,4.03,11.12,1.51,12.18,18.97,2140,2.03,1054,14763.87,4.3,70.01,8.49
1,2016-01-09,22,Saturday,1,6,4.0,11.19,1.53,12.24,18.64,1475,1.45,1019,14409.43,4.8,70.34,8.5
1,2016-01-09,23,Saturday,1,6,4.39,11.77,1.59,12.39,19.93,1463,1.42,1027,15148.03,4.3,69.99,9.17
2,2016-01-10,1,Sunday,1,7,4.8,11.8,1.72,11.78,22.98,2313,2.07,1120,16650.17,4.3,70.01,8.27
2,2016-01-10,3,Sunday,1,7,4.92,11.83,1.53,11.63,23.67,1396,2.07,673,9898.43,4.3,52.84,8.8
1,2016-01-10,5,Sunday,1,7,6.6,14.44,1.43,12.55,28.34,167,1.28,130,2284.72,4.8,69.99,13.05
1,2016-01-10,6,Sunday,1,7,5.81,12.82,1.49,10.34,28.77,198,1.12,177,2748.71,4.3,69.99,13.99
1,2016-01-10,7,Sunday,1,7,5.56,12.57,1.36,10.77,26.69,281,1.19,237,3592.24,4.3,69.99,13.09
1,2016-01-10,8,Sunday,1,7,3.91,9.96,1.25,8.66,23.9,449,1.21,371,4520.57,3.8,69.99,10.09
2,2016-01-10,10,Sunday,1,7,3.93,10.02,1.33,9.17,23.24,1911,2.21,866,10678.06,4.3,70.01,9.93
1,2016-01-10,11,Sunday,1,7,3.82,10.15,1.3,9.98,21.22,1004,1.28,787,9764.66,3.8,70.0,9.05
2,2016-01-10,13,Sunday,1,7,4.26,10.95,1.38,10.8,21.04,2014,2.14,941,12602.42,3.8,70.01,10.41
2,2016-01-10,14,Sunday,1,7,4.57,11.7,1.59,11.37,21.1,1956,2.07,944,13607.26,3.8,70.01,11.78
2,2016-01-10,15,Sunday,1,7,4.1,10.87,1.46,11.35,19.65,1960,1.99,985,13154.17,3.8,70.01,10.12
2,2016-01-10,16,Sunday,1,7,4.21,11.15,1.57,11.75,20.21,1941,2.13,913,12540.35,3.8,70.01,10.33
1,2016-01-10,18,Sunday,1,7,4.55,11.58,1.64,11.6,20.59,1022,1.33,769,11073.4,3.8,70.0,11.4
1,2016-01-10,20,Sunday,1,7,5.06,12.03,1.73,11.15,23.83,798,1.32,605,9257.92,4.3,70.34,11.34
1,2016-01-11,0,Monday,0,1,5.93,13.13,1.74,10.98,29.41,352,1.24,284,4665.3,3.8,69.99,11.79
2,2016-01-11,2,Monday,0,1,6.02,13.19,1.15,11.05,30.11,248,2.05,121,1908.09,5.3,58.34,10.13
2,2016-01-11,4,Monday,0,1,8.28,17.17,2.15,12.32,36.71,198,1.98,100,2148.37,5.76,70.01,15.78
2,2016-01-11,9,Monday,0,1,3.89,11.76,1.7,14.07,15.5,1818,1.89,961,13945.27,3.8,70.01,10.87
1,2016-01-11,12,Monday,0,1,3.6,11.09,1.51,12.68,15.79,930,1.17,792,10816.0,3.8,69.99,9.96
1,2016-01-11,17,Monday,0,1,3.48,10.5,1.54,12.23,15.99,1121,1.22,919,12912.2,4.3,70.34,9.64
1,2016-01-11,19,Monday,0,1,3.76,10.29,1.66,10.7,19.28,1197,1.16,1033,14330.58,4.8,69.99,8.85
2,2016-01-11,21,Monday,0,1,4.79,11.71,1.88,11.22,23.61,2098,1.97,1063,16042.54,4.8,70.01,9.91
1,2016-01-11,22,Monday,0,1,4.74,11.42,1.88,10.45,24.31,894,1.25,717,10574.1,4.3,70.0,10.45
1,2016-01-11,23,Monday,0,1,5.21,12.26,1.88,10.81,26.13,555,1.23,453,7087.01,4.3,69.99,11.17
1,2016-01-12,0,Tuesday,0,2,4.72,11.35,1.55,9.76,26.68,454,1.25,364,5209.6,4.3,69.99,9.37
2,2016-01-12,2,Tuesday,0,2,4.59,10.76,1.32,9.39,28.7,241,2.1,115,1540.89,4.8,37.56,6.74
2,2016-01-12,4,Tuesday,0,2,6.14,13.62,1.48,11.62,30.43,175,1.94,90,1490.93,4.8,69.0,12.04
2,2016-01-12,9,Tuesday,0,2,3.54,10.92,1.63,12.79,15.84,2283,2.08,1099,14885.37,3.8,70.01,9.4
1,2016-01-12,12,Tuesday,0,2,3.86,11.53,1.63,13.17,15.55,953,1.2,791,11272.01,3.3,69.99,10.6
1,2016-01-12,17,Tuesday,0,2,3.5,10.65,1.63,12.79,15.3,1077,1.23,878,12524.27,4.3,70.34,9.62
1,2016-01-12,19,Tuesday,0,2,3.55,10.17,1.68,10.97,17.99,1188,1.18,1007,13849.28,5.3,69.99,8.18
2,2016-01-12,21,Tuesday,0,2,4.68,11.56,1.86,11.38,22.7,2527,2.07,1223,18211.0,4.8,70.01,9.66
1,2016-01-12,22,Tuesday,0,2,4.69,11.74,1.92,11.64,22.56,1108,1.19,929,14025.56,4.3,63.39,9.09
1,2016-01-12,23,Tuesday,0,2,5.34,12.53,1.91,11.49,25.08,699,1.18,594,9468.97,4.8,69.99,10.6
2,2016-01-13,0,Wednesday,0,3,5.53,12.56,1.83,11.26,27.07,869,1.93,451,7131.77,4.8,64.01,10.44
1,2016-01-13,1,Wednesday,0,3,5.27,12.04,1.68,10.64,27.55,281,1.24,227,3421.89,4.3,54.4,8.66
1,2016-01-13,3,Wednesday,0,3,5.13,11.9,1.37,10.28,27.88,163,1.25,130,1898.35,4.8,63.36,9.67
1,2016-01-13,10,Wednesday,0,3,3.36,10.81,1.54,12.97,14.5,985,1.15,853,11363.16,3.3,70.0,8.78
2,2016-01-13,12,Wednesday,0,3,3.47,10.91,1.59,12.83,14.9,2095,2.07,1011,13648.84,3.8,70.01,9.81
1,2016-01-13,13,Wednesday,0,3,3.61,11.41,1.6,13.66,14.63,1023,1.17,873,12230.42,3.3,69.99,9.94
1,2016-01-13,14,Wednesday,0,3,3.77,11.42,1.56,13.47,15.12,1081,1.19,910,12775.5,3.8,70.0,9.89
1,2016-01-13,15,Wednesday,0,3,3.62,11.05,1.5,13.15,15.15,1168,1.24,943,12881.32,3.8,69.99,10.06
1,2016-01-13,16,Wednesday,0,3,3.75,11.12,1.55,13.11,15.87,1010,1.25,807,11876.3,4.3,69.99,10.26
2,2016-01-13,17,Wednesday,0,3,3.47,10.4,1.61,12.19,16.02,2217,2.03,1092,15258.74,4.8,70.01,9.13
2,2016-01-13,19,Wednesday,0,3,3.67,10.42,1.71,11.36,18.18,2914,2.02,1442,20272.25,4.8,70.01,8.58
2,2016-01-13,22,Wednesday,0,3,4.84,12.02,2.01,11.88,22.87,2515,2.08,1208,18675.86,4.3,70.01,9.72
2,2016-01-13,23,Wednesday,0,3,5.16,12.27,1.91,11.6,24.37,1696,1.99,853,13310.7,4.3,70.01,10.54
1,2016-01-14,0,Thursday,0,4,5.39,12.49,1.82,11.22,26.18,590,1.23,478,7538.8,4.8,69.99,10.6
2,2016-01-14,2,Thursday,0,4,5.07,11.61,1.59,10.01,27.92,355,2.02,176,2567.18,4.8,58.61,9.5
2,2016-01-14,4,Thursday,0,4,6.55,13.96,1.63,11.16,31.16,260,2.26,115,1979.38,4.8,70.01,13.09
2,2016-01-14,9,Thursday,0,4,3.55,11.28,1.67,13.56,14.85,2259,2.01,1124,15677.5,3.8,70.01,9.5
1,2016-01-14,12,Thursday,0,4,3.82,11.9,1.63,13.89,14.93,998,1.18,843,12298.82,3.8,70.0,10.65
1,2016-01-14,17,Thursday,0,4,3.93,11.7,1.69,14.19,15.62,1092,1.22,894,13771.99,4.8,69.99,10.25
1,2016-01-14,19,Thursday,0,4,4.07,11.41,1.87,12.75,17.52,1344,1.18,1137,17337.59,3.8,69.99,9.54
2,2016-01-14,21,Thursday,0,4,4.72,11.91,1.89,12.04,21.67,2485,1.92,1292,19744.85,4.3,70.34,10.15
1,2016-01-14,22,Thursday,0,4,5.07,12.61,2.13,12.72,21.98,1300,1.29,1006,16341.33,3.8,70.01,10.56
1,2016-01-14,23,Thursday,0,4,5.15,12.65,1.96,12.47,22.56,1017,1.24,822,13225.47,4.3,69.99,10.42
1,2016-01-15,0,Friday,0,5,5.23,12.44,1.84,11.87,24.31,657,1.23,534,8430.3,4.3,63.36,9.75
2,2016-01-15,2,Friday,0,5,5.74,12.97,1.65,11.64,27.68,538,2.06,261,4176.57,4.8,57.8,9.69
2,2016-01-15,4,Friday,0,5,7.15,15.08,1.6,11.99,31.65,285,1.9,150,2765.62,4.8,70.01,13.79
2,2016-01-15,9,Friday,0,5,3.67,11.27,1.68,13.22,15.44,2365,2.1,1128,15712.33,3.8,70.01,9.61
1,2016-01-15,12,Friday,0,5,4.03,11.74,1.66,13.31,16.24,1077,1.22,881,12798.53,3.8,69.99,10.57
1,2016-01-15,17,Friday,0,5,3.75,11.23,1.62,13.45,15.69,1057,1.21,872,12940.58,4.8,69.99,9.84
1,2016-01-15,19,Friday,0,5,3.83,11.13,1.71,12.77,16.86,1475,1.28,1153,16984.05,3.8,69.99,9.21
2,2016-01-15,21,Friday,0,5,4.33,11.62,1.72,12.65,19.31,2308,1.98,1164,17254.6,4.8,70.01,9.5
1,2016-01-15,22,Friday,0,5,4.43,11.9,1.77,12.93,19.44,1446,1.38,1048,15820.6,3.8,65.34,8.96
1,2016-01-15,23,Friday,0,5,5.08,13.05,1.79,13.64,20.6,1415,1.39,1019,16617.28,4.3,69.99,10.75
1,2016-01-16,0,Saturday,1,6,4.63,12.09,1.69,12.93,20.65,1380,1.42,974,14766.19,4.3,60.8,8.53
2,2016-01-16,2,Saturday,1,6,5.26,12.79,1.68,13.04,22.22,1611,2.01,800,12693.67,4.3,70.01,9.75
2,2016-01-16,4,Saturday,1,6,6.43,14.16,1.39,12.82,27.41,749,2.12,353,6029.61,4.3,70.01,11.45
2,2016-01-16,9,Saturday,1,6,4.1,10.38,1.27,9.57,23.25,1501,2.06,729,9231.25,3.8,70.01,9.24
1,2016-01-16,12,Saturday,1,6,3.79,10.6,1.37,11.21,19.08,1127,1.34,839,10809.71,3.8,68.34,8.45
1,2016-01-16,17,Saturday,1,6,3.76,10.95,1.4,12.47,17.35,1466,1.43,1024,13756.0,3.8,69.99,8.72
1,2016-01-16,19,Saturday,1,6,3.79,11.15,1.39,12.76,16.91,1526,1.43,1067,14557.78,3.8,69.99,8.57
2,2016-01-16,21,Saturday,1,6,4.14,11.33,1.47,12.26,19.22,2311,2.11,1094,15541.47,4.3,70.01,8.81
1,2016-01-16,22,Saturday,1,6,4.14,11.51,1.55,12.7,18.73,1479,1.48,997,14384.4,4.3,69.99,8.58
1,2016-01-16,23,Saturday,1,6,4.52,12.13,1.64,13.1,19.46,1671,1.46,1144,17367.31,4.3,69.99,9.14
2,2016-01-17,0,Sunday,1,7,4.61,11.86,1.69,12.53,21.26,2418,1.98,1220,18223.19,4.3,70.01,8.21
1,2016-01-17,1,Sunday,1,7,4.86,12.12,1.7,12.35,22.2,1279,1.39,921,13977.13,3.8,70.59,8.48
1,2016-01-17,3,Sunday,1,7,4.88,11.79,1.65,11.12,24.73,811,1.38,589,8703.72,4.3,50.3,8.11
1,2016-01-17,10,Sunday,1,7,4.35,10.78,1.45,9.8,23.78,857,1.31,656,8726.76,4.3,70.0,10.23
2,2016-01-17,12,Sunday,1,7,3.85,10.48,1.32,10.68,20.14,2297,1.99,1156,14832.62,3.8,70.01,9.08
1,2016-01-17,13,Sunday,1,7,4.06,11.29,1.48,11.86,19.04,1256,1.36,925,12818.48,3.8,69.99,10.22
1,2016-01-17,14,Sunday,1,7,4.1,11.41,1.47,12.24,18.18,1316,1.41,936,13025.84,3.8,69.99,10.84
1,2016-01-17,15,Sunday,1,7,3.92,11.32,1.53,12.86,16.92,1346,1.41,953,13223.35,3.8,70.0,10.55
1,2016-01-17,16,Sunday,1,7,4.15,11.88,1.56,14.01,16.28,1190,1.36,875,12842.32,3.8,70.0,10.99
2,2016-01-17,17,Sunday,1,7,4.23,11.91,1.58,13.85,16.99,2268,2.04,1114,16220.96,3.8,70.01,10.86
2,2016-01-17,19,Sunday,1,7,4.23,11.18,1.58,11.33,20.17,2067,2.06,1003,13808.74,3.8,70.01,10.79
2,2016-01-17,22,Sunday,1,7,4.93,11.9,1.66,10.83,24.51,1742,1.97,885,13385.94,4.3,70.01,10.95
2,2016-01-17,23,Sunday,1,7,5.29,12.18,1.72,10.83,26.47,1358,2.01,674,10402.68,4.8,70.01,10.76
1,2016-01-18,0,Monday,0,1,5.27,12.19,1.65,10.76,26.2,679,1.37,494,7529.2,4.3,69.99,10.32
2,2016-01-18,2,Monday,0,1,5.51,12.43,1.45,10.97,28.11,509,2.05,248,3784.37,4.8,52.01,8.64
2,2016-01-18,4,Monday,0,1,7.01,14.92,1.49,12.11,31.76,315,2.33,135,2434.42,5.3,63.36,11.6
2,2016-01-18,9,Monday,0,1,4.21,10.8,1.62,10.38,22.08,1564,2.03,769,10387.93,4.3,70.01,10.36
1,2016-01-18,12,Monday,0,1,3.84,10.72,1.47,11.23,18.56,1096,1.3,845,11193.02,4.3,69.99,9.88
1,2016-01-18,17,Monday,0,1,3.78,10.44,1.5,11.09,18.84,1191,1.26,947,12458.05,3.8,69.99,9.59
1,2016-01-18,19,Monday,0,1,3.74,9.88,1.46,9.54,20.98,1143,1.24,920,11542.54,3.3,69.99,9.17
2,2016-01-18,21,Monday,0,1,4.89,11.55,1.8,10.37,24.7,1964,2.05,956,14327.88,4.3,70.01,11.62
1,2016-01-18,22,Monday,0,1,5.22,12.32,1.89,11.17,24.72,875,1.33,660,10421.32,4.3,69.99,11.82
1,2016-01-18,23,Monday,0,1,6.02,13.4,2.09,11.41,27.65,647,1.27,511,8809.71,4.3,69.99,12.75
1,2016-01-19,0,Tuesday,0,2,5.98,13.43,1.94,11.52,28.16,430,1.26,342,5807.94,4.8,69.99,12.68
2,2016-01-19,2,Tuesday,0,2,5.08,11.61,1.17,10.24,27.93,275,2.27,121,1704.37,4.8,45.3,7.7
2,2016-01-19,9,Tuesday,0,2,3.78,12.16,1.76,15.12,14.36,2358,2.0,1179,17625.1,3.8,70.01,10.45
1,2016-01-19,12,Tuesday,0,2,3.45,11.71,1.57,14.46,13.5,1032,1.18,871,12423.44,3.3,70.0,9.93
1,2016-01-19,17,Tuesday,0,2,3.41,11.11,1.65,13.52,14.75,1147,1.23,932,13731.61,4.8,70.0,9.15
1,2016-01-19,19,Tuesday,0,2,3.72,10.6,1.72,11.79,17.24,1286,1.18,1089,15507.73,4.8,70.34,9.83
2,2016-01-19,21,Tuesday,0,2,4.76,11.78,1.91,11.53,22.49,2682,2.07,1297,19698.07,4.3,70.01,10.51
1,2016-01-19,22,Tuesday,0,2,4.65,11.67,1.77,11.34,22.53,1026,1.22,838,12464.16,4.8,69.99,9.65
1,2016-01-19,23,Tuesday,0,2,5.22,12.34,1.92,11.46,24.74,727,1.2,605,9559.13,4.3,63.36,10.47
1,2016-01-20,0,Wednesday,0,3,5.62,12.92,1.9,11.74,26.23,446,1.2,373,6061.6,4.8,63.8,10.6
2,2016-01-20,2,Wednesday,0,3,5.36,12.05,1.28,10.41,28.92,334,2.24,149,2183.65,4.8,61.3,9.05
2,2016-01-20,4,Wednesday,0,3,6.17,13.64,1.6,11.23,30.05,215,2.29,94,1581.82,4.8,52.8,11.21
2,2016-01-20,9,Wednesday,0,3,3.41,11.4,1.7,14.23,14.15,2221,2.11,1053,14831.83,3.8,70.61,9.06
1,2016-01-20,12,Wednesday,0,3,3.82,12.22,1.74,14.91,13.95,998,1.19,840,12643.12,4.3,69.99,10.89
1,2016-01-20,17,Wednesday,0,3,3.65,11.12,1.66,13.16,15.53,1045,1.21,863,12786.91,4.8,70.0,10.17
1,2016-01-20,19,Wednesday,0,3,3.96,11.28,1.77,12.66,17.54,1269,1.16,1092,16422.98,4.8,69.99,9.97
2,2016-01-20,21,Wednesday,0,3,4.64,11.65,1.87,11.76,22.05,2442,2.03,1203,17973.54,4.3,70.01,9.15
1,2016-01-20,22,Wednesday,0,3,4.5,11.56,1.78,11.72,21.71,1181,1.23,963,14225.55,3.8,63.35,8.9
1,2016-01-20,23,Wednesday,0,3,4.93,12.14,1.82,12.03,22.97,747,1.17,638,9862.55,4.3,68.34,9.81
2,2016-01-21,1,Thursday,0,4,5.1,11.8,1.39,10.65,26.75,626,2.14,293,4248.95,4.8,63.36,8.64
2,2016-01-21,3,Thursday,0,4,5.33,12.26,1.16,11.18,27.27,228,2.19,104,1533.49,4.8,47.81,8.34
1,2016-01-21,5,Thursday,0,4,5.82,12.68,1.87,9.63,30.66,194,1.07,181,2921.03,4.3,69.99,14.7
1,2016-01-21,6,Thursday,0,4,3.89,9.84,1.39,8.88,23.81,582,1.06,550,6753.91,4.3,70.0,10.07
1,2016-01-21,7,Thursday,0,4,3.58,10.37,1.56,11.36,18.06,1017,1.1,921,11826.6,3.8,59.84,8.04
1,2016-01-21,8,Thursday,0,4,3.28,11.02,1.63,13.74,14.08,1188,1.11,1070,14512.56,3.8,69.99,8.57
2,2016-01-21,10,Thursday,0,4,3.62,11.65,1.69,14.29,14.34,1867,2.09,893,12826.83,3.8,70.01,9.82
1,2016-01-21,11,Thursday,0,4,3.52,11.9,1.75,14.96,13.18,922,1.16,794,11602.56,3.8,69.99,9.71
2,2016-01-21,13,Thursday,0,4,4.68,13.59,1.81,16.03,15.6,1973,2.13,927,15412.35,4.3,70.01,12.5
2,2016-01-21,14,Thursday,0,4,4.17,12.61,1.7,15.44,14.79,2013,2.01,1001,15458.61,3.8,70.01,11.93
2,2016-01-21,15,Thursday,0,4,3.79,11.95,1.63,14.94,14.17,1905,1.95,979,14322.9,3.8,70.01,10.75
2,2016-01-21,16,Thursday,0,4,3.9,11.87,1.82,14.59,15.21,1611,1.99,808,12830.89,4.8,70.01,11.45
1,2016-01-21,18,Thursday,0,4,3.33,10.85,1.66,13.51,14.25,1305,1.17,1113,16057.82,4.8,63.34,8.33
1,2016-01-21,20,Thursday,0,4,4.21,11.77,1.87,13.21,17.94,1298,1.17,1112,16829.02,4.8,69.99,9.56
1,2016-01-22,2,Friday,0,5,5.58,12.82,1.59,11.39,27.15,324,1.23,264,4162.3,4.8,63.35,9.92
1,2016-01-22,4,Friday,0,5,6.6,14.22,1.72,11.08,32.22,188,1.2,157,2755.13,4.8,70.0,12.42
2,2016-01-22,5,Friday,0,5,6.74,14.38,1.91,11.28,30.8,328,1.81,181,3278.07,4.8,70.01,16.43
2,2016-01-22,6,Friday,0,5,4.94,11.6,1.76,10.41,26.04,993,2.02,492,7136.02,4.3,70.01,12.18
2,2016-01-22,7,Friday,0,5,3.86,10.63,1.49,11.42,19.14,1951,2.03,959,12546.93,3.8,70.01,9.29
2,2016-01-22,8,Friday,0,5,3.6,11.19,1.66,13.34,15.38,2423,2.04,1189,16387.78,3.8,70.01,8.87
1,2016-01-22,9,Friday,0,5,3.41,11.22,1.61,13.63,14.11,1014,1.09,929,12767.89,3.3,63.34,8.34
2,2016-01-22,11,Friday,0,5,3.64,11.53,1.55,13.92,14.51,1996,2.05,974,13726.75,3.8,70.01,9.8
2,2016-01-22,18,Friday,0,5,3.49,10.48,1.58,12.31,16.21,2714,1.95,1391,19461.84,4.8,70.01,7.97
2,2016-01-22,20,Friday,0,5,3.99,10.96,1.64,11.9,18.9,2445,1.92,1273,17872.5,4.3,70.01,9.11
1,2016-01-22,21,Friday,0,5,4.09,11.38,1.66,12.45,18.61,1336,1.31,1017,14681.31,4.8,69.99,8.97
1,2016-01-23,2,Saturday,1,6,4.85,12.22,1.66,14.06,19.17,623,1.29,483,7345.05,4.3,53.15,8.29
1,2016-01-23,4,Saturday,1,6,5.19,12.78,1.38,15.68,18.72,234,1.26,185,2865.18,3.8,52.55,9.46
2,2016-01-23,5,Saturday,1,6,4.92,12.33,1.31,14.71,17.88,160,2.13,75,1130.66,4.8,58.34,11.42
2,2016-01-23,7,Saturday,1,6,3.08,8.89,1.07,11.02,16.44,187,1.93,97,1049.74,3.8,43.5,6.4
2,2016-01-23,8,Saturday,1,6,2.92,9.17,1.43,12.17,14.54,181,1.97,92,1048.85,4.3,40.04,6.39
1,2016-01-23,9,Saturday,1,6,2.9,9.05,1.26,11.1,16.12,120,1.18,102,1138.67,4.3,43.3,5.88
2,2016-01-23,11,Saturday,1,6,2.71,8.48,1.15,10.34,15.81,309,1.88,164,1710.59,3.8,35.38,4.64
2,2016-01-24,7,Sunday,1,7,5.33,12.73,1.18,12.41,23.49,49,1.88,26,387.91,5.3,58.34,11.8
2,2016-01-24,8,Sunday,1,7,5.0,12.04,1.39,11.88,23.14,160,2.03,79,1140.55,4.8,70.34,11.46
2,2016-01-24,11,Sunday,1,7,3.85,10.63,1.38,11.7,18.4,974,2.03,479,6245.45,4.3,63.36,9.5
2,2016-01-24,18,Sunday,1,7,4.38,11.79,1.57,12.72,18.62,1818,2.08,876,12567.99,3.8,70.01,11.22
2,2016-01-24,20,Sunday,1,7,4.63,11.62,1.67,12.04,20.6,1468,2.08,705,10406.89,4.3,70.01,10.84
1,2016-01-24,21,Sunday,1,7,4.51,11.44,1.63,11.5,20.94,597,1.31,457,6662.29,4.8,70.01,10.27
1,2016-01-25,2,Monday,0,1,6.39,13.97,1.5,12.28,28.34,106,1.33,80,1374.91,5.3,69.99,12.29
1,2016-01-25,4,Monday,0,1,7.56,16.24,1.5,14.21,28.54,120,1.28,94,1842.97,5.55,69.99,15.36
2,2016-01-25,5,Monday,0,1,6.87,14.9,1.76,13.33,27.73,382,2.05,186,3414.85,4.8,70.01,14.94
2,2016-01-25,6,Monday,0,1,4.94,12.22,1.47,12.76,21.22,758,1.86,407,6024.46,4.3,70.01,11.85
2,2016-01-25,7,Monday,0,1,4.13,12.28,1.66,15.15,15.71,1238,1.99,623,9266.55,3.8,70.01,9.9
2,2016-01-25,8,Monday,0,1,4.25,13.85,1.89,18.16,13.32,1549,2.02,767,12860.23,3.8,65.21,11.32
1,2016-01-25,9,Monday,0,1,4.01,14.0,1.88,18.86,12.14,631,1.11,566,9584.08,3.8,65.19,11.37
2,2016-01-25,11,Monday,0,1,4.05,14.26,1.7,18.98,12.5,1200,1.95,616,10443.38,3.8,70.01,11.77
2,2016-01-25,18,Monday,0,1,3.77,12.12,1.77,15.46,13.82,2150,2.04,1053,16681.61,4.8,70.01,10.08
2,2016-01-25,20,Monday,0,1,4.55,11.88,1.92,13.02,19.12,1998,1.99,1006,15369.26,4.3,70.01,10.79
1,2016-01-25,21,Monday,0,1,4.73,12.24,1.9,13.24,19.46,991,1.24,799,12443.61,4.3,67.09,10.41
1,2016-01-26,2,Tuesday,0,2,5.45,12.48,1.48,11.88,25.22,171,1.16,148,2275.57,4.8,43.55,9.11
1,2016-01-26,4,Tuesday,0,2,7.24,15.47,1.87,13.06,29.88,125,1.16,108,2061.25,4.8,68.34,13.39
2,2016-01-26,5,Tuesday,0,2,6.69,14.68,2.24,13.02,27.22,382,1.99,192,3640.44,4.8,70.01,15.88
2,2016-01-26,6,Tuesday,0,2,4.09,10.51,1.42,10.72,21.7,965,2.09,461,5948.11,3.8,70.01,9.39
2,2016-01-26,7,Tuesday,0,2,4.09,11.93,1.62,14.07,16.27,1737,2.11,824,12000.47,4.56,70.01,10.36
2,2016-01-26,8,Tuesday,0,2,3.86,13.04,1.85,17.33,12.92,1914,2.01,950,15085.05,3.8,70.01,10.08
1,2016-01-26,9,Tuesday,0,2,3.2,12.71,1.75,17.61,11.05,852,1.1,774,11891.6,3.3,69.99,9.24
2,2016-01-26,11,Tuesday,0,2,3.43,13.43,1.9,18.7,11.01,1428,1.99,717,11698.12,3.8,63.36,9.88
2,2016-01-26,18,Tuesday,0,2,3.61,12.53,1.9,16.75,12.85,2143,2.01,1066,17458.37,4.8,64.01,9.55
2,2016-01-26,20,Tuesday,0,2,4.69,12.32,1.95,13.46,19.08,2220,2.02,1098,17397.76,4.3,70.01,10.52
1,2016-01-26,21,Tuesday,0,2,4.84,12.49,1.99,13.29,20.12,1157,1.22,946,15086.42,4.3,66.84,9.92
1,2016-01-27,2,Wednesday,0,3,5.81,13.34,1.65,12.52,26.04,203,1.24,164,2687.35,4.8,57.35,9.58
1,2016-01-27,4,Wednesday,0,3,6.6,14.37,1.76,12.95,28.57,125,1.12,112,2012.59,3.8,55.0,11.87
2,2016-01-27,5,Wednesday,0,3,5.66,12.48,1.59,10.38,28.76,343,1.98,173,2730.92,4.8,70.01,13.74
2,2016-01-27,6,Wednesday,0,3,4.6,11.33,1.49,11.13,23.22,955,1.99,479,6625.11,3.8,70.01,10.41
2,2016-01-27,7,Wednesday,0,3,3.62,10.87,1.55,12.73,16.78,1803,2.0,900,12049.0,4.3,62.81,8.7
2,2016-01-27,8,Wednesday,0,3,3.45,12.27,1.79,16.06,12.86,2171,2.04,1062,15909.97,3.8,70.01,9.2
1,2016-01-27,9,Wednesday,0,3,3.36,12.58,1.86,16.81,11.74,901,1.09,827,12745.92,4.3,69.99,9.79
2,2016-01-27,11,Wednesday,0,3,3.82,13.42,1.86,17.78,12.75,1677,2.09,804,13134.45,4.3,70.01,10.84
2,2016-01-27,18,Wednesday,0,3,3.67,11.66,1.86,14.61,14.21,2512,2.0,1256,19452.45,4.3,70.01,9.7
2,2016-01-27,20,Wednesday,0,3,4.56,12.17,2.0,13.48,18.7,2586,2.03,1276,20024.02,4.8,70.01,10.5
1,2016-01-27,21,Wednesday,0,3,4.68,12.29,1.99,13.3,19.42,1312,1.22,1073,16915.03,4.8,69.99,10.09
1,2016-01-28,0,Thursday,0,4,5.16,12.55,1.82,12.37,23.31,615,1.22,505,7967.56,4.3,69.99,9.88
2,2016-01-28,2,Thursday,0,4,5.66,12.97,1.7,12.33,26.06,382,2.1,182,2911.26,4.3,45.8,9.11
2,2016-01-28,4,Thursday,0,4,6.74,14.4,1.63,12.29,29.51,249,2.37,105,1858.16,4.94,70.01,12.99
2,2016-01-28,9,Thursday,0,4,3.68,12.33,1.89,15.82,13.39,2087,2.07,1006,15259.13,3.8,70.01,9.67
1,2016-01-28,12,Thursday,0,4,3.54,12.4,1.59,16.12,12.25,937,1.19,790,11886.93,3.8,70.0,10.03
1,2016-01-28,17,Thursday,0,4,3.7,12.13,1.72,15.53,13.8,1070,1.23,872,13800.11,4.3,69.99,10.06
1,2016-01-28,19,Thursday,0,4,3.73,11.16,1.66,13.15,15.64,1387,1.17,1183,17415.75,4.8,70.01,8.8
2,2016-01-28,21,Thursday,0,4,4.71,12.26,1.92,13.26,19.93,2774,2.07,1338,20993.78,3.8,70.01,9.94
1,2016-01-28,22,Thursday,0,4,5.01,12.88,2.15,13.8,20.23,1394,1.26,1107,18256.55,4.3,69.99,10.29
1,2016-01-28,23,Thursday,0,4,5.09,12.74,1.92,13.15,21.77,1215,1.24,978,15802.58,4.3,58.34,9.83
2,2016-01-29,0,Friday,0,5,5.02,12.48,1.92,12.99,22.34,1532,2.1,730,11553.33,4.3,66.34,9.43
1,2016-01-29,1,Friday,0,5,5.15,12.52,1.71,12.08,23.76,511,1.23,416,6476.52,4.8,59.15,9.91
1,2016-01-29,3,Friday,0,5,5.42,12.56,1.44,11.51,26.41,248,1.32,188,2875.55,4.8,46.5,8.56
1,2016-01-29,10,Friday,0,5,3.87,12.28,1.68,14.91,14.72,848,1.12,760,11388.95,3.8,69.99,10.22
2,2016-01-29,12,Friday,0,5,3.78,12.04,1.78,14.66,14.38,2030,1.99,1021,15231.37,3.8,70.01,10.57
1,2016-01-29,13,Friday,0,5,3.75,11.79,1.58,14.17,14.42,1065,1.19,893,12893.66,3.8,69.99,10.41
1,2016-01-29,14,Friday,0,5,3.86,12.09,1.65,14.78,14.15,1105,1.21,916,13596.25,4.3,69.99,10.73
1,2016-01-29,15,Friday,0,5,3.79,12.1,1.6,15.29,13.49,1024,1.24,824,12215.94,3.8,69.99,10.86
1,2016-01-29,16,Friday,0,5,3.88,12.02,1.69,14.88,14.51,933,1.25,745,11748.88,4.8,69.99,10.76
2,2016-01-29,17,Friday,0,5,3.78,11.65,1.76,14.46,14.84,2215,2.06,1074,16534.06,5.3,70.01,9.79
2,2016-01-29,19,Friday,0,5,3.59,10.93,1.7,13.04,15.77,2960,2.0,1480,21568.19,4.8,70.01,8.57
2,2016-01-29,22,Friday,0,5,4.35,12.18,1.69,13.88,17.93,2630,1.99,1320,20192.96,4.3,70.01,9.38
2,2016-01-29,23,Friday,0,5,4.85,13.06,1.84,14.76,18.89,2620,1.92,1365,22316.24,4.3,70.01,9.89
2,2016-01-30,0,Saturday,1,6,5.03,13.0,1.9,14.07,20.57,2572,2.08,1239,20230.47,4.3,71.72,10.32
1,2016-01-30,1,Saturday,1,6,4.9,12.46,1.74,13.0,21.18,1190,1.37,866,13495.4,4.3,65.34,9.15
1,2016-01-30,3,Saturday,1,6,5.14,12.35,1.79,11.96,23.85,702,1.34,522,8086.79,4.3,58.34,8.69
1,2016-01-30,10,Saturday,1,6,3.89,10.57,1.34,10.82,19.82,936,1.26,742,9535.44,3.4,64.34,8.59
2,2016-01-30,12,Saturday,1,6,3.72,10.7,1.44,11.8,17.88,2357,2.08,1132,14790.52,3.8,70.01,8.93
1,2016-01-30,13,Saturday,1,6,3.63,10.89,1.38,12.36,16.85,1247,1.33,937,12403.02,3.8,69.99,8.68
1,2016-01-30,14,Saturday,1,6,3.67,11.07,1.37,12.47,16.57,1252,1.37,916,12289.79,3.8,69.99,9.35
1,2016-01-30,15,Saturday,1,6,3.64,11.13,1.37,13.06,15.88,1293,1.35,956,12898.78,3.8,70.0,9.51
1,2016-01-30,16,Saturday,1,6,3.78,11.55,1.49,13.81,15.73,1300,1.39,936,13234.21,3.8,70.0,9.65
2,2016-01-30,17,Saturday,1,6,3.95,11.61,1.47,13.81,16.51,2332,2.04,1144,16047.45,3.3,70.01,9.24
2,2016-01-30,19,Saturday,1,6,3.56,11.16,1.47,13.7,15.59,3020,2.11,1432,19348.97,3.8,70.01,8.02
2,2016-01-30,22,Saturday,1,6,4.29,12.19,1.67,14.14,17.5,2457,1.92,1280,19550.49,4.3,70.01,9.45
2,2016-01-30,23,Saturday,1,6,4.49,12.42,1.79,14.31,18.48,2675,2.07,1293,20213.65,4.3,70.01,8.94
2,2016-01-31,0,Sunday,1,7,4.5,12.17,1.74,13.6,19.58,2426,2.02,1199,18321.25,4.3,59.0,8.47
1,2016-01-31,1,Sunday,1,7,4.64,12.0,1.68,12.73,20.64,1297,1.37,944,14207.43,4.3,56.15,8.52
1,2016-01-31,3,Sunday,1,7,5.11,12.26,1.6,11.75,24.26,859,1.35,635,9661.47,4.3,63.35,8.64
1,2016-01-31,10,Sunday,1,7,3.79,9.99,1.28,9.53,22.06,958,1.29,741,9085.41,3.3,69.99,8.41
2,2016-01-31,12,Sunday,1,7,3.92,10.71,1.52,11.21,19.6,2067,2.04,1013,13436.93,3.8,70.01,9.85
1,2016-01-31,13,Sunday,1,7,4.39,11.93,1.54,12.64,18.32,1053,1.3,813,11787.73,3.8,69.99,11.38
1,2016-01-31,14,Sunday,1,7,4.51,12.29,1.59,13.53,17.79,1149,1.31,875,13158.95,3.8,70.0,11.73
1,2016-01-31,15,Sunday,1,7,4.54,12.27,1.7,13.51,18.06,1165,1.35,861,13037.56,3.8,69.99,12.23
1,2016-01-31,16,Sunday,1,7,4.29,11.91,1.64,13.42,17.72,1110,1.36,815,12010.55,3.8,69.99,11.02
2,2016-01-31,17,Sunday,1,7,4.91,12.8,1.76,14.2,18.66,1902,2.0,953,15006.97,4.3,70.01,12.57
2,2016-01-31,19,Sunday,1,7,5.02,12.65,1.65,13.2,20.63,1755,1.92,916,14249.71,3.8,70.01,11.82
2,2016-01-31,22,Sunday,1,7,5.33,12.57,1.8,11.78,24.97,1321,2.04,647,10298.91,4.8,70.01,10.85
2,2016-01-31,23,Sunday,1,7,6.07,13.48,1.82,11.34,28.67,1022,2.09,488,8280.78,4.3,70.34,12.5
1,2016-02-01,2,Monday,0,1,5.39,12.32,1.27,11.08,27.87,151,1.2,126,1881.05,4.8,43.3,8.26
2,2016-02-01,5,Monday,0,1,6.54,13.96,2.01,11.15,31.1,355,1.78,200,3569.38,4.3,70.01,14.84
2,2016-02-01,6,Monday,0,1,5.34,12.19,1.76,10.91,26.28,1026,2.02,508,7728.54,4.3,70.01,13.42
2,2016-02-01,7,Monday,0,1,4.06,11.06,1.52,11.95,19.59,1654,2.07,798,10848.83,3.8,68.21,9.68
2,2016-02-01,8,Monday,0,1,3.78,11.56,1.74,13.79,15.87,1938,1.92,1012,14495.87,4.3,70.01,9.89
1,2016-02-01,9,Monday,0,1,3.94,11.93,1.78,14.03,15.31,935,1.13,829,12252.18,3.8,69.99,10.89
2,2016-02-01,11,Monday,0,1,4.44,12.82,1.83,14.88,16.21,1478,2.0,740,11729.82,4.3,70.01,12.31
2,2016-02-01,18,Monday,0,1,3.78,11.21,1.84,13.5,16.13,2564,1.98,1292,19451.48,4.8,61.61,9.04
2,2016-02-01,20,Monday,0,1,4.68,11.68,2.04,11.47,22.2,2159,2.02,1068,16356.05,4.3,70.01,11.05
1,2016-02-01,21,Monday,0,1,5.12,12.41,1.96,12.09,23.2,1025,1.21,844,13438.25,4.8,69.99,10.67
2,2016-02-02,1,Tuesday,0,2,5.22,11.96,1.61,10.75,27.4,397,1.94,205,3054.85,4.3,47.3,8.42
1,2016-02-02,5,Tuesday,0,2,5.56,12.36,1.72,9.37,29.94,189,1.13,168,2646.97,4.8,69.99,15.18
1,2016-02-02,6,Tuesday,0,2,4.07,10.26,1.31,9.22,24.09,494,1.05,470,5918.94,4.3,69.99,10.11
1,2016-02-02,7,Tuesday,0,2,3.76,10.71,1.53,11.54,18.24,985,1.1,893,11816.2,3.8,69.99,9.72
1,2016-02-02,8,Tuesday,0,2,3.32,10.91,1.63,13.34,14.23,1126,1.11,1016,13699.71,3.8,66.34,9.04
2,2016-02-02,10,Tuesday,0,2,3.72,11.92,1.7,14.5,14.33,1788,1.91,935,13745.58,3.8,68.34,10.18
1,2016-02-02,11,Tuesday,0,2,3.75,11.99,1.58,14.56,14.55,853,1.16,738,10774.21,3.8,69.99,10.06
2,2016-02-02,13,Tuesday,0,2,4.03,12.03,1.74,14.04,15.74,1816,2.05,885,13141.2,3.8,70.01,10.9
2,2016-02-02,14,Tuesday,0,2,3.95,11.96,1.65,14.21,15.14,1974,2.16,913,13438.87,3.8,70.01,11.12
2,2016-02-02,15,Tuesday,0,2,3.95,11.8,1.65,13.69,15.79,1777,1.97,901,13124.43,3.8,70.34,11.44
2,2016-02-02,16,Tuesday,0,2,3.72,11.1,1.65,13.23,16.07,1670,1.98,845,12458.88,4.8,65.81,9.56
1,2016-02-02,18,Tuesday,0,2,3.11,10.21,1.64,12.42,14.82,1247,1.18,1060,14588.13,4.8,60.39,7.33
1,2016-02-02,20,Tuesday,0,2,4.25,11.16,1.79,11.55,20.19,1199,1.18,1018,14724.03,4.8,70.0,9.47
2,2016-02-03,1,Wednesday,0,3,5.09,11.72,1.67,10.56,27.44,433,1.87,232,3426.32,3.8,54.84,8.3
2,2016-02-03,3,Wednesday,0,3,6.82,14.56,1.6,12.24,30.35,243,2.23,109,1910.44,4.8,63.36,11.59
1,2016-02-03,5,Wednesday,0,3,6.09,13.15,1.83,9.83,31.01,182,1.13,161,2701.98,4.3,69.99,15.31
1,2016-02-03,6,Wednesday,0,3,4.28,10.46,1.49,9.36,24.35,512,1.07,479,6259.28,3.8,69.99,10.62
1,2016-02-03,7,Wednesday,0,3,3.85,10.94,1.6,12.31,17.52,1016,1.11,918,12415.57,3.8,70.0,9.54
1,2016-02-03,8,Wednesday,0,3,3.5,11.12,1.77,13.52,14.85,1172,1.13,1034,14326.11,3.3,68.34,8.92
2,2016-02-03,10,Wednesday,0,3,3.56,11.47,1.65,14.08,14.34,1914,2.04,936,13252.19,3.8,70.01,9.88
1,2016-02-03,11,Wednesday,0,3,3.82,12.11,1.84,14.56,14.56,927,1.16,801,12035.27,3.8,70.01,10.6
2,2016-02-03,13,Wednesday,0,3,3.35,11.2,1.59,13.99,13.55,2146,2.06,1044,14371.32,3.8,70.01,9.49
2,2016-02-03,14,Wednesday,0,3,3.45,11.42,1.54,14.5,13.42,1999,2.02,992,13877.7,3.3,70.01,9.8
2,2016-02-03,15,Wednesday,0,3,3.47,11.73,1.59,15.38,12.83,2156,2.12,1016,14586.69,3.8,70.01,10.08
2,2016-02-03,16,Wednesday,0,3,3.44,11.47,1.67,14.99,13.48,1568,2.03,774,11726.94,4.8,61.34,9.77
1,2016-02-03,18,Wednesday,0,3,3.29,10.99,1.77,14.01,13.78,1161,1.17,995,14630.03,4.8,70.0,7.89
1,2016-02-03,20,Wednesday,0,3,4.59,11.82,1.93,12.33,19.94,1132,1.17,964,14786.94,4.8,69.99,10.64
1,2016-02-04,2,Thursday,0,4,5.21,12.04,1.49,10.57,26.66,210,1.18,178,2644.32,4.3,53.75,9.25
1,2016-02-04,4,Thursday,0,4,6.55,14.08,1.56,11.5,31.87,130,1.16,112,1923.84,4.8,68.34,11.75
2,2016-02-04,5,Thursday,0,4,7.41,15.51,2.19,12.1,31.64,343,2.18,157,3077.94,4.8,70.01,18.1
2,2016-02-04,6,Thursday,0,4,4.29,10.42,1.58,9.5,25.0,992,1.9,521,6818.08,4.3,70.01,10.61
2,2016-02-04,7,Thursday,0,4,3.82,10.63,1.56,11.73,18.47,1926,1.98,975,12851.61,3.8,67.34,9.16
2,2016-02-04,8,Thursday,0,4,3.47,11.14,1.73,13.81,14.74,2481,2.06,1204,16653.82,3.8,70.01,8.9
1,2016-02-04,9,Thursday,0,4,3.51,11.53,1.77,14.29,14.18,1046,1.1,949,13554.79,3.8,69.99,9.57
2,2016-02-04,11,Thursday,0,4,3.69,12.1,1.86,14.93,14.15,1706,2.02,846,12734.74,3.8,70.01,11.0
2,2016-02-04,18,Thursday,0,4,3.56,11.07,1.62,13.57,15.33,2626,2.02,1303,19079.61,4.8,61.61,8.47
2,2016-02-04,20,Thursday,0,4,4.34,11.64,1.88,12.71,18.97,2784,1.95,1426,21437.61,4.3,70.01,9.87
1,2016-02-04,21,Thursday,0,4,4.62,12.27,2.0,13.32,19.32,1350,1.22,1107,17495.63,4.3,70.0,10.54
2,2016-02-05,0,Friday,0,5,4.93,12.07,1.8,12.07,23.17,1473,1.98,744,11341.07,4.3,70.01,9.54
1,2016-02-05,1,Friday,0,5,5.12,12.24,1.67,11.84,24.09,462,1.25,370,5648.16,4.8,56.0,8.89
1,2016-02-05,3,Friday,0,5,5.32,12.43,1.36,11.43,26.1,248,1.29,192,2917.72,4.3,61.34,8.94
1,2016-02-05,10,Friday,0,5,3.38,10.98,1.56,13.12,14.67,847,1.13,752,10131.97,4.3,70.0,9.31
2,2016-02-05,12,Friday,0,5,4.32,12.04,1.59,13.03,17.69,1592,1.93,824,12164.21,4.3,70.01,11.47
1,2016-02-05,13,Friday,0,5,3.85,11.1,1.45,12.23,16.67,872,1.18,742,10086.25,3.8,69.99,10.16
1,2016-02-05,14,Friday,0,5,4.26,11.86,1.56,12.92,17.3,982,1.21,813,11851.66,3.8,69.99,11.68
1,2016-02-05,15,Friday,0,5,3.68,10.88,1.47,12.18,16.39,1031,1.23,840,11280.36,4.3,69.99,10.48
1,2016-02-05,16,Friday,0,5,3.38,10.12,1.4,11.35,17.17,972,1.24,781,10507.85,4.8,59.75,8.42
2,2016-02-05,17,Friday,0,5,3.89,11.14,1.68,12.7,17.19,2270,1.96,1159,17188.45,4.8,60.3,9.41
2,2016-02-05,19,Friday,0,5,3.86,10.97,1.65,12.28,17.75,2819,1.95,1444,21057.42,4.8,65.21,8.26
2,2016-02-05,22,Friday,0,5,4.28,11.46,1.71,12.39,19.52,2430,1.9,1277,18600.47,3.8,70.01,8.9
2,2016-02-05,23,Friday,0,5,4.77,12.3,1.79,12.96,20.37,2591,1.97,1312,20329.03,4.3,70.01,9.54
1,2016-02-06,0,Saturday,1,6,4.63,11.98,1.73,12.29,20.85,1394,1.37,1019,15414.13,4.3,70.0,9.86
2,2016-02-06,2,Saturday,1,6,4.8,11.83,1.61,11.83,23.18,1676,2.05,818,12092.34,3.8,64.61,8.47
2,2016-02-06,4,Saturday,1,6,6.08,13.53,1.41,12.0,28.28,807,2.29,353,5757.2,4.3,58.34,9.84
2,2016-02-06,9,Saturday,1,6,3.75,9.86,1.22,9.37,22.72,1581,2.06,768,9222.48,3.8,70.01,7.9
1,2016-02-06,12,Saturday,1,6,3.71,10.68,1.34,11.46,18.17,1277,1.29,988,12813.66,3.8,70.0,8.44
1,2016-02-06,17,Saturday,1,6,3.72,10.76,1.39,12.19,17.36,1493,1.39,1071,14121.0,3.8,69.99,8.65
1,2016-02-06,19,Saturday,1,6,3.43,10.83,1.43,13.03,15.45,1759,1.41,1250,16611.23,3.8,68.34,7.54
2,2016-02-06,21,Saturday,1,6,3.92,11.13,1.5,12.25,18.43,2365,2.06,1149,16109.62,4.3,70.01,8.59
1,2016-02-06,22,Saturday,1,6,4.04,11.5,1.6,12.85,18.08,1687,1.48,1143,16544.42,4.3,69.99,8.62
1,2016-02-06,23,Saturday,1,6,4.47,12.31,1.71,14.0,18.51,1740,1.45,1203,18579.71,4.3,70.34,9.04
1,2016-02-07,0,Sunday,1,7,4.32,11.62,1.65,12.7,19.9,1561,1.47,1061,15533.62,4.3,59.15,7.88
2,2016-02-07,2,Sunday,1,7,4.84,11.83,1.61,11.66,22.98,1906,2.03,937,13870.5,4.3,59.21,8.75
2,2016-02-07,4,Sunday,1,7,5.97,13.26,1.38,11.68,28.4,785,2.03,387,6214.65,4.8,53.76,10.18
2,2016-02-07,9,Sunday,1,7,4.16,10.38,1.28,8.76,26.08,1223,2.13,573,7257.88,4.3,70.01,9.9
1,2016-02-07,12,Sunday,1,7,3.81,10.48,1.26,10.68,19.86,1086,1.31,830,10534.79,3.8,68.34,8.66
1,2016-02-07,17,Sunday,1,7,4.25,11.45,1.66,12.37,19.3,1497,1.36,1103,15710.28,3.3,69.99,9.65
1,2016-02-07,19,Sunday,1,7,4.6,11.26,1.52,10.45,23.43,787,1.28,613,8557.21,4.3,69.99,10.34
2,2016-02-07,21,Sunday,1,7,4.78,11.32,1.69,10.04,26.14,1617,2.03,797,11555.26,4.8,70.01,10.08
1,2016-02-07,22,Sunday,1,7,5.2,12.35,1.88,11.53,24.85,1266,1.36,930,14601.8,4.3,69.99,10.13
1,2016-02-07,23,Sunday,1,7,5.43,12.79,1.69,11.83,25.44,918,1.34,683,10910.65,4.8,68.34,10.17
2,2016-02-08,0,Monday,0,1,5.07,11.72,1.4,10.24,27.57,788,2.04,387,5608.48,4.3,62.8,9.6
1,2016-02-08,1,Monday,0,1,5.2,12.11,1.46,10.17,28.39,241,1.22,198,2946.24,4.8,70.0,9.74
1,2016-02-08,3,Monday,0,1,6.12,13.46,1.15,11.49,29.37,120,1.13,106,1685.94,4.8,57.95,9.25
1,2016-02-08,10,Monday,0,1,3.36,10.62,1.43,12.48,14.89,908,1.19,766,9968.72,3.8,69.99,9.11
2,2016-02-08,12,Monday,0,1,3.41,10.37,1.42,11.78,16.19,1664,2.0,830,10627.17,3.8,70.01,8.98
1,2016-02-08,13,Monday,0,1,4.11,11.22,1.45,11.77,18.26,899,1.21,746,10293.1,3.8,70.0,11.34
1,2016-02-08,14,Monday,0,1,4.15,11.49,1.44,12.43,17.57,1009,1.21,835,11737.84,3.8,69.99,11.22
1,2016-02-08,15,Monday,0,1,3.83,11.1,1.47,12.11,16.74,1065,1.26,842,11558.16,3.8,69.99,11.04
1,2016-02-08,16,Monday,0,1,3.48,10.13,1.45,11.06,17.56,906,1.23,735,9976.31,4.3,60.99,9.25
2,2016-02-08,17,Monday,0,1,3.79,10.78,1.65,12.18,17.83,2101,2.01,1044,15009.26,5.3,61.01,9.11
2,2016-02-08,19,Monday,0,1,3.99,10.51,1.63,10.84,20.27,2436,2.01,1213,17157.3,4.8,63.36,8.79
2,2016-02-08,22,Monday,0,1,4.99,11.85,1.95,10.93,24.8,2011,2.11,953,14611.59,4.3,70.34,10.46
2,2016-02-08,23,Monday,0,1,5.81,13.02,1.99,11.37,26.84,1318,2.1,629,10503.55,4.3,70.01,12.16
1,2016-02-09,2,Tuesday,0,2,4.9,11.75,1.46,9.91,27.92,151,1.22,124,1810.3,4.8,58.34,9.56
1,2016-02-09,4,Tuesday,0,2,7.61,15.88,2.34,11.62,34.38,100,1.27,79,1617.41,5.3,69.99,15.85
2,2016-02-09,5,Tuesday,0,2,6.6,13.92,1.82,10.38,32.79,314,1.74,180,3168.13,4.3,70.01,15.49
2,2016-02-09,6,Tuesday,0,2,4.45,10.88,1.48,9.85,24.99,918,1.88,489,6562.35,3.8,70.01,11.41
2,2016-02-09,7,Tuesday,0,2,3.97,10.83,1.59,11.57,19.23,1845,2.05,901,12118.35,4.3,70.01,10.17
2,2016-02-09,8,Tuesday,0,2,3.62,10.99,1.71,12.89,16.02,2314,1.93,1202,16457.63,3.8,70.01,9.38
1,2016-02-09,9,Tuesday,0,2,3.57,11.44,1.71,13.73,14.56,965,1.1,880,12432.27,3.8,70.0,9.7
2,2016-02-09,11,Tuesday,0,2,4.07,12.42,1.71,15.01,15.11,1616,2.01,803,12252.2,3.8,70.01,11.04
2,2016-02-09,18,Tuesday,0,2,3.32,10.44,1.66,12.47,15.85,2843,2.02,1408,19768.91,4.8,59.21,7.55
2,2016-02-09,20,Tuesday,0,2,4.42,11.39,1.82,11.66,21.05,2457,1.93,1275,18721.9,4.3,70.01,9.22
1,2016-02-09,21,Tuesday,0,2,4.73,11.87,1.99,11.87,21.83,1282,1.23,1041,15997.39,4.3,69.99,10.12
2,2016-02-10,1,Wednesday,0,3,5.43,12.29,1.56,10.91,27.69,488,2.05,238,3610.44,4.3,70.01,9.42
2,2016-02-10,3,Wednesday,0,3,5.69,12.5,1.42,10.77,30.11,227,2.06,110,1685.16,4.3,45.8,9.3
1,2016-02-10,5,Wednesday,0,3,5.14,11.57,1.54,9.4,29.48,181,1.12,161,2384.12,4.3,68.34,12.31
1,2016-02-10,6,Wednesday,0,3,3.94,9.96,1.38,9.09,24.01,478,1.07,446,5511.72,3.8,69.99,9.6
1,2016-02-10,7,Wednesday,0,3,3.49,10.02,1.44,10.91,18.48,1085,1.13,959,11868.82,3.8,69.99,7.98
1,2016-02-10,8,Wednesday,0,3,3.28,10.58,1.56,12.64,14.85,1148,1.13,1013,13231.87,3.8,69.99,8.84
2,2016-02-10,10,Wednesday,0,3,3.89,11.94,1.75,14.3,15.03,1998,2.05,975,14409.72,3.8,70.01,10.94
1,2016-02-10,11,Wednesday,0,3,3.64,11.67,1.64,14.12,14.22,866,1.13,763,10955.15,3.8,70.0,10.44
2,2016-02-10,13,Wednesday,0,3,3.97,11.97,1.66,14.07,15.5,1845,2.05,901,13268.6,3.8,70.01,10.82
2,2016-02-10,14,Wednesday,0,3,4.15,12.02,1.67,13.92,15.84,2084,2.01,1039,15440.98,4.3,70.01,11.75
2,2016-02-10,15,Wednesday,0,3,3.82,11.4,1.47,13.27,15.52,2024,2.15,940,13112.63,3.8,70.01,10.97
2,2016-02-10,16,Wednesday,0,3,3.68,10.88,1.66,12.68,16.49,1780,2.07,861,12545.79,4.8,66.41,9.44
1,2016-02-10,18,Wednesday,0,3,3.49,10.62,1.66,12.61,15.63,1344,1.18,1136,16153.8,4.8,67.61,8.28
1,2016-02-10,20,Wednesday,0,3,4.01,10.88,1.73,11.51,19.15,1377,1.21,1139,16047.05,4.3,69.99,9.19
1,2016-02-11,2,Thursday,0,4,5.12,11.75,1.24,10.2,27.22,203,1.17,173,2486.21,4.8,69.99,9.9
2,2016-02-11,5,Thursday,0,4,6.05,12.95,1.84,10.05,30.92,403,2.09,193,3175.65,4.3,70.01,14.26
2,2016-02-11,6,Thursday,0,4,4.69,11.13,1.64,9.94,25.75,1045,1.96,533,7347.83,3.8,70.01,11.51
2,2016-02-11,7,Thursday,0,4,3.57,10.14,1.44,10.94,19.21,2097,2.0,1046,13083.02,3.8,70.01,8.44
2,2016-02-11,8,Thursday,0,4,3.36,10.82,1.65,13.25,14.83,2606,2.1,1242,16618.74,3.8,71.21,8.47
1,2016-02-11,9,Thursday,0,4,3.27,11.21,1.65,14.06,13.35,1106,1.11,999,13772.9,3.8,68.79,8.64
2,2016-02-11,11,Thursday,0,4,3.69,12.0,1.65,14.91,14.28,2104,2.01,1045,15307.34,3.8,70.01,9.44
2,2016-02-11,18,Thursday,0,4,3.47,10.99,1.72,13.66,14.96,3000,2.06,1456,21356.28,4.8,62.16,8.43
2,2016-02-11,20,Thursday,0,4,4.09,11.25,1.81,12.39,18.15,3059,2.04,1498,21816.99,4.3,70.01,9.67
1,2016-02-11,21,Thursday,0,4,4.72,12.34,2.01,13.3,19.5,1586,1.26,1254,19923.73,4.3,70.0,10.77
1,2016-02-12,0,Friday,0,5,5.39,12.89,1.93,12.16,24.24,802,1.23,652,10641.22,4.8,68.34,11.01
2,2016-02-12,2,Friday,0,5,5.65,12.82,1.48,11.58,27.12,525,2.08,252,3949.89,4.8,53.16,8.98
2,2016-02-12,4,Friday,0,5,6.79,14.65,1.45,11.7,31.09,387,2.26,171,3055.36,4.8,70.01,13.54
2,2016-02-12,9,Friday,0,5,3.54,11.72,1.7,14.71,13.8,2314,2.04,1137,16367.71,3.8,70.01,9.74
1,2016-02-12,12,Friday,0,5,3.68,11.99,1.58,14.45,13.97,1152,1.21,953,13942.54,3.8,69.99,10.93
1,2016-02-12,17,Friday,0,5,3.63,11.41,1.68,14.23,14.95,1134,1.25,905,13633.77,5.3,60.8,9.18
1,2016-02-12,19,Friday,0,5,3.75,11.28,1.69,13.41,15.99,1562,1.28,1225,18229.64,4.8,61.3,8.34
2,2016-02-12,21,Friday,0,5,4.52,12.17,1.78,13.25,18.96,2551,2.01,1271,19662.14,3.8,70.01,10.24
1,2016-02-12,22,Friday,0,5,4.49,12.24,1.72,13.42,18.66,1638,1.42,1151,17787.09,4.3,69.99,10.0
1,2016-02-12,23,Friday,0,5,4.67,12.24,1.74,13.07,19.74,1470,1.38,1069,16535.07,3.8,69.99,10.13
2,2016-02-13,1,Saturday,1,6,4.9,12.15,1.64,12.17,22.85,1901,2.12,896,13566.77,4.3,70.0,8.96
2,2016-02-13,3,Saturday,1,6,4.93,11.68,1.49,10.89,25.03,1120,2.07,540,7834.49,4.3,54.8,8.36
1,2016-02-13,5,Saturday,1,6,6.41,13.89,1.54,10.65,31.4,189,1.24,152,2577.09,4.8,69.99,14.21
1,2016-02-13,6,Saturday,1,6,5.1,11.73,1.23,9.42,27.64,211,1.14,185,2602.88,4.3,69.99,12.6
1,2016-02-13,7,Saturday,1,6,4.4,10.57,1.28,8.79,26.35,327,1.14,287,3686.18,4.3,70.0,10.63
1,2016-02-13,8,Saturday,1,6,3.67,9.58,1.19,8.75,22.71,536,1.19,451,5293.48,3.3,69.99,8.91
2,2016-02-13,10,Saturday,1,6,3.61,9.75,1.37,9.66,20.75,2014,2.04,986,11890.24,3.8,70.01,8.76
1,2016-02-13,11,Saturday,1,6,3.73,10.34,1.37,10.58,19.37,1227,1.31,935,11814.17,3.8,70.01,8.32
2,2016-02-13,13,Saturday,1,6,3.72,11.1,1.41,12.55,17.17,2881,2.02,1423,19216.99,3.8,70.01,9.51
2,2016-02-13,14,Saturday,1,6,3.83,11.14,1.31,12.36,17.09,2700,2.14,1264,16984.75,3.8,70.01,10.23
2,2016-02-13,15,Saturday,1,6,3.33,10.2,1.23,11.6,16.69,2587,2.04,1267,15624.54,3.8,70.34,8.22
2,2016-02-13,16,Saturday,1,6,3.58,10.73,1.34,12.31,16.96,2436,2.08,1171,15221.21,3.8,70.01,9.04
1,2016-02-13,18,Saturday,1,6,3.53,11.08,1.52,13.25,15.6,1699,1.41,1203,16380.62,3.8,70.34,8.45
1,2016-02-13,20,Saturday,1,6,3.5,10.83,1.46,12.82,15.96,1435,1.38,1037,14142.77,3.8,69.99,7.54
1,2016-02-14,2,Sunday,1,7,4.96,12.12,1.66,11.81,23.34,806,1.38,586,8845.54,4.3,62.8,8.82
1,2016-02-14,4,Sunday,1,7,5.61,12.83,1.38,11.4,27.08,366,1.33,276,4310.91,4.3,58.34,9.42
2,2016-02-14,5,Sunday,1,7,6.69,14.33,1.26,11.39,30.14,231,1.83,126,2164.33,4.3,70.01,14.09
2,2016-02-14,6,Sunday,1,7,5.44,12.1,1.19,9.67,31.09,314,1.91,164,2338.98,3.8,63.36,11.65
2,2016-02-14,7,Sunday,1,7,4.92,11.33,1.28,8.71,29.42,468,1.8,260,3567.51,3.8,68.24,11.82
2,2016-02-14,8,Sunday,1,7,3.8,9.54,1.26,8.04,25.74,948,2.16,439,5173.37,3.8,63.34,8.97
1,2016-02-14,9,Sunday,1,7,3.8,9.7,1.22,8.52,24.25,754,1.29,583,6925.03,4.3,69.99,8.53
2,2016-02-14,11,Sunday,1,7,3.58,9.71,1.28,9.43,21.54,2408,2.07,1164,13895.92,3.3,70.01,8.53
2,2016-02-14,18,Sunday,1,7,3.94,11.57,1.48,13.16,17.15,2847,2.04,1395,19531.74,3.8,70.01,9.65
2,2016-02-14,20,Sunday,1,7,3.97,10.79,1.46,11.28,19.52,2299,2.07,1108,15135.86,4.3,70.01,9.1
1,2016-02-14,21,Sunday,1,7,4.24,11.22,1.51,11.49,20.18,1269,1.42,895,12691.77,4.3,65.34,9.6
1,2016-02-15,0,Monday,0,1,4.97,11.86,1.49,10.49,25.61,864,1.41,612,9023.73,4.3,70.01,10.04
2,2016-02-15,2,Monday,0,1,5.19,11.9,1.34,10.37,27.6,577,2.24,258,3777.94,4.8,70.01,9.49
2,2016-02-15,4,Monday,0,1,6.32,13.73,1.61,11.41,32.05,295,2.08,142,2429.47,4.3,45.8,10.15
2,2016-02-15,9,Monday,0,1,3.82,9.97,1.46,9.36,22.11,1760,2.02,871,10845.88,3.8,70.01,9.27
1,2016-02-15,12,Monday,0,1,3.77,10.6,1.43,11.28,18.17,1277,1.3,982,12800.74,3.8,69.99,9.75
1,2016-02-15,17,Monday,0,1,4.07,11.2,1.56,13.14,16.61,1021,1.3,787,11016.54,3.8,69.99,10.86
1,2016-02-15,19,Monday,0,1,4.01,10.58,1.55,11.01,19.23,1118,1.28,873,11606.97,3.3,70.0,10.05
2,2016-02-15,21,Monday,0,1,4.57,11.2,1.74,10.75,22.68,1840,1.93,953,13744.7,4.3,70.01,10.91
1,2016-02-15,22,Monday,0,1,4.73,11.43,1.75,10.7,23.19,873,1.28,681,10022.7,4.8,70.01,11.13
1,2016-02-15,23,Monday,0,1,5.73,12.98,1.76,11.48,26.18,655,1.24,530,8660.13,3.8,70.0,12.02
2,2016-02-16,1,Tuesday,0,2,8.26,16.77,2.47,12.88,33.97,522,2.06,253,5419.53,4.8,70.01,15.72
2,2016-02-16,3,Tuesday,0,2,7.34,15.25,1.89,11.93,31.78,256,2.06,124,2351.51,4.3,70.01,14.58
1,2016-02-16,5,Tuesday,0,2,6.48,14.24,2.11,11.02,30.66,193,1.11,174,3164.88,4.3,69.99,15.51
1,2016-02-16,6,Tuesday,0,2,4.44,10.85,1.51,9.7,24.76,519,1.08,479,6445.53,3.8,69.99,11.83
1,2016-02-16,7,Tuesday,0,2,3.92,10.57,1.52,10.93,20.06,750,1.07,702,9188.83,3.3,69.99,9.43
1,2016-02-16,8,Tuesday,0,2,3.89,11.47,1.65,13.27,16.26,1081,1.13,955,13553.06,4.3,70.01,10.21
2,2016-02-16,10,Tuesday,0,2,4.13,12.21,1.73,14.51,15.78,1877,2.07,905,13634.96,4.3,70.01,10.98
1,2016-02-16,11,Tuesday,0,2,4.08,12.24,1.62,14.69,14.96,930,1.19,779,11647.74,3.8,69.99,10.82
2,2016-02-16,13,Tuesday,0,2,3.22,10.75,1.38,13.46,13.83,2330,2.05,1139,14896.49,3.8,70.01,8.78
2,2016-02-16,14,Tuesday,0,2,3.59,11.56,1.47,14.66,13.72,2281,2.01,1133,15883.4,4.3,70.01,10.46
2,2016-02-16,15,Tuesday,0,2,3.56,11.25,1.37,13.87,14.78,1578,1.95,810,11016.88,4.3,70.01,9.8
2,2016-02-16,16,Tuesday,0,2,4.12,11.86,1.72,14.14,16.66,1434,1.91,749,11765.41,4.8,70.61,11.14
1,2016-02-16,18,Tuesday,0,2,3.38,10.86,1.64,13.51,14.96,1196,1.23,972,14006.91,4.8,58.59,7.47
1,2016-02-16,20,Tuesday,0,2,4.61,11.78,1.84,12.12,20.79,1011,1.18,855,12934.75,4.8,70.34,10.28
1,2016-02-17,0,Wednesday,0,3,5.91,13.44,1.72,12.16,26.5,477,1.21,395,6599.08,4.3,68.34,10.99
2,2016-02-17,2,Wednesday,0,3,5.39,12.22,1.28,10.49,28.68,383,2.16,177,2624.08,3.8,63.36,9.43
2,2016-02-17,4,Wednesday,0,3,7.32,15.31,1.57,11.38,33.76,222,2.31,96,1809.83,4.8,63.34,13.28
2,2016-02-17,9,Wednesday,0,3,4.05,12.4,1.74,14.77,15.73,2057,1.97,1046,15914.95,3.8,70.01,10.43
1,2016-02-17,12,Wednesday,0,3,3.87,12.23,1.56,14.63,14.48,1042,1.21,859,12754.81,4.3,69.99,10.97
1,2016-02-17,17,Wednesday,0,3,3.42,11.01,1.68,13.54,14.78,1086,1.23,881,12915.5,5.3,59.15,8.77
1,2016-02-17,19,Wednesday,0,3,3.61,10.59,1.62,12.03,17.18,1377,1.22,1128,15913.08,4.8,55.34,7.74
2,2016-02-17,21,Wednesday,0,3,4.34,11.18,1.83,11.35,21.41,2521,1.99,1264,18317.85,4.3,68.34,9.03
1,2016-02-17,22,Wednesday,0,3,5.11,12.66,1.97,12.56,22.42,1207,1.23,985,15834.51,4.3,69.99,10.2
1,2016-02-17,23,Wednesday,0,3,5.29,12.77,1.93,12.34,23.71,964,1.25,773,12495.06,4.3,69.99,10.25
2,2016-02-18,1,Thursday,0,4,4.82,11.36,1.65,10.39,26.31,598,1.95,307,4415.29,4.8,50.76,8.41
2,2016-02-18,3,Thursday,0,4,6.1,13.38,1.71,11.17,30.27,293,2.09,140,2318.97,4.3,51.0,10.35
1,2016-02-18,5,Thursday,0,4,5.87,13.19,1.8,10.12,29.73,207,1.08,191,3195.07,4.8,70.0,15.07
1,2016-02-18,6,Thursday,0,4,4.32,10.67,1.46,9.66,24.55,503,1.07,471,6230.92,3.8,70.01,12.23
1,2016-02-18,7,Thursday,0,4,3.74,10.52,1.55,11.19,18.93,918,1.1,834,10885.13,3.8,70.0,9.41
1,2016-02-18,8,Thursday,0,4,3.68,11.74,1.76,14.31,14.8,1120,1.12,998,14409.36,3.3,70.0,9.44
2,2016-02-18,10,Thursday,0,4,3.74,12.1,1.58,14.99,14.33,1991,2.06,965,14156.74,3.8,67.01,9.4
1,2016-02-18,11,Thursday,0,4,3.57,11.82,1.61,14.61,13.72,928,1.21,769,11086.65,3.8,69.99,9.67
2,2016-02-18,13,Thursday,0,4,4.03,12.22,1.66,14.57,15.15,2076,2.04,1016,15228.61,3.8,70.01,11.07
2,2016-02-18,14,Thursday,0,4,4.05,12.07,1.68,14.19,15.49,1957,1.97,995,14854.99,3.8,66.34,11.35
2,2016-02-18,15,Thursday,0,4,4.27,12.39,1.73,14.71,15.51,1887,1.98,952,14603.87,4.3,70.34,12.05
2,2016-02-18,16,Thursday,0,4,4.02,11.59,1.74,13.68,16.45,1665,1.97,846,13004.23,4.8,71.81,10.66
1,2016-02-18,18,Thursday,0,4,3.45,10.94,1.63,13.46,15.0,1417,1.22,1159,16801.09,4.8,63.36,8.12
1,2016-02-18,20,Thursday,0,4,4.01,11.07,1.7,11.99,18.54,1535,1.25,1230,17498.83,4.3,70.0,9.19
1,2016-02-19,0,Friday,0,5,5.5,13.02,1.82,12.12,24.52,794,1.26,628,10226.79,4.3,67.34,10.83
2,2016-02-19,2,Friday,0,5,5.69,12.84,1.52,11.54,26.61,636,2.15,296,4665.58,4.8,55.38,10.01
2,2016-02-19,4,Friday,0,5,7.01,14.72,1.33,11.68,31.13,302,2.14,141,2506.05,4.3,70.01,13.13
2,2016-02-19,9,Friday,0,5,3.85,11.6,1.75,13.52,15.95,2148,2.04,1055,15156.91,3.8,70.01,9.68
1,2016-02-19,12,Friday,0,5,3.78,11.71,1.57,13.96,15.03,1098,1.23,895,12788.95,3.8,68.34,9.95
1,2016-02-19,17,Friday,0,5,3.69,11.41,1.66,13.87,15.36,1199,1.25,956,14345.34,4.8,70.59,9.16
1,2016-02-19,19,Friday,0,5,3.58,10.91,1.65,12.84,15.74,1597,1.3,1229,17781.19,4.8,59.8,8.38
2,2016-02-19,21,Friday,0,5,4.21,11.55,1.72,12.72,19.01,2516,2.05,1229,18116.81,4.3,70.01,9.0
1,2016-02-19,22,Friday,0,5,4.46,12.13,1.72,13.43,18.8,1406,1.32,1062,16248.99,4.3,69.99,9.55
1,2016-02-19,23,Friday,0,5,4.7,12.53,1.77,13.55,19.49,1597,1.35,1186,18647.42,4.3,68.34,9.67
2,2016-02-20,1,Saturday,1,6,4.66,11.76,1.69,11.85,22.3,2035,2.07,985,14592.78,3.8,70.01,8.8
2,2016-02-20,3,Saturday,1,6,5.28,12.42,1.65,11.83,24.93,1270,2.06,617,9509.51,4.3,52.8,9.04
1,2016-02-20,5,Saturday,1,6,7.59,15.97,1.81,12.49,32.09,184,1.12,165,3199.31,4.55,70.0,13.79
1,2016-02-20,6,Saturday,1,6,6.87,14.73,1.94,11.73,30.82,270,1.19,227,4070.14,4.8,70.0,14.77
1,2016-02-20,7,Saturday,1,6,5.24,12.15,1.54,9.86,28.24,290,1.12,260,3860.92,4.3,67.09,12.19
1,2016-02-20,8,Saturday,1,6,3.94,10.1,1.48,9.22,23.44,506,1.16,435,5442.25,4.8,65.34,9.07
2,2016-02-20,10,Saturday,1,6,3.99,10.72,1.36,11.09,20.42,1843,2.03,910,11867.51,4.3,70.01,8.83
1,2016-02-20,11,Saturday,1,6,3.67,10.62,1.37,11.39,18.37,1067,1.31,815,10528.54,4.3,69.99,9.02
2,2016-02-20,13,Saturday,1,6,3.92,11.43,1.44,13.0,17.24,2333,2.09,1114,15379.37,3.8,70.01,9.43
2,2016-02-20,14,Saturday,1,6,4.16,11.81,1.5,13.3,17.49,1984,2.05,966,13812.03,3.8,70.34,10.59
2,2016-02-20,15,Saturday,1,6,4.23,11.98,1.57,13.65,17.25,2106,2.17,971,14165.69,3.8,70.01,10.92
2,2016-02-20,16,Saturday,1,6,3.87,11.4,1.4,13.22,16.7,1889,2.03,931,12816.63,3.8,70.01,9.59
1,2016-02-20,18,Saturday,1,6,3.66,11.15,1.49,13.42,15.73,1685,1.37,1232,16796.93,4.3,69.99,8.22
1,2016-02-20,20,Saturday,1,6,3.82,11.45,1.56,13.36,16.92,1429,1.4,1021,14685.28,4.3,69.99,8.5
1,2016-02-21,0,Sunday,1,7,4.55,12.1,1.76,13.1,20.05,1551,1.42,1096,16660.6,4.8,63.34,8.64
2,2016-02-21,2,Sunday,1,7,5.08,12.27,1.66,11.99,23.57,2019,2.13,947,14474.9,4.3,60.84,8.97
2,2016-02-21,4,Sunday,1,7,6.08,13.65,1.73,12.11,27.89,900,2.0,451,7584.85,4.3,70.01,10.82
2,2016-02-21,9,Sunday,1,7,4.56,11.0,1.4,9.62,25.96,1254,2.06,609,8188.41,4.3,70.01,10.04
1,2016-02-21,12,Sunday,1,7,4.05,11.16,1.45,11.53,19.46,1141,1.33,857,11694.48,3.8,69.99,10.0
1,2016-02-21,17,Sunday,1,7,4.29,11.69,1.52,12.9,18.31,1181,1.33,889,12787.11,3.8,70.34,11.04
1,2016-02-21,19,Sunday,1,7,4.5,11.66,1.62,12.09,20.13,1105,1.32,836,12123.49,3.8,70.34,10.99
2,2016-02-21,21,Sunday,1,7,4.78,11.67,1.83,11.36,22.8,1629,2.08,784,11813.3,4.3,70.01,11.09
1,2016-02-21,22,Sunday,1,7,5.66,13.11,1.74,11.68,25.85,768,1.23,622,10224.35,4.8,70.34,12.06
1,2016-02-21,23,Sunday,1,7,5.99,13.36,1.94,11.37,27.73,518,1.19,434,7370.37,4.3,69.99,12.12
2,2016-02-22,1,Monday,0,1,6.81,14.43,1.6,11.62,31.55,400,2.08,192,3353.37,4.3,70.01,12.58
2,2016-02-22,3,Monday,0,1,6.86,14.54,1.46,11.47,32.74,108,1.83,59,1031.06,4.8,63.36,12.86
1,2016-02-22,5,Monday,0,1,6.33,13.6,1.83,10.46,31.31,178,1.09,163,2825.5,4.3,68.34,15.18
1,2016-02-22,6,Monday,0,1,4.63,10.99,1.54,9.34,26.37,513,1.08,477,6536.15,3.8,69.99,12.27
1,2016-02-22,7,Monday,0,1,4.06,11.03,1.63,11.73,19.4,954,1.12,854,11678.6,3.8,69.99,10.15
1,2016-02-22,8,Monday,0,1,3.72,11.33,1.67,13.45,15.58,1097,1.15,956,13348.23,3.3,69.99,9.8
2,2016-02-22,10,Monday,0,1,4.34,12.35,1.74,13.96,16.77,1632,2.01,810,12345.33,3.8,70.01,12.35
1,2016-02-22,11,Monday,0,1,4.15,11.83,1.58,12.94,17.06,857,1.18,726,10564.58,3.8,69.99,11.22
2,2016-02-22,13,Monday,0,1,4.14,11.48,1.54,12.37,17.78,1733,2.02,856,12086.19,3.8,70.01,11.09
2,2016-02-22,14,Monday,0,1,4.42,12.05,1.61,13.05,17.87,1839,2.09,881,13034.95,3.8,70.01,12.43
2,2016-02-22,15,Monday,0,1,4.55,12.42,1.61,13.96,17.26,1878,2.07,907,13808.91,3.8,70.01,12.41
2,2016-02-22,16,Monday,0,1,3.86,10.83,1.53,12.19,17.58,1622,2.0,811,11668.5,4.8,64.61,9.84
1,2016-02-22,18,Monday,0,1,3.69,10.65,1.7,12.03,17.19,1258,1.21,1043,15005.71,4.8,57.95,8.67
1,2016-02-22,20,Monday,0,1,4.32,11.03,1.76,10.88,21.57,1069,1.19,898,12841.38,4.3,69.99,9.74
2,2016-02-23,0,Tuesday,0,2,5.22,11.95,1.82,10.52,26.95,772,1.94,397,6005.88,4.3,70.01,10.38
1,2016-02-23,1,Tuesday,0,2,5.42,12.35,1.6,10.67,27.88,252,1.28,197,3018.6,4.3,68.34,9.65
1,2016-02-23,3,Tuesday,0,2,5.52,12.38,0.99,10.65,28.78,128,1.32,97,1422.73,4.8,49.55,9.15
1,2016-02-23,10,Tuesday,0,2,3.53,11.41,1.55,13.95,14.32,979,1.15,850,11872.31,4.3,69.99,9.78
2,2016-02-23,12,Tuesday,0,2,3.71,11.84,1.66,14.46,14.07,2185,2.01,1085,15786.32,3.8,70.01,10.8
1,2016-02-23,13,Tuesday,0,2,3.49,11.61,1.59,14.63,13.21,1151,1.17,986,13992.65,3.8,70.0,9.91
1,2016-02-23,14,Tuesday,0,2,3.38,11.43,1.56,14.52,12.93,1238,1.19,1040,14545.46,3.8,70.34,10.03
1,2016-02-23,15,Tuesday,0,2,3.33,11.13,1.61,14.16,13.2,1131,1.22,927,12798.76,3.8,70.0,9.41
1,2016-02-23,16,Tuesday,0,2,3.41,11.31,1.72,14.36,14.16,947,1.21,780,11701.83,4.8,58.84,9.52
2,2016-02-23,17,Tuesday,0,2,3.51,11.43,1.69,14.57,14.4,2012,1.94,1039,15697.85,4.8,68.16,9.53
2,2016-02-23,19,Tuesday,0,2,3.62,10.67,1.7,12.52,16.32,2765,2.02,1370,19615.39,4.8,56.34,8.28
2,2016-02-23,22,Tuesday,0,2,4.9,12.64,2.01,13.26,21.2,2359,1.99,1186,19142.32,4.3,70.01,10.3
2,2016-02-23,23,Tuesday,0,2,5.59,13.35,2.08,13.28,23.17,1628,1.95,836,14211.24,4.3,70.01,11.37
1,2016-02-24,2,Wednesday,0,3,5.67,13.03,1.69,11.05,28.15,177,1.28,138,2221.34,4.8,52.8,10.3
1,2016-02-24,4,Wednesday,0,3,5.89,13.1,1.34,10.66,30.42,136,1.08,126,2031.28,4.8,70.34,11.02
2,2016-02-24,5,Wednesday,0,3,5.22,11.67,1.54,9.3,29.2,355,2.08,171,2559.09,4.3,70.01,13.68
2,2016-02-24,6,Wednesday,0,3,4.61,11.08,1.57,10.3,24.39,948,1.82,521,7131.63,4.3,70.01,11.29
2,2016-02-24,7,Wednesday,0,3,3.92,10.96,1.66,12.2,17.82,2206,2.11,1047,14281.51,3.8,70.01,10.15
2,2016-02-24,8,Wednesday,0,3,3.49,11.09,1.73,13.63,14.76,2624,2.02,1302,17961.65,3.3,70.01,9.38
1,2016-02-24,9,Wednesday,0,3,2.99,10.5,1.63,13.1,13.43,1036,1.1,945,12320.33,3.8,69.99,8.02
2,2016-02-24,11,Wednesday,0,3,3.28,11.41,1.61,14.77,12.76,2061,1.98,1041,14553.78,3.8,70.01,8.96
2,2016-02-24,18,Wednesday,0,3,3.64,11.29,1.83,13.97,15.2,2484,1.96,1270,19185.49,4.8,57.92,8.6
2,2016-02-24,20,Wednesday,0,3,4.28,11.43,1.75,12.3,19.21,2496,2.02,1235,18057.68,4.3,70.01,9.67
1,2016-02-24,21,Wednesday,0,3,4.36,11.43,1.77,12.05,19.76,1304,1.22,1066,15627.62,4.3,69.99,9.52
2,2016-02-25,1,Thursday,0,4,6.51,14.04,2.0,11.72,30.25,547,1.93,283,5020.15,4.3,70.01,11.49
2,2016-02-25,3,Thursday,0,4,7.54,15.6,2.08,12.33,33.19,264,2.0,132,2526.25,4.3,61.01,12.41
1,2016-02-25,5,Thursday,0,4,6.81,14.62,2.14,10.52,32.09,210,1.09,192,3596.21,4.3,70.0,17.82
1,2016-02-25,6,Thursday,0,4,4.67,11.2,1.72,10.04,25.11,533,1.06,504,7121.47,4.3,69.99,12.15
1,2016-02-25,7,Thursday,0,4,3.98,10.96,1.61,11.86,19.25,1009,1.11,913,12402.31,3.8,69.99,9.4
1,2016-02-25,8,Thursday,0,4,3.58,11.15,1.69,13.26,15.42,1131,1.11,1022,14106.07,3.8,69.99,8.99
2,2016-02-25,10,Thursday,0,4,3.91,11.98,1.75,14.32,15.38,2009,2.08,966,14347.94,3.3,71.21,11.17
1,2016-02-25,11,Thursday,0,4,3.78,12.05,1.64,14.57,14.06,967,1.18,818,12115.41,3.8,69.99,11.08
2,2016-02-25,13,Thursday,0,4,4.14,12.24,1.76,14.31,15.85,1958,2.05,953,14374.28,3.8,70.01,11.31
2,2016-02-25,14,Thursday,0,4,4.11,12.33,1.71,14.78,15.23,2122,1.99,1064,16196.93,3.8,70.01,11.76
2,2016-02-25,15,Thursday,0,4,3.91,12.09,1.69,15.41,14.16,2153,1.99,1083,16118.14,3.8,66.34,10.87
2,2016-02-25,16,Thursday,0,4,3.65,11.33,1.67,14.12,14.75,1757,2.09,841,12678.32,4.3,65.21,10.6
1,2016-02-25,18,Thursday,0,4,3.45,11.04,1.74,13.64,14.59,1378,1.19,1156,17050.17,4.8,55.3,8.45
1,2016-02-25,20,Thursday,0,4,4.15,11.42,1.82,12.6,18.1,1390,1.2,1155,17012.41,4.3,69.99,9.51
1,2016-02-26,2,Friday,0,5,5.33,12.53,1.73,11.39,26.4,350,1.21,289,4516.53,4.8,61.6,9.23
1,2016-02-26,4,Friday,0,5,6.17,13.59,1.67,11.11,29.72,203,1.21,168,2846.26,4.8,69.99,12.15
2,2016-02-26,5,Friday,0,5,6.83,14.48,2.04,11.04,32.11,442,2.08,212,3880.96,5.3,70.01,16.49
2,2016-02-26,6,Friday,0,5,5.12,11.87,1.64,10.45,26.15,984,1.91,516,7600.38,3.8,70.01,12.85
2,2016-02-26,7,Friday,0,5,3.79,10.61,1.56,11.47,18.95,2086,2.04,1025,13511.01,3.8,70.01,9.06
2,2016-02-26,8,Friday,0,5,3.75,11.5,1.65,13.75,15.6,2379,2.04,1164,16494.93,3.3,70.01,9.58
1,2016-02-26,9,Friday,0,5,3.31,11.11,1.61,13.72,13.82,972,1.14,852,11652.07,4.3,70.01,8.79
2,2016-02-26,11,Friday,0,5,3.68,11.4,1.57,13.73,15.04,2002,2.0,1003,14021.76,3.8,70.01,9.94
2,2016-02-26,18,Friday,0,5,3.55,10.99,1.65,13.48,15.44,2818,1.97,1431,20851.03,4.8,56.3,8.27
2,2016-02-26,20,Friday,0,5,4.24,11.51,1.65,12.67,18.49,2679,1.97,1363,20003.69,4.3,70.01,9.92
1,2016-02-26,21,Friday,0,5,4.15,11.4,1.75,12.37,18.55,1573,1.34,1171,17106.42,4.3,70.34,9.79
2,2016-02-27,0,Saturday,1,6,4.93,12.63,1.82,13.44,20.94,2650,2.07,1282,20385.67,4.3,70.01,10.29
1,2016-02-27,1,Saturday,1,6,4.56,11.64,1.67,11.71,21.75,1150,1.35,851,12461.86,4.3,62.34,8.55
1,2016-02-27,3,Saturday,1,6,5.1,12.33,1.6,11.97,23.98,724,1.35,538,8230.12,3.8,50.3,8.38
1,2016-02-27,10,Saturday,1,6,3.74,10.26,1.29,10.26,20.29,1067,1.26,844,10531.31,3.8,70.08,8.36
2,2016-02-27,12,Saturday,1,6,3.67,10.51,1.41,11.43,18.47,2336,2.03,1150,14779.82,3.8,70.01,8.39
1,2016-02-27,13,Saturday,1,6,3.76,11.08,1.35,12.45,17.23,1304,1.32,991,13281.22,4.3,70.34,8.55
1,2016-02-27,14,Saturday,1,6,3.84,11.07,1.39,12.35,17.3,1320,1.38,960,12861.53,3.8,63.35,9.2
1,2016-02-27,15,Saturday,1,6,3.62,10.85,1.39,12.54,16.52,1299,1.32,985,12999.32,3.8,69.99,8.87
1,2016-02-27,16,Saturday,1,6,3.72,10.9,1.48,12.4,16.9,1295,1.38,939,12606.26,3.8,69.99,9.54
2,2016-02-27,17,Saturday,1,6,3.81,10.92,1.36,12.36,17.63,2370,1.94,1219,16137.05,3.8,70.01,9.17
2,2016-02-27,19,Saturday,1,6,3.72,11.15,1.43,13.17,16.23,2809,1.98,1419,19172.14,3.8,70.01,8.63
2,2016-02-27,22,Saturday,1,6,4.19,11.66,1.6,13.17,18.35,2501,2.01,1247,18270.87,4.3,70.01,8.55
2,2016-02-27,23,Saturday,1,6,4.59,12.28,1.7,13.57,19.38,2728,1.93,1412,21697.62,4.3,70.01,9.16
1,2016-02-28,2,Sunday,1,7,4.82,11.85,1.65,11.55,22.99,1268,1.41,897,13327.8,4.3,60.39,8.62
1,2016-02-28,4,Sunday,1,7,5.96,13.51,1.48,12.23,27.2,499,1.31,381,6248.6,4.3,50.8,9.49
2,2016-02-28,5,Sunday,1,7,7.18,15.3,1.29,12.63,30.67,334,2.13,157,2837.71,4.3,70.01,12.51
2,2016-02-28,6,Sunday,1,7,6.83,14.48,1.42,10.57,33.22,351,1.88,187,3184.25,3.8,70.01,14.82
2,2016-02-28,7,Sunday,1,7,5.92,13.09,1.61,9.72,31.76,443,1.82,243,3859.61,4.3,70.01,14.03
2,2016-02-28,8,Sunday,1,7,4.88,11.41,1.42,9.13,28.06,779,2.08,374,5245.84,3.8,70.01,11.68
1,2016-02-28,9,Sunday,1,7,4.4,10.7,1.42,9.14,25.18,636,1.26,504,6594.87,4.3,69.99,10.15
2,2016-02-28,11,Sunday,1,7,4.18,10.79,1.38,10.47,21.5,1997,2.04,977,12922.71,3.8,70.01,10.32
2,2016-02-28,18,Sunday,1,7,4.47,11.78,1.6,12.93,19.27,2387,2.01,1188,17148.83,3.8,70.34,10.17
2,2016-02-28,20,Sunday,1,7,5.12,12.29,1.78,11.9,23.43,1578,1.96,806,12642.51,4.8,70.01,11.26
1,2016-02-28,21,Sunday,1,7,5.47,12.78,1.86,11.64,25.21,735,1.28,574,9416.12,4.8,69.99,12.05
2,2016-02-29,1,Monday,0,1,5.63,12.48,1.4,10.7,29.2,387,2.17,178,2707.92,4.8,63.36,9.86
2,2016-02-29,3,Monday,0,1,5.92,12.85,1.3,10.59,30.82,198,2.18,91,1415.95,4.3,70.01,10.69
1,2016-02-29,5,Monday,0,1,6.57,13.98,1.78,10.59,32.83,208,1.07,195,3434.67,4.3,70.0,14.73
1,2016-02-29,6,Monday,0,1,5.07,11.82,1.59,10.41,26.31,505,1.07,474,6923.27,4.3,69.99,12.35
1,2016-02-29,7,Monday,0,1,4.03,10.98,1.58,11.8,19.48,861,1.1,786,10680.64,3.8,63.35,9.54
1,2016-02-29,8,Monday,0,1,3.65,11.29,1.66,13.52,15.72,1059,1.14,931,12966.21,3.8,65.8,9.33
2,2016-02-29,10,Monday,0,1,3.98,12.33,1.75,14.83,15.56,1683,2.0,842,12770.62,3.8,70.01,11.11
1,2016-02-29,11,Monday,0,1,3.54,11.57,1.42,14.31,13.89,969,1.19,815,11448.69,3.8,60.39,10.0
2,2016-02-29,13,Monday,0,1,4.41,11.95,1.66,12.85,18.56,1472,1.96,751,11129.27,3.8,70.01,11.36
2,2016-02-29,14,Monday,0,1,4.58,12.27,1.71,13.16,18.12,1749,2.02,865,13126.61,3.8,70.01,12.55
2,2016-02-29,15,Monday,0,1,4.27,11.7,1.51,13.05,17.54,1751,2.08,843,12111.59,4.3,70.01,11.98
2,2016-02-29,16,Monday,0,1,4.16,11.28,1.66,12.34,18.33,1509,1.87,806,12174.4,4.8,59.8,10.66
1,2016-02-29,18,Monday,0,1,3.42,10.12,1.51,11.47,16.86,1235,1.18,1043,14134.41,4.8,59.8,7.74
1,2016-02-29,20,Monday,0,1,4.31,10.99,1.78,10.81,21.91,1096,1.19,923,13157.94,4.3,69.99,9.54
1,2016-03-01,2,Tuesday,0,2,5.44,12.32,1.48,10.63,28.61,163,1.16,140,2118.63,4.8,40.3,8.48
1,2016-03-01,4,Tuesday,0,2,7.47,15.42,1.68,10.79,35.92,112,1.22,92,1735.36,5.3,69.99,15.61
2,2016-03-01,5,Tuesday,0,2,5.99,12.93,2.0,10.15,30.27,277,2.01,138,2307.8,4.3,70.01,13.58
2,2016-03-01,6,Tuesday,0,2,4.66,11.13,1.56,10.17,25.08,997,1.97,505,6917.41,4.3,70.01,10.9
2,2016-03-01,7,Tuesday,0,2,3.75,10.51,1.53,11.49,19.12,1947,2.1,929,12056.82,3.8,70.61,8.83
2,2016-03-01,8,Tuesday,0,2,3.4,10.99,1.67,13.51,14.91,2292,2.05,1117,15171.65,3.8,57.41,8.3
1,2016-03-01,9,Tuesday,0,2,3.64,11.55,1.7,14.12,14.65,994,1.08,917,13034.39,4.3,69.99,9.15
2,2016-03-01,11,Tuesday,0,2,3.66,11.66,1.59,14.27,14.63,1832,1.99,919,13113.44,3.8,70.01,9.51
2,2016-03-01,18,Tuesday,0,2,3.74,11.29,1.71,13.66,15.65,2567,1.9,1348,20172.4,4.8,67.34,8.55
2,2016-03-01,20,Tuesday,0,2,4.4,11.32,1.74,11.72,20.82,2374,1.91,1241,18071.75,4.3,70.01,9.2
1,2016-03-01,21,Tuesday,0,2,4.76,12.03,1.95,12.22,21.64,1270,1.19,1064,16465.3,4.3,69.99,9.98
2,2016-03-02,0,Wednesday,0,3,5.64,12.76,1.91,11.25,27.06,1001,2.09,478,7716.63,4.3,70.01,11.39
1,2016-03-02,1,Wednesday,0,3,5.7,12.85,1.73,11.31,27.56,286,1.19,240,3830.49,4.3,57.95,10.43
1,2016-03-02,3,Wednesday,0,3,5.7,12.81,1.45,11.41,27.05,144,1.26,114,1779.21,4.3,47.3,9.44
1,2016-03-02,10,Wednesday,0,3,3.72,11.88,1.72,14.49,14.61,937,1.17,804,11778.01,3.8,69.99,10.11
2,2016-03-02,12,Wednesday,0,3,4.07,12.76,1.78,15.73,14.67,2028,2.07,978,15262.03,3.8,70.01,10.87
1,2016-03-02,13,Wednesday,0,3,3.48,11.42,1.57,13.9,14.44,958,1.19,808,11355.95,3.8,69.99,9.73
1,2016-03-02,14,Wednesday,0,3,3.77,12.02,1.64,14.38,14.58,1135,1.19,954,14046.15,3.8,70.34,10.92
1,2016-03-02,15,Wednesday,0,3,3.75,11.73,1.57,14.26,14.46,1073,1.23,871,12575.6,3.8,70.59,10.5
1,2016-03-02,16,Wednesday,0,3,3.55,10.96,1.66,13.09,15.49,954,1.22,783,11439.09,4.3,60.35,9.55
2,2016-03-02,17,Wednesday,0,3,3.49,10.81,1.71,13.11,15.6,2210,1.98,1116,16210.43,4.8,64.61,9.15
2,2016-03-02,19,Wednesday,0,3,3.67,10.57,1.69,11.96,17.32,3022,2.01,1507,21372.05,4.8,70.01,8.19
2,2016-03-02,22,Wednesday,0,3,5.01,12.62,1.93,13.14,21.81,2417,1.98,1219,19496.65,4.3,63.36,9.8
2,2016-03-02,23,Wednesday,0,3,5.3,12.74,1.9,12.28,24.02,1870,1.96,952,15384.78,4.8,70.01,10.71
1,2016-03-03,0,Thursday,0,4,4.82,11.71,1.71,11.25,24.22,572,1.23,465,6887.92,4.3,59.34,8.86
2,2016-03-03,2,Thursday,0,4,4.84,11.23,1.46,10.05,27.66,408,2.06,198,2781.57,4.8,46.84,7.79
2,2016-03-03,4,Thursday,0,4,6.2,13.3,1.59,10.52,31.19,241,2.08,116,1948.05,4.3,68.34,12.31
2,2016-03-03,9,Thursday,0,4,3.42,11.75,1.78,15.11,13.67,2401,2.04,1178,17066.53,4.3,70.01,9.01
1,2016-03-03,12,Thursday,0,4,3.92,12.26,1.73,14.66,14.78,1041,1.17,890,13474.63,3.8,68.34,11.12
1,2016-03-03,17,Thursday,0,4,3.59,10.99,1.69,13.12,15.74,1284,1.21,1059,15530.62,4.8,70.34,9.17
1,2016-03-03,19,Thursday,0,4,3.74,10.94,1.76,12.5,16.95,1555,1.21,1283,18697.21,4.3,71.79,8.31
2,2016-03-03,21,Thursday,0,4,4.71,12.09,1.97,12.55,20.7,2953,2.01,1467,22877.45,4.3,70.01,10.51
1,2016-03-03,22,Thursday,0,4,4.95,12.64,1.96,13.22,20.97,1532,1.28,1195,19217.98,4.3,70.0,10.03
1,2016-03-03,23,Thursday,0,4,5.26,12.99,1.96,13.05,21.94,1164,1.23,943,15486.21,4.3,69.99,10.91
2,2016-03-04,0,Friday,0,5,5.06,12.38,1.82,12.31,23.19,1481,2.0,740,11531.1,4.3,70.01,9.66
1,2016-03-04,1,Friday,0,5,5.34,12.48,1.73,11.84,24.9,499,1.27,393,6139.83,4.3,56.75,8.97
1,2016-03-04,3,Friday,0,5,5.46,12.54,1.34,11.38,26.22,215,1.19,181,2768.9,4.3,46.6,9.75
1,2016-03-04,10,Friday,0,5,3.58,11.9,1.58,14.91,13.65,938,1.16,806,11648.21,3.8,69.34,9.42
2,2016-03-04,12,Friday,0,5,3.89,12.11,1.76,14.47,14.91,2082,2.12,983,14687.87,3.8,70.01,11.11
1,2016-03-04,13,Friday,0,5,3.92,11.89,1.68,14.04,15.24,1068,1.19,898,13183.47,3.3,69.99,10.56
1,2016-03-04,14,Friday,0,5,4.06,12.17,1.64,14.4,15.25,1146,1.22,936,13971.28,3.8,69.99,11.17
1,2016-03-04,15,Friday,0,5,3.63,11.69,1.66,14.58,14.03,1081,1.22,885,12785.24,3.8,69.99,10.54
1,2016-03-04,16,Friday,0,5,3.82,11.59,1.62,14.15,15.23,938,1.24,759,11575.96,4.8,62.84,10.29
2,2016-03-04,17,Friday,0,5,3.77,11.18,1.68,13.32,16.02,2043,1.85,1106,16434.93,5.3,68.21,9.35
2,2016-03-04,19,Friday,0,5,3.75,11.0,1.76,12.72,16.96,2779,1.95,1427,20936.79,4.8,58.01,8.18
2,2016-03-04,22,Friday,0,5,4.53,12.03,1.77,13.13,19.72,2590,2.05,1265,19322.61,4.3,70.01,9.25
2,2016-03-04,23,Friday,0,5,5.0,13.1,1.97,14.3,19.79,2752,2.02,1363,22472.38,4.3,70.01,10.39
1,2016-03-05,0,Saturday,1,6,4.79,12.4,1.83,12.89,20.76,1409,1.34,1050,16458.01,3.8,70.01,10.1
2,2016-03-05,2,Saturday,1,6,5.03,12.13,1.8,11.85,23.75,1722,2.08,826,12626.38,4.3,62.21,9.03
2,2016-03-05,4,Saturday,1,6,5.73,13.1,1.42,11.7,26.79,770,2.16,357,5700.16,4.8,70.01,10.46
2,2016-03-05,9,Saturday,1,6,3.79,10.11,1.28,10.03,21.45,1658,2.06,806,9933.18,3.8,70.01,8.4
1,2016-03-05,12,Saturday,1,6,3.51,10.56,1.36,11.82,17.11,1329,1.36,979,12599.04,3.8,68.34,8.61
1,2016-03-05,17,Saturday,1,6,3.76,11.23,1.38,13.24,16.11,1453,1.4,1037,14164.18,3.8,70.03,8.86
1,2016-03-05,19,Saturday,1,6,3.44,10.77,1.4,13.01,15.51,1853,1.41,1315,17315.64,3.8,70.34,7.65
2,2016-03-05,21,Saturday,1,6,3.97,11.16,1.49,12.51,18.16,2592,2.02,1281,18006.49,4.3,70.01,8.35
1,2016-03-05,22,Saturday,1,6,4.1,11.61,1.53,12.94,18.03,1670,1.43,1171,17038.05,4.3,70.0,8.82
1,2016-03-05,23,Saturday,1,6,4.47,12.08,1.62,13.45,18.96,1804,1.47,1226,18488.31,3.8,69.99,8.78
2,2016-03-06,1,Sunday,1,7,4.89,12.08,1.67,12.18,22.44,2568,2.08,1236,18659.58,3.8,58.84,8.81
2,2016-03-06,3,Sunday,1,7,5.28,12.41,1.57,11.73,25.11,1467,2.11,695,10651.48,4.3,55.56,8.65
1,2016-03-06,5,Sunday,1,7,7.21,15.53,1.5,11.79,33.07,183,1.21,151,2814.58,5.3,69.99,13.65
1,2016-03-06,6,Sunday,1,7,6.47,14.2,1.53,10.85,31.54,213,1.15,185,3116.14,4.3,66.34,12.81
1,2016-03-06,7,Sunday,1,7,6.49,14.1,1.6,10.7,31.74,256,1.14,225,3817.81,4.3,69.99,14.33
1,2016-03-06,8,Sunday,1,7,4.45,10.73,1.37,9.0,26.6,493,1.23,401,5249.55,3.3,70.34,9.72
2,2016-03-06,10,Sunday,1,7,4.55,11.2,1.4,10.34,23.9,1735,1.98,875,11968.59,3.8,70.01,10.55
1,2016-03-06,11,Sunday,1,7,3.94,10.59,1.46,10.49,20.99,1134,1.31,864,11276.7,3.8,69.99,9.38
2,2016-03-06,13,Sunday,1,7,4.5,12.0,1.56,12.72,19.35,2223,1.97,1129,16539.55,3.8,70.01,11.26
2,2016-03-06,14,Sunday,1,7,4.33,11.95,1.58,13.15,18.39,2294,2.11,1088,15910.65,3.8,70.01,11.1
2,2016-03-06,15,Sunday,1,7,4.62,12.46,1.77,13.92,18.48,2165,2.1,1029,15783.37,3.8,70.01,12.3
2,2016-03-06,16,Sunday,1,7,4.89,13.16,1.74,14.74,18.21,1960,2.04,963,15457.96,4.3,70.34,12.99
1,2016-03-06,18,Sunday,1,7,4.38,12.01,1.58,13.32,18.04,1172,1.35,870,12817.17,3.8,70.01,11.2
1,2016-03-06,20,Sunday,1,7,4.81,12.04,1.68,12.02,21.53,991,1.31,756,11529.41,4.3,70.0,11.0
2,2016-03-07,0,Monday,0,1,6.13,13.73,1.84,11.68,28.26,651,2.11,308,5263.5,4.8,70.01,12.24
1,2016-03-07,1,Monday,0,1,5.35,12.23,1.27,10.57,27.9,221,1.24,178,2651.34,4.8,53.84,8.36
1,2016-03-07,3,Monday,0,1,6.53,14.0,1.16,11.52,31.36,124,1.16,107,1773.0,4.8,43.55,9.05
1,2016-03-07,10,Monday,0,1,4.29,13.05,1.89,15.57,15.52,843,1.16,725,11657.98,3.8,69.99,12.17
2,2016-03-07,12,Monday,0,1,3.98,11.87,1.6,13.63,16.15,1829,2.02,904,13176.92,3.8,70.01,11.75
1,2016-03-07,13,Monday,0,1,4.14,11.71,1.53,12.91,17.06,917,1.2,764,10932.91,3.8,69.99,11.31
1,2016-03-07,14,Monday,0,1,4.05,11.62,1.49,13.04,16.58,967,1.22,795,11306.52,3.8,70.0,10.94
1,2016-03-07,15,Monday,0,1,4.05,11.61,1.61,13.01,16.83,1100,1.26,876,12671.6,3.8,69.99,11.1
1,2016-03-07,16,Monday,0,1,3.69,10.92,1.54,12.48,16.73,964,1.21,800,11577.12,4.8,60.35,9.47
2,2016-03-07,17,Monday,0,1,3.99,11.34,1.66,13.1,17.38,2112,1.94,1086,16378.09,4.8,64.61,9.83
2,2016-03-07,19,Monday,0,1,4.0,10.68,1.7,11.24,19.99,2275,1.91,1191,17083.62,4.8,63.41,8.4
2,2016-03-07,22,Monday,0,1,5.38,12.85,2.01,12.04,24.52,1748,1.93,908,14863.62,4.3,70.01,11.34
2,2016-03-07,23,Monday,0,1,5.75,13.14,2.06,11.78,26.9,1181,1.97,600,10022.02,4.8,70.01,10.93
2,2016-03-08,0,Tuesday,0,2,5.9,13.27,1.76,11.6,27.38,696,1.97,354,5834.8,4.3,70.01,11.87
1,2016-03-08,1,Tuesday,0,2,5.21,12.14,1.51,10.89,27.06,252,1.24,203,3056.95,4.8,56.3,9.07
1,2016-03-08,3,Tuesday,0,2,5.27,12.11,1.23,10.57,27.31,128,1.36,94,1381.71,4.8,44.15,8.75
1,2016-03-08,10,Tuesday,0,2,3.88,12.18,1.62,14.72,14.77,856,1.13,760,11259.76,3.8,70.01,10.62
2,2016-03-08,12,Tuesday,0,2,3.81,11.82,1.53,14.06,14.96,1764,2.07,853,12276.65,3.8,70.01,10.35
1,2016-03-08,13,Tuesday,0,2,3.91,11.87,1.6,13.85,15.35,1016,1.2,844,12294.27,3.8,70.35,10.89
1,2016-03-08,14,Tuesday,0,2,4.06,12.36,1.66,14.71,14.95,1002,1.2,832,12618.21,3.8,70.34,11.41
1,2016-03-08,15,Tuesday,0,2,4.04,12.32,1.77,14.77,14.82,1085,1.23,882,13466.69,3.8,69.99,11.83
1,2016-03-08,16,Tuesday,0,2,3.74,11.47,1.7,13.88,15.03,969,1.25,774,11787.32,3.8,66.39,9.98
2,2016-03-08,17,Tuesday,0,2,3.75,11.3,1.68,13.69,15.84,2089,1.9,1101,16526.91,4.8,60.41,9.4
2,2016-03-08,19,Tuesday,0,2,3.93,10.86,1.77,11.98,18.41,2511,1.9,1320,19279.77,4.3,65.34,8.72
2,2016-03-08,22,Tuesday,0,2,5.07,12.45,1.99,12.44,22.5,2413,2.09,1156,18418.11,4.3,70.01,10.13
2,2016-03-08,23,Tuesday,0,2,5.32,12.66,1.9,12.32,23.86,1470,2.04,722,11590.47,4.3,70.01,10.38
1,2016-03-09,0,Wednesday,0,3,5.38,12.69,1.86,11.69,25.02,500,1.29,387,6187.76,4.3,63.36,10.74
2,2016-03-09,2,Wednesday,0,3,5.39,12.28,1.21,10.74,27.79,343,2.17,158,2352.44,4.8,58.34,9.83
2,2016-03-09,4,Wednesday,0,3,6.62,14.38,1.76,11.53,30.79,202,2.08,97,1733.61,4.8,70.01,13.77
2,2016-03-09,9,Wednesday,0,3,3.82,11.83,1.78,14.24,15.4,2145,2.14,1002,14663.82,3.8,70.01,9.94
1,2016-03-09,12,Wednesday,0,3,4.25,12.94,1.72,15.42,14.9,919,1.16,792,12490.6,3.8,70.0,11.76
1,2016-03-09,17,Wednesday,0,3,3.54,11.27,1.64,13.92,14.68,1148,1.26,913,13636.1,4.8,59.15,9.31
1,2016-03-09,19,Wednesday,0,3,3.95,11.13,1.69,12.61,17.39,1382,1.2,1155,16975.14,3.8,58.8,8.78
2,2016-03-09,21,Wednesday,0,3,5.04,12.59,1.95,13.17,21.35,2633,1.97,1334,21475.82,4.3,70.01,10.41
1,2016-03-09,22,Wednesday,0,3,5.2,13.06,2.18,13.59,21.68,1286,1.24,1041,17515.5,4.8,69.99,10.92
1,2016-03-09,23,Wednesday,0,3,5.91,13.95,2.18,13.62,24.21,945,1.21,779,13809.99,4.8,70.0,11.22
1,2016-03-10,2,Thursday,0,4,5.46,12.67,1.53,11.32,27.12,268,1.25,215,3362.31,4.3,50.0,9.09
1,2016-03-10,4,Thursday,0,4,6.12,13.34,1.19,10.64,31.41,141,1.18,119,1920.41,4.3,58.34,11.66
2,2016-03-10,5,Thursday,0,4,6.79,14.2,2.01,11.0,32.22,387,1.96,197,3570.33,4.8,70.01,14.78
2,2016-03-10,6,Thursday,0,4,4.29,10.47,1.42,9.48,24.98,1050,1.9,552,7129.27,3.8,70.01,9.87
2,2016-03-10,7,Thursday,0,4,4.01,11.06,1.6,12.14,18.8,1975,2.03,971,13271.5,3.8,70.01,9.73
2,2016-03-10,8,Thursday,0,4,3.74,11.46,1.67,13.77,15.69,2365,2.05,1153,16280.16,3.8,70.01,9.1
1,2016-03-10,9,Thursday,0,4,3.65,11.61,1.7,14.1,14.8,993,1.13,876,12538.38,3.8,69.99,9.35
2,2016-03-10,11,Thursday,0,4,3.91,12.37,1.68,15.17,14.49,1941,2.05,945,14258.66,3.8,64.61,10.67
2,2016-03-10,18,Thursday,0,4,3.58,11.3,1.7,14.08,14.97,2629,1.97,1337,19954.58,4.8,62.16,8.68
2,2016-03-10,20,Thursday,0,4,4.66,12.15,1.88,13.07,19.79,2581,2.06,1253,19481.42,4.8,70.01,10.42
1,2016-03-10,21,Thursday,0,4,4.61,12.26,1.98,13.46,19.3,1397,1.27,1104,17324.97,4.3,70.34,9.61
1,2016-03-11,2,Friday,0,5,5.4,12.65,1.5,11.55,26.05,420,1.27,330,5121.25,4.8,62.8,9.38
1,2016-03-11,4,Friday,0,5,7.72,16.4,1.87,13.44,30.87,221,1.19,186,3715.2,4.3,70.0,14.05
2,2016-03-11,5,Friday,0,5,7.09,14.77,1.88,11.26,32.36,420,2.09,201,3746.91,4.8,70.01,16.53
2,2016-03-11,6,Friday,0,5,4.34,10.77,1.53,9.87,24.37,987,1.93,511,6816.37,3.8,70.01,11.57
2,2016-03-11,7,Friday,0,5,4.06,11.09,1.6,12.02,19.55,2113,2.09,1011,13836.29,3.8,70.01,8.81
2,2016-03-11,8,Friday,0,5,3.99,11.8,1.84,13.88,16.31,2191,1.98,1106,16182.82,3.8,70.01,10.16
1,2016-03-11,9,Friday,0,5,3.53,11.39,1.63,13.73,14.62,929,1.11,840,11731.04,3.8,69.99,9.26
2,2016-03-11,11,Friday,0,5,4.18,12.48,1.72,14.75,15.6,1848,2.04,907,13866.58,3.8,70.01,10.91
2,2016-03-11,18,Friday,0,5,3.63,11.16,1.6,13.65,15.33,2539,1.92,1321,19454.55,4.8,64.56,8.44
2,2016-03-11,20,Friday,0,5,4.41,11.81,1.75,12.95,19.0,2644,1.97,1341,20247.86,4.3,70.01,9.93
1,2016-03-11,21,Friday,0,5,4.48,12.03,1.72,13.09,19.03,1518,1.34,1132,17264.08,4.8,69.99,9.79
1,2016-03-12,2,Saturday,1,6,4.84,11.95,1.62,11.42,23.1,920,1.34,689,10301.72,3.8,65.75,9.28
1,2016-03-12,4,Saturday,1,6,6.34,14.04,1.61,12.26,27.87,498,1.33,374,6422.45,4.3,69.99,11.41
2,2016-03-12,5,Saturday,1,6,8.07,16.63,1.6,12.7,33.62,353,1.98,178,3542.16,4.8,70.01,15.11
2,2016-03-12,6,Saturday,1,6,7.08,15.05,1.76,11.48,31.88,489,2.02,242,4395.95,4.3,70.01,16.37
2,2016-03-12,7,Saturday,1,6,5.36,12.26,1.54,10.0,28.0,709,1.95,363,5438.37,3.8,70.01,13.62
2,2016-03-12,8,Saturday,1,6,4.42,10.86,1.45,10.0,23.99,1128,1.88,601,8041.49,3.8,70.01,10.74
1,2016-03-12,9,Saturday,1,6,3.86,10.38,1.38,10.25,21.06,831,1.21,688,8743.62,3.8,70.0,8.93
2,2016-03-12,11,Saturday,1,6,3.88,10.84,1.42,11.44,19.09,2254,2.1,1074,14246.93,3.8,70.01,9.21
2,2016-03-12,18,Saturday,1,6,4.0,11.54,1.47,13.74,16.72,2648,2.0,1326,18519.26,3.8,68.34,9.52
2,2016-03-12,20,Saturday,1,6,4.22,11.94,1.52,13.69,17.43,2400,1.98,1211,18018.42,4.3,70.01,10.05
1,2016-03-12,21,Saturday,1,6,4.03,11.58,1.53,13.2,17.54,1488,1.43,1039,15042.33,4.8,69.99,8.22
2,2016-03-13,1,Sunday,1,7,4.05,10.71,1.62,11.16,21.01,1842,2.08,884,12093.22,4.3,50.34,7.01
2,2016-03-13,3,Sunday,1,7,5.16,12.43,1.71,12.32,23.82,1990,2.03,981,15207.48,4.3,53.84,9.06
1,2016-03-13,5,Sunday,1,7,6.02,13.53,1.47,11.69,28.39,352,1.25,282,4645.92,4.8,70.0,11.2
1,2016-03-13,6,Sunday,1,7,6.99,14.99,1.62,11.63,32.57,254,1.18,216,3852.68,4.3,69.99,14.17
1,2016-03-13,7,Sunday,1,7,5.96,13.23,1.62,10.4,30.22,289,1.16,249,3973.73,3.8,69.99,12.87
1,2016-03-13,8,Sunday,1,7,4.95,11.75,1.49,9.72,26.79,434,1.2,363,5224.81,4.3,69.99,11.74
2,2016-03-13,10,Sunday,1,7,4.32,10.84,1.35,9.99,23.53,1761,2.11,834,11041.74,3.3,70.01,9.8
1,2016-03-13,11,Sunday,1,7,3.78,10.31,1.31,10.21,20.65,1050,1.31,799,10058.01,3.8,69.99,8.94
2,2016-03-13,13,Sunday,1,7,4.3,11.55,1.53,12.29,19.48,2140,2.07,1033,14570.59,3.8,70.01,10.55
2,2016-03-13,14,Sunday,1,7,4.74,12.54,1.59,13.71,18.86,2191,2.01,1092,16714.52,3.8,70.01,11.99
2,2016-03-13,15,Sunday,1,7,4.44,12.04,1.54,13.3,18.72,2081,2.02,1032,15203.06,3.8,70.01,11.31
2,2016-03-13,16,Sunday,1,7,4.69,12.5,1.51,13.67,18.97,1980,2.0,992,15015.19,3.8,70.01,11.79
1,2016-03-13,18,Sunday,1,7,4.48,12.11,1.6,13.15,18.63,1174,1.34,877,13055.93,3.8,69.99,11.44
1,2016-03-13,20,Sunday,1,7,4.66,11.62,1.69,11.71,21.76,1077,1.32,814,12077.32,4.3,69.99,10.67
2,2016-03-14,0,Monday,0,1,6.38,13.93,2.03,11.49,29.68,543,1.9,286,5044.24,4.8,70.01,13.04
1,2016-03-14,1,Monday,0,1,5.67,12.63,1.52,10.63,29.13,237,1.24,191,2985.02,4.8,69.99,10.54
1,2016-03-14,3,Monday,0,1,5.58,12.41,1.09,10.69,29.37,120,1.22,98,1460.91,5.3,39.8,8.35
1,2016-03-14,10,Monday,0,1,3.78,11.72,1.69,14.03,15.06,1011,1.18,856,12422.73,3.3,69.99,10.3
2,2016-03-14,12,Monday,0,1,4.61,13.01,1.5,14.92,16.4,1778,1.99,894,13973.81,3.8,70.01,12.4
1,2016-03-14,13,Monday,0,1,3.85,11.71,1.44,13.58,15.16,1187,1.26,943,13470.51,3.8,69.99,11.1
1,2016-03-14,14,Monday,0,1,3.51,11.0,1.45,13.2,14.6,1236,1.21,1021,13777.97,3.8,69.99,10.25
1,2016-03-14,15,Monday,0,1,3.77,11.62,1.55,14.12,14.52,1283,1.23,1039,14869.67,3.8,70.01,10.7
1,2016-03-14,16,Monday,0,1,3.54,11.01,1.54,13.42,14.96,985,1.23,799,11646.14,4.3,69.99,9.8
2,2016-03-14,17,Monday,0,1,3.62,10.93,1.71,13.18,15.86,2331,1.93,1205,17646.01,4.8,65.81,9.15
2,2016-03-14,19,Monday,0,1,3.66,10.5,1.62,11.86,17.58,2625,2.02,1300,18293.4,4.8,62.21,8.67
2,2016-03-14,22,Monday,0,1,4.92,11.92,1.88,11.55,23.38,1937,1.91,1015,15578.48,3.8,70.01,10.7
2,2016-03-14,23,Monday,0,1,6.2,13.89,2.16,12.69,26.51,1572,2.03,774,13686.3,4.3,70.01,12.14
1,2016-03-15,0,Tuesday,0,2,6.69,14.43,2.05,12.18,29.08,420,1.18,355,6453.51,4.3,69.99,12.14
2,2016-03-15,2,Tuesday,0,2,5.73,12.72,1.69,10.67,28.9,237,1.8,132,2094.87,4.3,70.01,11.21
2,2016-03-15,4,Tuesday,0,2,6.7,14.17,1.68,10.8,33.06,271,2.36,115,2019.08,4.8,63.36,13.87
2,2016-03-15,9,Tuesday,0,2,3.74,11.89,1.76,14.63,14.72,2207,2.02,1094,16037.9,3.3,70.01,10.15
1,2016-03-15,12,Tuesday,0,2,3.87,12.38,1.67,15.19,14.29,945,1.17,807,12210.22,4.3,69.99,10.85
1,2016-03-15,17,Tuesday,0,2,3.69,11.38,1.75,13.72,15.44,1188,1.27,936,14162.38,4.8,66.84,9.21
1,2016-03-15,19,Tuesday,0,2,3.93,11.03,1.77,12.2,18.0,1383,1.23,1127,16568.59,5.3,66.39,8.96
2,2016-03-15,21,Tuesday,0,2,4.68,11.83,1.92,12.15,21.56,2497,2.05,1221,18612.19,4.3,70.01,9.3
1,2016-03-15,22,Tuesday,0,2,5.0,12.49,1.93,12.68,21.56,1248,1.26,988,15709.62,4.8,69.99,10.28
1,2016-03-15,23,Tuesday,0,2,5.3,12.71,1.9,12.19,23.75,872,1.24,705,11373.17,4.3,69.99,10.86
1,2016-03-16,0,Wednesday,0,3,5.21,12.39,1.69,11.71,24.86,538,1.23,439,6783.81,4.3,60.3,9.17
2,2016-03-16,2,Wednesday,0,3,5.37,12.08,1.51,10.38,28.39,392,2.09,188,2826.82,4.3,50.3,9.59
2,2016-03-16,4,Wednesday,0,3,7.23,14.9,1.63,11.5,34.49,233,2.35,99,1797.0,4.8,58.3,11.95
2,2016-03-16,9,Wednesday,0,3,3.68,12.04,1.72,15.16,14.29,2187,2.04,1073,15872.43,3.8,70.01,9.93
1,2016-03-16,12,Wednesday,0,3,3.75,12.44,1.59,15.53,13.44,1045,1.22,858,12922.2,3.8,69.99,10.69
1,2016-03-16,17,Wednesday,0,3,3.65,11.72,1.73,14.67,14.69,1121,1.21,930,14405.94,4.8,62.79,9.71
1,2016-03-16,19,Wednesday,0,3,3.73,11.05,1.72,12.92,16.42,1376,1.22,1126,16515.08,4.8,64.34,8.36
2,2016-03-16,21,Wednesday,0,3,4.84,12.29,1.96,12.94,20.92,2684,1.99,1351,21327.01,4.3,70.01,10.2
1,2016-03-16,22,Wednesday,0,3,5.19,12.95,2.02,13.34,21.54,1259,1.26,1003,16514.45,4.3,69.99,10.78
1,2016-03-16,23,Wednesday,0,3,5.45,13.29,1.94,13.3,23.16,1045,1.25,834,13941.55,4.3,69.99,11.29
2,2016-03-17,1,Thursday,0,4,5.39,12.49,1.58,11.12,27.0,721,2.05,352,5462.86,4.3,70.01,10.73
2,2016-03-17,3,Thursday,0,4,6.18,13.51,1.15,11.81,28.6,212,1.89,112,1809.09,4.8,47.3,9.6
1,2016-03-17,5,Thursday,0,4,6.4,14.22,1.74,11.15,29.19,199,1.1,181,3212.43,4.8,69.99,16.16
1,2016-03-17,6,Thursday,0,4,4.45,11.22,1.53,10.57,23.28,493,1.07,462,6377.1,4.3,69.99,10.92
1,2016-03-17,7,Thursday,0,4,4.01,11.34,1.65,12.67,18.11,892,1.12,797,11156.46,3.3,69.99,9.49
1,2016-03-17,8,Thursday,0,4,3.55,11.69,1.68,14.43,14.5,1035,1.12,922,13165.45,3.8,69.99,9.33
2,2016-03-17,10,Thursday,0,4,3.78,12.62,1.71,15.95,14.17,1789,2.02,885,13612.23,4.12,62.81,9.98
1,2016-03-17,11,Thursday,0,4,4.01,13.09,1.71,16.45,14.11,755,1.17,646,10283.59,3.8,62.84,11.43
2,2016-03-17,13,Thursday,0,4,4.22,12.52,1.62,14.59,16.23,1856,2.02,918,13989.64,3.8,70.01,11.81
2,2016-03-17,14,Thursday,0,4,4.46,13.36,1.76,16.01,15.51,1974,2.1,940,15306.44,3.8,70.01,12.99
2,2016-03-17,15,Thursday,0,4,4.2,13.04,1.68,16.21,14.81,1783,2.09,854,13599.22,3.8,70.01,11.98
2,2016-03-17,16,Thursday,0,4,3.95,12.41,1.78,15.31,15.43,1480,2.02,733,11896.92,4.8,59.75,10.91
1,2016-03-17,18,Thursday,0,4,3.77,11.47,1.7,13.66,15.77,1427,1.21,1175,17806.03,4.8,58.55,8.82
1,2016-03-17,20,Thursday,0,4,4.26,11.43,1.81,12.32,19.26,1568,1.26,1249,18402.09,4.8,56.19,8.56
2,2016-03-18,1,Friday,0,5,5.38,12.59,1.77,11.85,25.3,1279,2.02,633,9959.89,4.3,54.34,9.52
2,2016-03-18,3,Friday,0,5,6.14,13.52,1.43,11.92,28.57,555,2.18,255,4167.0,4.8,58.34,10.0
1,2016-03-18,5,Friday,0,5,6.59,14.17,1.87,11.02,30.85,218,1.06,205,3629.84,4.8,70.0,15.4
1,2016-03-18,6,Friday,0,5,5.12,12.15,1.73,11.18,24.64,534,1.11,483,7289.19,3.8,70.34,13.13
1,2016-03-18,7,Friday,0,5,4.21,11.43,1.72,12.36,18.99,1016,1.15,881,12518.22,3.8,69.99,10.18
1,2016-03-18,8,Friday,0,5,3.65,11.44,1.69,13.72,15.23,1225,1.14,1070,15063.68,3.8,69.99,9.39
2,2016-03-18,10,Friday,0,5,4.23,12.77,1.71,15.18,15.78,2073,2.09,994,15477.63,3.8,70.01,10.79
1,2016-03-18,11,Friday,0,5,3.95,12.69,1.62,15.68,14.25,1038,1.19,872,13380.76,3.8,69.99,10.43
2,2016-03-18,13,Friday,0,5,4.2,12.38,1.66,14.39,15.99,1942,2.08,932,14146.93,3.8,70.01,11.4
2,2016-03-18,14,Friday,0,5,4.08,12.17,1.62,14.62,15.16,2261,2.04,1107,16497.91,3.8,70.01,10.84
2,2016-03-18,15,Friday,0,5,4.01,12.43,1.62,15.58,14.51,1902,1.99,958,14490.84,3.8,70.01,10.76
2,2016-03-18,16,Friday,0,5,3.67,11.48,1.57,14.37,15.25,1670,1.99,841,12673.41,5.3,60.8,9.85
1,2016-03-18,18,Friday,0,5,3.62,11.1,1.64,13.25,15.96,1430,1.27,1126,16563.25,4.8,63.39,8.59
1,2016-03-18,20,Friday,0,5,3.96,11.21,1.63,12.59,17.93,1442,1.3,1110,15919.22,4.3,63.36,8.63
2,2016-03-19,1,Saturday,1,6,4.49,11.34,1.53,11.45,22.12,1986,1.97,1009,14345.84,4.3,70.01,8.53
2,2016-03-19,3,Saturday,1,6,5.09,11.99,1.46,11.28,25.19,1190,2.12,562,8320.84,4.3,49.75,8.25
1,2016-03-19,5,Saturday,1,6,6.54,14.54,1.62,11.33,29.43,197,1.3,152,2697.14,4.3,70.34,15.63
1,2016-03-19,6,Saturday,1,6,6.06,13.44,1.66,10.47,30.2,281,1.16,242,3946.08,3.8,69.99,14.67
1,2016-03-19,7,Saturday,1,6,5.8,12.97,1.56,10.68,28.09,366,1.15,319,5046.4,3.8,69.99,14.14
1,2016-03-19,8,Saturday,1,6,4.29,10.83,1.44,10.07,23.88,520,1.16,449,5981.77,3.3,69.99,10.02
2,2016-03-19,10,Saturday,1,6,3.93,10.44,1.33,10.62,21.01,1945,2.03,960,12216.29,3.8,66.34,8.38
1,2016-03-19,11,Saturday,1,6,4.16,11.34,1.47,11.88,19.24,1178,1.33,886,12249.57,3.8,69.99,10.16
2,2016-03-19,13,Saturday,1,6,3.74,11.14,1.5,12.86,17.04,2367,2.05,1154,15725.78,3.8,70.01,8.91
2,2016-03-19,14,Saturday,1,6,4.05,11.6,1.45,13.12,17.69,2299,2.01,1141,16022.33,3.8,70.01,10.28
2,2016-03-19,15,Saturday,1,6,4.04,11.51,1.39,13.07,17.22,2135,2.01,1062,14789.73,3.8,70.01,10.4
2,2016-03-19,16,Saturday,1,6,4.17,11.66,1.43,13.11,17.75,1957,1.97,993,14014.37,3.8,70.09,10.54
1,2016-03-19,18,Saturday,1,6,3.74,11.06,1.44,12.94,16.58,1666,1.4,1186,16021.56,3.8,69.99,8.67
1,2016-03-19,20,Saturday,1,6,3.93,11.26,1.48,12.68,17.69,1396,1.41,993,14068.83,3.8,70.0,8.85
2,2016-03-20,1,Sunday,1,7,4.71,11.8,1.68,11.96,22.29,2237,2.04,1099,16316.33,4.8,58.34,8.57
2,2016-03-20,3,Sunday,1,7,5.51,12.88,1.71,12.26,25.16,1557,2.02,770,12273.01,3.8,58.61,9.5
1,2016-03-20,5,Sunday,1,7,7.19,15.39,1.39,12.27,31.35,235,1.25,188,3455.33,4.8,69.99,14.06
1,2016-03-20,6,Sunday,1,7,6.29,14.14,1.68,11.25,29.65,341,1.16,294,4993.54,3.8,69.99,14.01
1,2016-03-20,7,Sunday,1,7,5.57,12.89,1.48,10.65,27.37,312,1.15,271,4204.81,4.3,68.34,13.38
1,2016-03-20,8,Sunday,1,7,5.34,12.61,1.45,10.71,26.79,470,1.22,384,5863.37,3.8,69.99,12.81
2,2016-03-20,10,Sunday,1,7,4.21,11.13,1.44,11.12,21.91,1827,2.06,887,12046.07,3.8,70.01,9.53
1,2016-03-20,11,Sunday,1,7,4.42,11.53,1.54,11.54,21.08,1191,1.3,915,12879.73,4.3,69.99,10.61
2,2016-03-20,13,Sunday,1,7,4.38,11.52,1.54,11.8,20.29,2262,2.01,1123,15861.8,3.8,70.01,10.8
2,2016-03-20,14,Sunday,1,7,4.5,11.72,1.6,12.15,19.99,2269,2.15,1055,15240.1,3.8,70.01,11.53
2,2016-03-20,15,Sunday,1,7,4.71,12.11,1.57,12.62,20.27,2027,2.07,980,14520.84,3.8,70.01,11.84
2,2016-03-20,16,Sunday,1,7,4.85,12.36,1.65,12.81,20.32,1977,2.02,980,14892.3,3.8,70.01,12.45
1,2016-03-20,18,Sunday,1,7,4.6,11.87,1.61,12.18,20.01,1234,1.38,894,13126.87,3.8,70.55,11.78
1,2016-03-20,20,Sunday,1,7,4.77,11.76,1.68,11.41,21.76,888,1.28,696,10441.66,4.3,69.99,11.17
1,2016-03-21,0,Monday,0,1,5.97,13.34,1.61,11.52,27.3,394,1.25,316,5202.38,4.3,70.0,12.53
2,2016-03-21,2,Monday,0,1,5.59,12.57,1.37,11.4,29.03,182,2.09,87,1326.62,4.8,36.0,8.71
2,2016-03-21,9,Monday,0,1,4.16,12.2,1.75,14.46,15.97,1827,1.93,947,14241.96,3.8,70.34,11.12
1,2016-03-21,12,Monday,0,1,4.15,11.65,1.5,12.6,17.3,954,1.24,768,10958.81,3.8,69.99,11.4
1,2016-03-21,17,Monday,0,1,3.64,10.73,1.54,12.14,17.32,1036,1.27,815,11620.75,4.8,68.15,8.64
1,2016-03-21,19,Monday,0,1,3.74,10.3,1.57,10.82,19.24,1190,1.22,977,13443.21,4.8,65.75,8.0
2,2016-03-21,21,Monday,0,1,4.94,12.06,1.81,11.74,22.8,2147,1.98,1087,16707.52,4.3,70.01,10.83
1,2016-03-21,22,Monday,0,1,5.21,12.47,1.9,12.05,23.95,1020,1.25,815,12976.22,3.8,63.35,10.16
1,2016-03-21,23,Monday,0,1,5.78,13.34,1.97,12.07,25.78,676,1.26,538,9099.77,4.3,70.0,12.1
1,2016-03-22,0,Tuesday,0,2,6.69,14.62,2.08,12.55,28.66,433,1.21,359,6622.99,4.3,70.01,13.39
2,2016-03-22,2,Tuesday,0,2,5.21,11.74,1.27,9.93,28.78,237,2.03,117,1679.56,4.8,58.55,8.85
2,2016-03-22,9,Tuesday,0,2,3.59,11.75,1.74,14.98,14.16,2084,2.02,1031,14911.02,3.8,67.34,9.29
1,2016-03-22,12,Tuesday,0,2,3.86,12.45,1.61,15.33,14.18,898,1.22,737,11113.84,3.8,69.99,10.56
1,2016-03-22,17,Tuesday,0,2,3.61,11.65,1.63,14.48,14.88,1073,1.27,847,12939.46,5.3,62.84,9.32
1,2016-03-22,19,Tuesday,0,2,3.61,10.51,1.64,11.83,17.58,1259,1.19,1060,14890.23,4.8,59.15,7.87
2,2016-03-22,21,Tuesday,0,2,4.94,12.36,1.94,12.43,21.95,2506,2.0,1251,19809.31,4.3,70.01,10.66
1,2016-03-22,22,Tuesday,0,2,4.94,12.41,1.9,12.69,21.7,1162,1.27,915,14409.61,3.8,69.99,9.77
1,2016-03-22,23,Tuesday,0,2,5.23,12.48,1.83,11.89,24.17,819,1.24,663,10458.21,4.3,69.99,10.39
1,2016-03-23,0,Wednesday,0,3,5.03,12.11,1.86,11.31,24.84,509,1.26,405,6233.33,4.3,67.09,9.34
2,2016-03-23,2,Wednesday,0,3,5.44,12.33,1.65,10.95,27.96,277,1.81,153,2364.55,4.8,55.3,9.04
2,2016-03-23,4,Wednesday,0,3,6.4,13.82,1.74,11.03,30.46,231,2.14,108,1857.98,4.3,70.01,12.53
2,2016-03-23,9,Wednesday,0,3,3.72,11.85,1.76,14.71,14.51,2011,1.9,1058,15439.5,4.3,70.01,9.3
1,2016-03-23,12,Wednesday,0,3,3.88,12.54,1.62,15.51,14.13,1020,1.26,807,12307.86,3.3,70.0,10.6
1,2016-03-23,17,Wednesday,0,3,3.6,11.64,1.74,14.65,14.69,1062,1.26,842,12947.6,4.8,63.34,9.03
1,2016-03-23,19,Wednesday,0,3,3.68,10.77,1.7,12.22,17.37,1385,1.23,1130,16239.63,5.3,59.19,8.21
2,2016-03-23,21,Wednesday,0,3,4.73,12.13,1.87,12.67,20.95,2735,2.08,1317,20393.74,4.3,70.01,10.13
1,2016-03-23,22,Wednesday,0,3,5.04,12.74,2.02,13.07,21.3,1307,1.27,1033,16763.24,4.3,69.99,10.69
1,2016-03-23,23,Wednesday,0,3,5.3,13.06,1.97,13.41,22.12,1064,1.31,810,13338.39,4.8,70.0,10.52
2,2016-03-24,0,Thursday,0,4,5.58,13.16,1.91,12.78,24.41,1346,2.08,647,10691.32,4.3,70.01,11.0
1,2016-03-24,1,Thursday,0,4,5.09,12.07,1.59,11.21,25.53,441,1.35,326,4884.54,4.3,63.39,8.67
1,2016-03-24,3,Thursday,0,4,5.64,12.79,1.51,10.86,28.47,209,1.28,163,2569.53,4.8,45.95,9.42
1,2016-03-24,10,Thursday,0,4,3.86,12.25,1.55,14.98,14.28,956,1.18,809,12038.17,4.3,69.99,10.6
2,2016-03-24,12,Thursday,0,4,4.02,12.39,1.58,15.01,14.53,1968,2.02,973,14614.86,3.8,70.01,10.93
1,2016-03-24,13,Thursday,0,4,3.96,12.42,1.61,15.16,14.43,1087,1.24,879,13271.01,3.3,69.99,10.84
1,2016-03-24,14,Thursday,0,4,4.16,12.67,1.59,15.55,14.6,1115,1.25,892,13707.55,3.8,69.99,11.22
1,2016-03-24,15,Thursday,0,4,3.95,12.45,1.69,15.77,14.29,1081,1.23,877,13477.85,3.8,66.34,11.2
1,2016-03-24,16,Thursday,0,4,3.66,12.25,1.67,15.98,13.82,854,1.29,663,10505.87,4.3,63.99,9.65
2,2016-03-24,17,Thursday,0,4,3.88,12.16,1.7,15.44,15.09,2066,2.0,1035,16444.12,4.8,69.41,10.11
2,2016-03-24,19,Thursday,0,4,3.77,11.08,1.69,12.97,16.8,2751,2.05,1341,19691.7,4.8,65.16,8.34
2,2016-03-24,22,Thursday,0,4,4.97,13.08,1.93,14.43,19.78,2445,1.99,1231,20275.26,4.3,70.01,9.98
2,2016-03-24,23,Thursday,0,4,5.41,13.51,2.02,14.34,21.4,2203,1.99,1105,18819.03,4.3,59.76,10.87
1,2016-03-25,0,Friday,0,5,5.37,13.29,1.83,13.54,22.35,1083,1.3,830,13786.26,4.8,69.99,10.49
2,2016-03-25,2,Friday,0,5,5.4,12.62,1.59,11.22,26.64,839,2.21,379,5938.66,4.3,70.01,9.87
2,2016-03-25,4,Friday,0,5,6.75,14.54,1.81,11.96,29.95,429,2.03,211,3829.84,4.3,70.01,14.29
2,2016-03-25,9,Friday,0,5,3.99,11.16,1.61,11.97,18.26,1893,2.0,946,13081.15,3.8,70.01,10.33
1,2016-03-25,12,Friday,0,5,3.83,11.36,1.4,12.93,16.13,1203,1.28,942,13041.52,3.35,69.99,10.24
1,2016-03-25,17,Friday,0,5,3.69,10.9,1.4,12.41,17.28,1214,1.33,912,13038.56,4.8,58.34,8.29
1,2016-03-25,19,Friday,0,5,3.74,10.97,1.52,12.42,17.38,1401,1.35,1040,14953.78,4.8,57.99,8.25
2,2016-03-25,21,Friday,0,5,4.41,11.82,1.54,12.64,19.67,2269,2.07,1095,16270.15,4.3,70.01,9.83
1,2016-03-25,22,Friday,0,5,4.26,11.68,1.53,12.68,18.44,1528,1.45,1051,15373.08,4.3,68.34,9.56
1,2016-03-25,23,Friday,0,5,4.84,12.68,1.69,13.65,19.94,1528,1.46,1048,16573.95,4.3,70.0,9.78
2,2016-03-26,0,Saturday,1,6,4.72,12.04,1.62,12.4,21.49,2640,2.07,1276,19242.75,4.3,70.01,9.36
1,2016-03-26,1,Saturday,1,6,4.74,11.76,1.6,11.56,22.83,1272,1.36,932,13709.98,4.3,65.92,8.54
1,2016-03-26,3,Saturday,1,6,5.18,12.22,1.46,11.29,25.57,737,1.35,546,8224.34,4.3,58.34,8.67
1,2016-03-26,10,Saturday,1,6,4.01,10.79,1.27,10.88,20.7,1031,1.4,735,9588.12,3.8,69.99,9.52
2,2016-03-26,12,Saturday,1,6,3.84,10.77,1.22,11.73,18.95,2242,2.02,1108,14343.6,3.8,70.01,8.36
1,2016-03-26,13,Saturday,1,6,3.89,11.17,1.29,12.37,17.98,1186,1.42,833,11193.33,3.8,69.99,8.9
1,2016-03-26,14,Saturday,1,6,4.18,11.58,1.4,12.55,18.24,1164,1.37,850,11860.74,3.8,69.99,10.54
1,2016-03-26,15,Saturday,1,6,4.06,11.56,1.27,12.92,17.72,1219,1.44,848,11729.98,3.8,69.99,9.67
1,2016-03-26,16,Saturday,1,6,3.69,10.99,1.19,12.46,17.2,1309,1.46,895,11804.48,3.8,70.34,8.59
2,2016-03-26,17,Saturday,1,6,3.98,11.52,1.37,13.28,17.78,2224,2.11,1056,14596.48,4.3,71.21,8.58
2,2016-03-26,19,Saturday,1,6,3.77,11.38,1.38,13.34,17.07,2527,1.98,1275,17427.33,3.8,68.34,8.37
2,2016-03-26,22,Saturday,1,6,4.0,11.42,1.39,12.94,18.17,2318,2.01,1155,16363.64,4.3,70.01,8.44
2,2016-03-26,23,Saturday,1,6,4.48,11.99,1.57,13.21,19.56,2283,1.98,1155,17249.15,4.8,70.01,8.3
2,2016-03-27,0,Sunday,1,7,4.65,11.99,1.63,12.64,21.09,2101,1.92,1096,16465.15,4.3,63.34,8.73
1,2016-03-27,1,Sunday,1,7,4.94,12.19,1.63,12.09,23.0,1062,1.38,768,11640.52,4.3,59.75,8.73
1,2016-03-27,3,Sunday,1,7,5.14,12.28,1.68,11.47,24.79,690,1.42,485,7425.26,4.3,64.34,8.76
1,2016-03-27,10,Sunday,1,7,4.3,10.85,1.24,9.89,23.79,997,1.36,731,9562.54,3.8,69.99,9.68
2,2016-03-27,12,Sunday,1,7,4.08,10.85,1.35,11.01,20.96,2021,2.11,957,12645.32,3.8,70.01,9.33
1,2016-03-27,13,Sunday,1,7,4.23,11.56,1.37,12.08,19.26,1165,1.41,825,11496.09,3.8,70.01,10.73
1,2016-03-27,14,Sunday,1,7,4.4,11.9,1.31,12.78,19.29,1182,1.46,808,11537.49,3.8,69.99,10.74
1,2016-03-27,15,Sunday,1,7,4.37,11.6,1.35,12.3,19.39,1099,1.45,759,10642.5,3.3,69.99,11.19
1,2016-03-27,16,Sunday,1,7,4.47,11.75,1.45,12.28,19.79,1089,1.42,767,10974.33,4.3,69.99,11.15
2,2016-03-27,17,Sunday,1,7,5.11,12.75,1.55,13.21,20.93,1945,1.96,994,15339.55,4.3,70.01,12.17
2,2016-03-27,19,Sunday,1,7,4.86,12.18,1.58,12.78,21.0,1929,1.98,975,14490.62,3.8,70.01,11.24
2,2016-03-27,22,Sunday,1,7,5.78,13.31,1.89,12.61,24.8,1530,2.0,764,12883.33,4.3,70.01,12.11
2,2016-03-27,23,Sunday,1,7,6.26,14.02,1.85,12.41,27.44,1132,1.95,580,10170.06,4.3,70.01,13.31
2,2016-03-28,1,Monday,0,1,5.97,13.2,1.48,11.31,29.14,394,1.92,205,3313.89,4.8,64.94,10.73
1,2016-03-28,5,Monday,0,1,6.35,13.76,1.79,11.21,29.37,189,1.09,174,3037.5,4.3,70.34,15.45
1,2016-03-28,6,Monday,0,1,4.65,11.14,1.43,10.27,24.45,499,1.07,465,6361.73,4.3,69.99,11.63
1,2016-03-28,7,Monday,0,1,3.93,10.57,1.46,11.13,19.49,903,1.11,817,10724.44,3.3,69.99,10.0
1,2016-03-28,8,Monday,0,1,3.43,10.56,1.48,12.48,15.73,1138,1.14,1002,13018.42,4.3,62.19,8.44
2,2016-03-28,10,Monday,0,1,4.14,12.17,1.44,14.46,15.62,1817,1.97,923,13501.25,3.8,70.01,10.77
1,2016-03-28,11,Monday,0,1,3.77,11.62,1.44,13.8,14.92,938,1.31,718,10149.72,4.3,69.99,10.54
2,2016-03-28,13,Monday,0,1,4.34,12.0,1.47,13.13,17.56,1667,2.04,819,11967.84,3.8,70.01,11.48
2,2016-03-28,14,Monday,0,1,4.25,11.77,1.41,13.0,17.88,1731,2.07,837,11979.68,3.8,70.01,10.86
2,2016-03-28,15,Monday,0,1,4.57,12.48,1.55,13.91,17.57,1505,2.0,753,11400.25,3.8,70.01,12.29
2,2016-03-28,16,Monday,0,1,4.05,11.25,1.45,12.53,18.11,1616,2.06,785,11600.69,4.8,59.76,9.7
1,2016-03-28,18,Monday,0,1,3.55,10.26,1.53,11.22,18.02,1094,1.21,906,12442.78,4.8,66.11,7.89
1,2016-03-28,20,Monday,0,1,4.61,11.5,1.79,11.19,21.95,1109,1.22,908,13483.11,4.3,69.99,10.58
1,2016-03-29,2,Tuesday,0,2,6.64,14.78,1.63,11.68,30.92,178,1.16,154,2741.0,4.8,63.35,11.83
1,2016-03-29,4,Tuesday,0,2,6.7,14.39,1.72,11.44,32.34,127,1.34,95,1680.72,4.8,69.99,12.07
2,2016-03-29,5,Tuesday,0,2,5.91,12.98,1.56,9.9,31.21,264,1.91,138,2255.27,4.3,70.01,14.0
2,2016-03-29,6,Tuesday,0,2,4.78,11.33,1.57,10.35,25.83,951,2.03,469,6536.78,4.8,70.01,10.99
2,2016-03-29,7,Tuesday,0,2,3.99,10.64,1.55,11.22,20.32,1793,2.07,868,11427.71,3.8,68.34,9.15
2,2016-03-29,8,Tuesday,0,2,3.83,11.4,1.69,13.22,16.31,2168,2.02,1072,15080.64,3.8,70.01,9.42
1,2016-03-29,9,Tuesday,0,2,3.73,11.64,1.65,13.85,14.97,1032,1.17,883,12603.67,3.8,70.59,9.5
2,2016-03-29,11,Tuesday,0,2,4.12,12.53,1.71,14.95,15.24,1842,2.03,908,13937.9,3.8,70.01,11.25
2,2016-03-29,18,Tuesday,0,2,3.58,10.84,1.64,12.73,16.27,2572,1.92,1343,19391.23,4.8,63.41,8.08
2,2016-03-29,20,Tuesday,0,2,4.38,11.41,1.78,11.93,20.35,2836,2.05,1383,20349.12,4.3,70.01,10.1
1,2016-03-29,21,Tuesday,0,2,4.62,11.85,1.85,12.31,20.79,1394,1.29,1081,16399.1,4.8,69.99,9.67
1,2016-03-30,2,Wednesday,0,3,5.0,11.74,1.45,10.42,27.11,196,1.25,157,2286.23,4.8,38.8,7.93
1,2016-03-30,4,Wednesday,0,3,6.13,13.52,1.68,11.17,30.42,119,1.13,105,1775.74,4.3,63.34,12.46
2,2016-03-30,5,Wednesday,0,3,5.94,12.87,1.8,9.65,32.19,350,2.06,170,2782.84,5.3,70.01,14.5
2,2016-03-30,6,Wednesday,0,3,4.58,10.84,1.62,9.38,26.05,901,2.02,446,6043.42,3.8,70.01,11.63
2,2016-03-30,7,Wednesday,0,3,3.89,10.45,1.57,10.92,20.33,1799,2.08,864,11256.05,4.3,70.01,9.37
2,2016-03-30,8,Wednesday,0,3,3.8,11.31,1.7,13.27,16.3,2242,2.06,1087,15236.47,3.8,70.01,9.75
1,2016-03-30,9,Wednesday,0,3,3.67,11.99,1.76,15.03,14.15,1020,1.12,913,13449.91,3.8,69.99,9.17
2,2016-03-30,11,Wednesday,0,3,4.01,12.53,1.59,15.4,14.7,1832,2.05,893,13578.34,3.8,70.01,10.28
2,2016-03-30,18,Wednesday,0,3,3.74,11.48,1.63,13.8,16.07,2377,1.98,1203,18140.35,4.8,68.16,8.85
2,2016-03-30,20,Wednesday,0,3,4.19,11.23,1.78,12.08,19.16,2815,2.05,1374,19987.78,4.3,70.01,9.58
1,2016-03-30,21,Wednesday,0,3,4.36,11.61,1.71,12.2,19.94,1398,1.26,1107,16405.83,4.3,70.34,9.59
1,2016-03-31,0,Thursday,0,4,5.1,12.28,1.78,11.6,24.17,676,1.2,561,8709.21,4.8,69.99,9.93
2,2016-03-31,2,Thursday,0,4,5.46,12.35,1.6,10.82,27.79,443,2.13,208,3188.82,4.8,60.8,9.51
2,2016-03-31,4,Thursday,0,4,7.64,15.59,1.33,11.67,34.88,247,2.4,103,1941.97,4.3,58.34,13.24
2,2016-03-31,9,Thursday,0,4,3.81,12.07,1.72,14.77,14.88,2184,2.1,1039,15347.07,3.8,70.01,9.68
1,2016-03-31,12,Thursday,0,4,3.93,12.8,1.55,15.9,14.11,951,1.23,774,11927.35,3.8,69.99,10.95
1,2016-03-31,17,Thursday,0,4,3.59,11.68,1.69,14.66,14.47,1126,1.26,891,13678.04,4.8,71.19,9.5
1,2016-03-31,19,Thursday,0,4,3.56,10.77,1.66,12.54,16.24,1446,1.23,1173,16834.49,4.3,53.79,7.68
2,2016-03-31,21,Thursday,0,4,4.65,12.31,1.88,13.43,19.51,2746,2.04,1344,21098.94,4.3,70.01,9.63
1,2016-03-31,22,Thursday,0,4,4.93,12.92,2.0,14.05,19.91,1484,1.27,1166,19097.03,4.3,63.35,9.98
1,2016-03-31,23,Thursday,0,4,5.26,13.08,2.01,13.6,21.47,1247,1.28,975,16198.85,4.3,69.99,10.52
2,2016-04-01,1,Friday,0,5,5.68,13.06,1.67,12.13,25.98,1290,2.18,591,9590.84,4.3,70.01,10.35
2,2016-04-01,3,Friday,0,5,5.47,12.71,1.44,11.44,26.95,500,2.25,222,3439.22,4.8,57.25,8.96
1,2016-04-01,5,Friday,0,5,5.54,12.43,1.47,9.89,30.03,233,1.12,208,3223.82,4.3,65.34,12.06
1,2016-04-01,6,Friday,0,5,4.65,11.27,1.59,10.2,24.92,493,1.1,449,6288.15,4.3,69.99,11.64
1,2016-04-01,7,Friday,0,5,4.25,11.31,1.67,11.97,19.67,805,1.08,748,10480.66,4.3,69.99,10.49
1,2016-04-01,8,Friday,0,5,3.77,11.56,1.72,13.76,15.23,1128,1.13,1002,14300.23,4.3,70.59,9.75
2,2016-04-01,10,Friday,0,5,3.89,12.5,1.61,15.47,14.47,2004,2.04,984,14884.99,4.3,70.01,10.15
1,2016-04-01,11,Friday,0,5,3.83,12.65,1.52,15.88,13.84,921,1.23,748,11363.12,3.8,69.99,10.03
2,2016-04-01,13,Friday,0,5,4.71,13.5,1.74,15.92,16.1,1761,2.08,848,13938.4,4.3,70.01,12.55
2,2016-04-01,14,Friday,0,5,4.12,12.64,1.56,15.23,15.11,1932,2.08,928,14249.24,3.8,70.01,11.26
2,2016-04-01,15,Friday,0,5,4.19,12.78,1.61,15.96,14.8,1720,2.01,856,13282.2,3.8,70.01,11.42
2,2016-04-01,16,Friday,0,5,3.93,12.27,1.61,15.49,14.78,1593,1.91,832,13224.74,4.8,65.81,9.89
1,2016-04-01,18,Friday,0,5,3.39,11.12,1.6,13.97,14.61,1465,1.28,1144,16737.92,4.8,55.84,8.15
1,2016-04-01,20,Friday,0,5,4.26,12.37,1.71,14.37,17.22,1434,1.35,1065,16634.12,4.8,70.01,10.0
1,2016-04-02,2,Saturday,1,6,4.74,11.89,1.7,11.98,22.29,1077,1.31,822,12294.45,4.3,50.8,8.21
1,2016-04-02,4,Saturday,1,6,5.71,13.23,1.45,11.95,26.09,438,1.26,347,5598.97,4.3,69.99,10.6
2,2016-04-02,5,Saturday,1,6,6.51,14.02,1.34,11.63,30.71,380,2.29,166,2839.91,4.8,70.01,13.09
2,2016-04-02,6,Saturday,1,6,6.45,13.85,1.52,10.9,30.72,467,1.91,244,4063.58,3.8,70.01,14.8
2,2016-04-02,7,Saturday,1,6,5.07,11.79,1.63,9.8,28.03,755,2.01,376,5506.46,4.3,70.34,12.54
2,2016-04-02,8,Saturday,1,6,4.3,10.83,1.31,10.13,23.16,1183,2.03,584,7664.24,3.8,70.01,9.74
1,2016-04-02,9,Saturday,1,6,3.59,10.06,1.35,10.42,19.28,965,1.26,765,9436.56,4.1,66.34,8.34
2,2016-04-02,11,Saturday,1,6,3.71,10.72,1.37,11.9,18.15,2406,2.07,1162,15081.65,3.8,70.01,8.74
2,2016-04-02,18,Saturday,1,6,3.69,11.49,1.43,13.9,16.43,2581,1.99,1298,17982.96,3.8,70.01,8.34
2,2016-04-02,20,Saturday,1,6,3.82,11.4,1.54,13.33,17.15,2443,1.96,1244,17799.26,4.3,70.01,8.3
1,2016-04-02,21,Saturday,1,6,3.82,11.17,1.48,12.72,17.58,1483,1.44,1029,14412.72,3.8,66.34,7.7
1,2016-04-03,2,Sunday,1,7,4.73,11.72,1.67,11.67,22.48,1201,1.4,860,12691.02,4.3,68.34,8.37
1,2016-04-03,4,Sunday,1,7,5.68,12.88,1.43,11.43,27.2,565,1.34,422,6655.56,4.3,62.8,9.47
2,2016-04-03,5,Sunday,1,7,6.54,14.27,1.51,11.65,30.16,382,2.13,179,3085.94,4.3,70.01,13.9
2,2016-04-03,6,Sunday,1,7,7.75,15.98,1.76,11.93,33.52,357,1.91,187,3578.82,3.8,70.01,16.66
2,2016-04-03,7,Sunday,1,7,5.27,11.96,1.44,9.08,31.08,441,1.75,252,3649.05,3.8,70.01,12.37
2,2016-04-03,8,Sunday,1,7,4.72,10.99,1.35,8.91,28.12,711,1.86,383,5156.65,4.3,65.34,10.87
1,2016-04-03,9,Sunday,1,7,4.13,10.33,1.29,9.08,24.48,710,1.31,541,6826.32,3.8,70.0,9.75
2,2016-04-03,11,Sunday,1,7,3.99,10.53,1.39,10.47,21.17,2317,2.02,1148,14854.55,3.8,70.01,9.74
2,2016-04-03,18,Sunday,1,7,4.42,12.0,1.63,13.08,18.71,2081,1.95,1066,15664.91,3.8,70.01,11.34
2,2016-04-03,20,Sunday,1,7,4.87,11.81,1.63,11.3,23.19,1822,2.03,897,13512.35,4.8,70.01,10.93
1,2016-04-03,21,Sunday,1,7,4.85,11.73,1.73,10.83,23.93,888,1.33,667,10067.8,3.8,69.99,11.48
1,2016-04-04,0,Monday,0,1,7.24,15.56,1.96,12.43,30.62,419,1.25,335,6482.25,4.8,70.01,14.31
2,2016-04-04,2,Monday,0,1,6.4,13.75,1.82,11.77,30.88,213,1.85,115,1950.37,4.8,56.16,10.57
2,2016-04-04,4,Monday,0,1,6.86,14.96,1.92,11.54,33.16,186,1.98,94,1780.12,4.8,70.01,14.01
2,2016-04-04,9,Monday,0,1,3.76,12.1,1.73,15.23,14.05,1980,1.92,1029,15312.31,3.8,70.01,10.32
1,2016-04-04,12,Monday,0,1,3.91,12.14,1.54,14.62,14.52,1029,1.21,851,12602.33,3.3,70.0,11.38
1,2016-04-04,17,Monday,0,1,3.11,10.33,1.47,13.0,14.06,1168,1.2,972,13322.56,5.3,65.21,7.9
1,2016-04-04,19,Monday,0,1,3.46,9.88,1.6,10.74,17.85,1273,1.17,1091,14589.9,4.8,59.8,7.81
2,2016-04-04,21,Monday,0,1,4.95,11.97,1.89,11.46,23.12,2170,1.94,1117,17218.46,4.8,70.01,10.95
1,2016-04-04,22,Monday,0,1,5.1,12.24,1.91,11.7,23.59,966,1.24,782,12242.04,4.3,69.99,10.47
1,2016-04-04,23,Monday,0,1,5.35,12.48,1.84,11.08,25.75,791,1.23,641,10207.83,4.3,69.99,11.17
1,2016-04-05,2,Tuesday,0,2,4.66,10.96,1.22,9.38,27.19,169,1.2,141,1906.77,4.8,54.8,8.14
2,2016-04-05,5,Tuesday,0,2,6.61,13.96,2.04,10.61,31.31,391,2.23,175,3135.07,4.8,70.01,15.76
2,2016-04-05,6,Tuesday,0,2,4.72,11.25,1.7,10.21,24.91,991,1.92,515,7305.95,4.3,70.01,12.49
2,2016-04-05,7,Tuesday,0,2,3.85,11.0,1.66,12.31,18.17,2025,1.92,1056,14349.63,3.8,70.01,8.82
2,2016-04-05,8,Tuesday,0,2,3.7,12.13,1.82,15.33,14.26,2511,2.02,1246,18624.11,3.8,67.14,9.91
1,2016-04-05,9,Tuesday,0,2,3.58,12.97,1.87,17.38,12.53,992,1.12,884,14000.93,3.3,64.34,10.32
2,2016-04-05,11,Tuesday,0,2,4.01,13.0,1.7,16.43,13.76,1861,1.97,944,14944.18,3.8,70.01,11.35
2,2016-04-05,18,Tuesday,0,2,3.68,11.53,1.72,14.26,15.4,2695,1.97,1365,20757.03,4.8,56.84,8.45
2,2016-04-05,20,Tuesday,0,2,4.5,11.52,1.8,12.0,20.64,2760,2.01,1374,20368.66,4.3,70.01,10.06
1,2016-04-05,21,Tuesday,0,2,4.95,12.46,1.97,12.9,21.01,1393,1.24,1123,17891.95,4.3,69.99,10.68
2,2016-04-06,1,Wednesday,0,3,5.42,12.31,1.79,10.94,27.18,551,2.14,257,3978.14,4.3,46.3,9.42
2,2016-04-06,3,Wednesday,0,3,6.02,13.32,1.4,11.8,29.34,245,2.01,122,1964.82,4.8,55.3,9.64
1,2016-04-06,5,Wednesday,0,3,5.38,12.04,1.84,9.21,29.53,213,1.12,191,2995.75,4.8,69.99,14.31
1,2016-04-06,6,Wednesday,0,3,4.12,10.28,1.42,9.39,23.9,598,1.09,549,6992.7,3.8,69.99,10.25
1,2016-04-06,7,Wednesday,0,3,3.92,11.05,1.74,12.17,18.45,1016,1.14,895,12337.83,3.8,70.01,9.63
1,2016-04-06,8,Wednesday,0,3,3.37,10.98,1.59,13.34,14.64,1174,1.14,1032,13926.65,3.8,69.99,8.82
2,2016-04-06,10,Wednesday,0,3,3.84,12.25,1.74,15.06,14.73,1893,1.95,971,14576.64,3.8,70.01,10.13
1,2016-04-06,11,Wednesday,0,3,3.73,12.29,1.68,15.32,13.66,951,1.2,794,11917.58,3.8,70.0,10.39
2,2016-04-06,13,Wednesday,0,3,4.28,12.99,1.71,15.59,15.17,1898,1.97,962,15219.48,3.8,70.01,11.43
2,2016-04-06,14,Wednesday,0,3,4.54,13.56,1.87,16.7,14.65,2149,2.03,1057,17578.98,3.8,70.01,12.44
2,2016-04-06,15,Wednesday,0,3,4.05,12.6,1.68,15.9,14.15,1990,1.98,1005,15495.15,3.8,70.01,10.99
2,2016-04-06,16,Wednesday,0,3,3.82,11.97,1.64,15.12,14.48,1611,1.89,852,13329.11,4.3,67.61,10.58
1,2016-04-06,18,Wednesday,0,3,3.46,10.94,1.75,13.37,15.07,1296,1.2,1079,15768.78,4.3,55.8,7.97
1,2016-04-06,20,Wednesday,0,3,4.22,11.53,1.8,12.55,18.8,1463,1.22,1197,17732.58,4.3,69.99,9.48
1,2016-04-07,2,Thursday,0,4,5.87,13.14,1.68,11.53,28.65,226,1.22,185,3008.45,4.3,69.99,10.02
1,2016-04-07,4,Thursday,0,4,6.53,13.97,1.35,11.34,31.26,151,1.22,124,2108.24,5.3,69.99,13.31
2,2016-04-07,5,Thursday,0,4,6.25,13.4,1.87,10.6,30.89,400,1.88,213,3618.89,4.8,70.01,13.83
2,2016-04-07,6,Thursday,0,4,5.11,11.92,1.57,10.57,26.16,1123,2.13,526,7747.16,3.8,70.01,12.17
2,2016-04-07,7,Thursday,0,4,3.84,10.83,1.61,11.93,18.84,1970,1.91,1030,13794.13,3.8,70.01,9.19
2,2016-04-07,8,Thursday,0,4,3.66,11.5,1.67,13.97,15.23,2475,2.03,1219,17244.57,3.8,64.17,9.16
1,2016-04-07,9,Thursday,0,4,3.57,11.86,1.78,14.76,13.84,973,1.1,887,12972.44,3.8,69.99,9.56
2,2016-04-07,11,Thursday,0,4,3.88,12.71,1.72,16.12,13.79,1971,1.99,992,15401.61,3.8,70.01,10.33
2,2016-04-07,18,Thursday,0,4,3.85,11.69,1.75,14.09,15.92,2455,1.95,1257,19459.03,5.3,61.34,9.44
2,2016-04-07,20,Thursday,0,4,4.48,11.97,1.85,13.09,19.05,2787,2.05,1361,20853.48,4.8,70.01,9.91
1,2016-04-07,21,Thursday,0,4,4.76,12.57,1.95,13.6,19.53,1406,1.27,1103,17718.07,4.3,70.0,10.55
2,2016-04-08,0,Friday,0,5,5.86,13.56,2.11,12.88,25.04,1740,2.09,832,14357.0,4.3,70.01,11.55
1,2016-04-08,1,Friday,0,5,5.77,13.24,1.89,11.85,25.77,521,1.24,421,6995.2,5.3,70.0,12.03
1,2016-04-08,3,Friday,0,5,5.42,12.48,1.68,10.87,27.36,254,1.23,207,3226.69,4.8,66.34,9.75
1,2016-04-08,10,Friday,0,5,3.67,12.06,1.59,15.0,13.71,989,1.15,859,12600.51,4.3,65.34,9.73
2,2016-04-08,12,Friday,0,5,4.09,12.57,1.75,15.32,14.85,2012,1.96,1024,15761.7,3.8,70.01,11.31
1,2016-04-08,13,Friday,0,5,4.14,12.37,1.7,14.61,14.98,1123,1.2,934,14208.65,3.8,70.01,11.59
1,2016-04-08,14,Friday,0,5,3.77,11.92,1.6,14.79,13.99,1216,1.23,990,14442.42,3.8,69.99,10.65
1,2016-04-08,15,Friday,0,5,3.61,12.02,1.69,15.59,13.03,1186,1.28,927,13767.6,3.8,69.99,10.95
1,2016-04-08,16,Friday,0,5,3.26,11.06,1.6,14.24,13.92,944,1.25,754,11010.07,4.3,63.99,9.2
2,2016-04-08,17,Friday,0,5,3.59,11.5,1.68,14.76,14.88,2091,1.95,1072,16225.67,4.8,65.21,9.63
2,2016-04-08,19,Friday,0,5,3.78,11.08,1.67,12.91,16.79,3019,2.0,1508,22172.58,4.8,61.01,8.72
2,2016-04-08,22,Friday,0,5,4.54,12.28,1.77,13.75,18.73,2775,1.98,1398,21715.75,4.3,70.01,9.73
2,2016-04-08,23,Friday,0,5,4.87,12.89,1.83,14.37,19.39,2610,1.95,1337,21607.77,4.3,70.01,9.73
1,2016-04-09,2,Saturday,1,6,4.98,12.17,1.7,11.97,22.99,1051,1.43,734,11200.16,4.3,62.15,8.75
1,2016-04-09,4,Saturday,1,6,6.17,13.86,1.5,12.16,27.63,458,1.28,358,6009.31,4.3,69.99,11.62
2,2016-04-09,5,Saturday,1,6,6.36,13.79,1.73,11.28,30.54,368,2.15,171,2938.0,4.3,70.01,13.32
2,2016-04-09,6,Saturday,1,6,6.09,13.18,1.37,10.24,30.98,469,2.16,217,3392.75,4.3,70.01,13.21
2,2016-04-09,7,Saturday,1,6,5.01,11.65,1.6,9.56,27.86,627,1.81,346,4962.24,4.3,70.01,12.16
2,2016-04-09,8,Saturday,1,6,3.99,10.15,1.21,9.35,23.59,1261,2.02,624,7670.27,4.3,70.01,8.96
1,2016-04-09,9,Saturday,1,6,3.76,10.03,1.31,9.65,21.25,829,1.25,664,8168.14,3.8,69.99,9.06
2,2016-04-09,11,Saturday,1,6,3.91,10.82,1.36,11.57,18.95,2393,2.03,1176,15489.02,3.8,70.01,9.26
2,2016-04-09,18,Saturday,1,6,3.78,11.16,1.43,13.13,16.68,2507,2.0,1252,16886.52,3.8,70.01,8.16
2,2016-04-09,20,Saturday,1,6,3.93,10.92,1.45,11.88,18.55,2341,2.05,1141,15718.5,4.3,70.01,8.94
1,2016-04-09,21,Saturday,1,6,3.69,10.59,1.41,11.67,18.26,1380,1.45,955,12765.17,4.3,69.99,7.65
2,2016-04-10,1,Sunday,1,7,4.78,11.89,1.69,11.9,22.62,2436,2.02,1205,18001.46,4.3,70.01,8.43
2,2016-04-10,3,Sunday,1,7,5.3,12.58,1.69,12.17,24.86,1590,2.28,697,10899.03,4.3,52.61,9.09
1,2016-04-10,5,Sunday,1,7,6.74,14.51,1.36,11.54,30.46,201,1.21,166,2900.69,4.3,69.99,13.66
1,2016-04-10,7,Sunday,1,7,4.94,11.33,1.43,8.79,29.4,331,1.18,281,3909.27,3.8,69.99,11.51
1,2016-04-10,6,Sunday,1,7,5.74,12.59,1.39,9.58,31.24,210,1.17,180,2752.17,4.3,69.99,12.96
1,2016-04-10,8,Sunday,1,7,4.89,11.55,1.38,9.27,27.46,495,1.18,420,5896.11,3.8,69.99,11.8
2,2016-04-10,10,Sunday,1,7,4.45,11.16,1.5,10.62,22.94,1981,2.06,960,13158.61,3.8,68.34,10.23
1,2016-04-10,11,Sunday,1,7,4.01,10.82,1.38,11.1,19.91,1266,1.32,959,12653.83,4.3,68.34,9.31
2,2016-04-10,13,Sunday,1,7,4.4,12.41,1.7,14.13,17.71,2071,1.94,1066,16155.58,3.8,70.01,11.03
2,2016-04-10,14,Sunday,1,7,4.7,13.06,1.77,15.22,17.52,2144,2.08,1033,16522.6,3.8,70.01,11.53
2,2016-04-10,15,Sunday,1,7,4.56,12.72,1.77,14.73,17.44,2134,2.11,1013,15847.25,3.8,70.01,11.93
2,2016-04-10,16,Sunday,1,7,4.68,12.91,1.72,14.91,17.62,1817,1.95,931,14727.63,3.8,70.01,12.55
1,2016-04-10,18,Sunday,1,7,4.41,12.0,1.61,13.45,18.41,1377,1.37,1008,14808.7,3.8,69.99,10.25
1,2016-04-10,20,Sunday,1,7,4.74,11.81,1.71,11.76,21.73,1059,1.34,789,11873.6,4.3,69.99,10.98
1,2016-04-11,2,Monday,0,1,5.53,12.34,1.21,10.33,28.76,184,1.27,145,2153.79,4.8,49.3,9.29
1,2016-04-11,4,Monday,0,1,7.15,15.57,1.37,12.37,31.83,137,1.21,113,2098.89,4.8,68.34,12.92
2,2016-04-11,5,Monday,0,1,6.99,14.71,2.06,11.64,31.15,322,1.85,174,3254.33,4.3,70.34,14.85
2,2016-04-11,6,Monday,0,1,5.1,11.71,1.59,10.52,26.78,989,1.94,510,7382.71,4.3,70.34,12.17
2,2016-04-11,7,Monday,0,1,4.1,11.15,1.6,11.94,19.65,1792,1.99,899,12376.29,3.8,66.34,9.83
2,2016-04-11,8,Monday,0,1,3.86,11.53,1.7,13.71,16.1,2229,2.01,1107,15766.31,3.8,70.01,9.91
1,2016-04-11,9,Monday,0,1,4.01,12.19,1.76,14.74,15.15,947,1.11,853,12778.7,3.8,69.99,10.42
2,2016-04-11,11,Monday,0,1,4.27,12.78,1.6,15.15,15.49,1593,2.02,788,12279.45,3.8,70.01,11.8
2,2016-04-11,18,Monday,0,1,3.57,10.84,1.64,12.9,16.14,2740,1.97,1392,20088.72,4.8,62.21,8.5
2,2016-04-11,20,Monday,0,1,4.57,11.5,1.76,11.46,21.59,2311,2.01,1147,16955.46,4.3,70.01,10.15
1,2016-04-11,21,Monday,0,1,4.7,11.7,1.86,11.52,22.25,1114,1.22,916,13779.39,4.3,70.01,9.99
2,2016-04-12,0,Tuesday,0,2,5.66,12.79,1.81,11.27,27.67,831,2.03,410,6637.64,4.8,70.01,11.25
1,2016-04-12,1,Tuesday,0,2,4.99,11.79,1.62,10.91,25.96,241,1.24,194,2873.13,4.8,51.0,8.93
1,2016-04-12,3,Tuesday,0,2,6.33,13.84,1.72,11.94,29.5,136,1.21,112,1901.11,4.8,58.34,10.45
1,2016-04-12,10,Tuesday,0,2,3.39,12.07,1.65,15.78,12.51,918,1.14,803,11807.44,3.8,69.99,9.64
2,2016-04-12,12,Tuesday,0,2,3.61,12.45,1.57,16.07,12.75,1881,1.96,961,14494.17,3.8,70.01,10.42
1,2016-04-12,13,Tuesday,0,2,3.9,12.8,1.71,15.66,13.83,1009,1.24,813,12700.82,4.3,70.0,11.3
1,2016-04-12,14,Tuesday,0,2,4.05,12.71,1.59,15.69,14.36,1004,1.22,825,12656.54,4.3,69.99,10.66
1,2016-04-12,15,Tuesday,0,2,4.06,12.5,1.66,15.37,14.41,1090,1.25,869,13337.96,3.8,70.34,11.11
1,2016-04-12,16,Tuesday,0,2,3.87,11.74,1.7,14.14,15.06,922,1.24,743,11518.95,4.8,69.99,10.6
2,2016-04-12,17,Tuesday,0,2,3.61,11.04,1.64,13.34,15.65,2190,1.94,1127,16522.59,4.8,58.01,8.54
2,2016-04-12,19,Tuesday,0,2,3.64,10.32,1.66,11.33,18.47,2769,2.03,1364,18974.59,4.8,55.01,7.58
2,2016-04-12,22,Tuesday,0,2,5.0,12.54,1.95,13.05,21.58,2379,2.05,1161,18558.75,4.3,70.01,10.35
2,2016-04-12,23,Tuesday,0,2,5.1,12.37,1.73,12.11,23.44,1847,1.99,926,14459.43,4.3,70.01,10.53
1,2016-04-13,2,Wednesday,0,3,5.28,12.24,1.72,11.26,26.31,227,1.26,180,2774.58,4.8,43.29,9.04
1,2016-04-13,4,Wednesday,0,3,5.43,12.16,1.24,9.86,30.4,148,1.17,126,1885.09,4.8,69.99,10.53
2,2016-04-13,5,Wednesday,0,3,6.35,13.56,1.89,10.44,31.91,368,2.07,178,3067.96,4.8,70.01,14.48
2,2016-04-13,6,Wednesday,0,3,4.71,11.4,1.6,10.35,24.87,978,1.98,495,7004.85,4.3,70.01,12.17
2,2016-04-13,7,Wednesday,0,3,3.89,10.9,1.62,12.03,18.69,1967,1.98,993,13421.14,3.8,70.01,8.89
2,2016-04-13,8,Wednesday,0,3,3.69,11.72,1.71,14.6,14.83,2336,1.98,1177,16957.99,3.8,70.01,9.01
1,2016-04-13,9,Wednesday,0,3,3.44,11.75,1.73,14.91,13.29,1039,1.09,950,13723.82,3.8,70.0,9.13
2,2016-04-13,11,Wednesday,0,3,3.64,12.16,1.64,15.44,13.62,1871,1.96,954,14120.16,4.3,70.01,9.88
2,2016-04-13,18,Wednesday,0,3,3.73,11.56,1.8,14.25,15.13,2537,1.95,1301,19960.21,4.8,63.0,9.13
2,2016-04-13,20,Wednesday,0,3,4.46,11.8,1.8,12.76,19.48,2801,2.05,1369,20718.29,4.3,70.01,9.81
1,2016-04-13,21,Wednesday,0,3,4.62,12.11,1.93,12.93,20.28,1420,1.24,1147,17778.12,4.3,69.99,9.66
1,2016-04-14,2,Thursday,0,4,5.44,12.33,1.45,10.95,27.27,256,1.24,207,3142.9,4.3,53.79,9.17
1,2016-04-14,4,Thursday,0,4,5.97,12.95,1.68,10.38,31.17,154,1.18,130,2104.02,4.8,49.59,11.11
2,2016-04-14,5,Thursday,0,4,6.84,14.38,2.12,10.92,32.26,375,1.99,188,3481.4,4.3,70.01,15.83
2,2016-04-14,6,Thursday,0,4,4.77,11.39,1.56,10.18,25.4,1049,1.91,550,7752.31,3.8,70.01,12.45
2,2016-04-14,7,Thursday,0,4,3.96,11.16,1.63,12.21,18.7,1866,1.94,961,13235.32,4.3,70.01,9.66
2,2016-04-14,8,Thursday,0,4,3.68,11.74,1.77,14.51,14.93,2525,2.06,1226,17774.4,3.8,68.21,9.42
1,2016-04-14,9,Thursday,0,4,3.47,11.71,1.66,14.83,13.53,1027,1.12,920,13199.27,3.8,65.19,9.3
2,2016-04-14,11,Thursday,0,4,4.06,12.83,1.79,16.1,14.2,2088,2.06,1013,15978.37,3.8,70.01,11.33
2,2016-04-14,18,Thursday,0,4,3.7,12.08,1.84,15.41,14.73,2585,2.01,1287,20403.04,4.8,66.84,9.04
2,2016-04-14,20,Thursday,0,4,4.29,11.89,1.82,13.49,18.1,2803,1.93,1450,22039.48,4.3,70.01,9.57
1,2016-04-14,21,Thursday,0,4,4.5,12.12,1.86,13.26,18.76,1540,1.25,1235,19117.06,4.8,70.0,10.48
2,2016-04-15,0,Friday,0,5,5.04,12.34,1.84,12.36,22.88,1646,2.02,814,12675.31,3.8,67.01,9.88
1,2016-04-15,1,Friday,0,5,5.23,12.5,1.69,12.08,23.98,577,1.29,446,6948.22,4.8,69.99,9.55
1,2016-04-15,3,Friday,0,5,4.73,11.64,1.25,10.48,26.31,241,1.3,185,2634.49,4.3,58.3,8.9
1,2016-04-15,10,Friday,0,5,3.88,12.72,1.61,15.96,13.62,894,1.17,761,11722.52,3.8,69.99,10.64
2,2016-04-15,12,Friday,0,5,3.92,12.5,1.72,15.39,14.19,2118,2.06,1026,15730.43,4.3,70.01,11.44
1,2016-04-15,13,Friday,0,5,4.24,12.83,1.7,15.42,14.87,1090,1.21,901,14118.46,4.3,70.01,11.49
1,2016-04-15,14,Friday,0,5,4.03,12.9,1.63,16.0,13.96,1171,1.2,977,15332.99,3.3,70.01,11.64
1,2016-04-15,15,Friday,0,5,3.74,12.59,1.59,16.71,12.78,1041,1.22,856,13062.42,3.8,69.99,10.18
1,2016-04-15,16,Friday,0,5,3.74,12.41,1.78,16.31,13.65,840,1.26,669,10846.39,5.3,63.39,10.63
2,2016-04-15,17,Friday,0,5,3.58,11.75,1.71,15.15,14.27,2045,1.97,1036,16028.39,4.3,57.41,9.15
2,2016-04-15,19,Friday,0,5,3.89,11.44,1.75,13.47,16.52,2929,1.89,1552,23525.55,4.8,59.76,8.84
2,2016-04-15,22,Friday,0,5,4.33,12.01,1.74,13.66,18.1,2961,2.02,1469,22345.67,4.3,65.34,9.12
2,2016-04-15,23,Friday,0,5,5.1,13.5,2.0,15.17,19.13,2832,2.03,1392,23584.96,4.8,67.61,10.71
2,2016-04-16,1,Saturday,1,6,5.15,12.78,1.76,13.17,22.17,2014,2.03,991,15780.83,4.8,70.01,9.53
2,2016-04-16,3,Saturday,1,6,5.29,12.66,1.58,12.54,24.03,1225,2.04,600,9365.66,4.3,70.01,9.24
1,2016-04-16,5,Saturday,1,6,5.8,13.01,1.43,10.6,29.88,228,1.21,189,3032.88,4.3,69.99,11.36
1,2016-04-16,6,Saturday,1,6,5.9,13.09,1.54,10.52,29.74,291,1.09,267,4217.76,4.3,69.99,13.45
1,2016-04-16,7,Saturday,1,6,5.79,13.1,1.62,10.66,28.08,390,1.13,344,5460.46,4.3,69.99,13.94
1,2016-04-16,8,Saturday,1,6,4.36,10.93,1.38,10.14,23.31,739,1.2,616,8194.43,3.8,69.99,10.1
2,2016-04-16,10,Saturday,1,6,3.9,10.68,1.37,11.2,19.91,2118,2.12,1001,13037.9,3.8,70.01,8.96
1,2016-04-16,11,Saturday,1,6,3.84,11.03,1.4,12.08,17.96,1237,1.31,947,12672.16,3.8,69.99,9.12
2,2016-04-16,13,Saturday,1,6,3.97,11.89,1.51,13.84,16.85,2304,2.01,1145,16483.52,3.8,70.01,9.92
2,2016-04-16,14,Saturday,1,6,4.27,12.15,1.39,14.0,17.45,2254,2.09,1081,15766.29,3.8,70.34,10.5
2,2016-04-16,15,Saturday,1,6,4.1,11.96,1.54,14.09,16.5,2166,2.08,1039,15076.92,3.8,70.01,10.4
2,2016-04-16,16,Saturday,1,6,3.97,11.66,1.5,13.67,17.17,1885,2.06,915,12905.6,3.3,70.01,9.23
1,2016-04-16,18,Saturday,1,6,3.66,11.25,1.46,13.51,16.09,1765,1.44,1229,16796.03,3.8,69.99,8.55
1,2016-04-16,20,Saturday,1,6,4.01,12.04,1.69,14.63,16.17,1596,1.42,1124,16987.4,4.8,69.99,8.41
1,2016-04-17,0,Sunday,1,7,4.47,12.03,1.63,13.33,19.37,1629,1.43,1140,17150.91,4.3,60.34,8.55
2,2016-04-17,2,Sunday,1,7,4.82,11.84,1.73,11.6,23.45,2002,2.11,951,14212.9,4.8,56.62,8.27
2,2016-04-17,4,Sunday,1,7,5.91,13.29,1.55,12.05,27.31,861,2.12,406,6596.1,4.3,70.01,10.31
2,2016-04-17,9,Sunday,1,7,4.34,10.74,1.4,9.93,24.41,1459,2.05,713,9399.26,3.8,71.21,9.62
1,2016-04-17,12,Sunday,1,7,4.2,11.45,1.51,12.34,18.82,1294,1.31,990,13867.76,3.8,69.99,9.99
1,2016-04-17,17,Sunday,1,7,4.45,12.38,1.6,14.32,17.49,1229,1.43,862,13066.81,4.3,69.99,10.91
1,2016-04-17,19,Sunday,1,7,4.67,12.43,1.72,13.43,19.25,1242,1.36,911,13970.21,3.8,69.99,11.6
2,2016-04-17,21,Sunday,1,7,4.85,12.13,1.77,12.31,21.94,1720,2.02,853,13159.31,4.3,70.01,10.9
1,2016-04-17,22,Sunday,1,7,5.0,12.18,1.71,11.86,23.23,976,1.34,731,11287.06,4.3,69.99,10.65
1,2016-04-17,23,Sunday,1,7,5.68,13.09,1.76,11.81,26.32,734,1.31,561,9214.86,4.3,69.99,11.28
2,2016-04-18,1,Monday,0,1,5.58,12.77,1.41,11.39,27.47,422,1.99,212,3302.31,4.8,70.01,10.8
2,2016-04-18,3,Monday,0,1,7.12,15.19,1.16,12.83,30.75,144,2.09,69,1250.33,5.3,58.34,10.83
1,2016-04-18,5,Monday,0,1,7.33,15.36,1.95,11.54,33.68,222,1.17,190,3679.51,4.8,69.99,14.96
1,2016-04-18,6,Monday,0,1,4.46,10.81,1.58,9.65,24.92,509,1.09,467,6311.57,4.3,70.01,11.66
1,2016-04-18,7,Monday,0,1,3.99,11.04,1.61,11.96,18.78,886,1.14,776,10626.94,3.8,69.99,10.31
1,2016-04-18,8,Monday,0,1,3.96,12.05,1.77,14.44,15.51,1033,1.14,910,13487.56,4.3,65.19,10.05
2,2016-04-18,10,Monday,0,1,4.25,12.6,1.69,14.84,15.87,1524,1.98,771,11888.94,3.8,70.01,11.04
1,2016-04-18,11,Monday,0,1,4.52,13.27,1.77,15.79,15.51,882,1.22,724,11729.78,3.8,69.99,11.87
2,2016-04-18,13,Monday,0,1,4.27,12.39,1.61,14.26,16.53,1687,2.02,836,12674.28,3.8,70.01,11.43
2,2016-04-18,14,Monday,0,1,4.51,12.82,1.71,14.96,16.13,1976,2.09,945,14841.25,3.8,70.01,12.24
2,2016-04-18,15,Monday,0,1,4.26,12.41,1.61,14.95,15.71,1796,2.03,883,13398.56,4.3,70.01,11.71
2,2016-04-18,16,Monday,0,1,3.94,11.61,1.68,13.77,16.23,1823,2.02,901,13879.77,4.8,61.01,10.26
1,2016-04-18,18,Monday,0,1,3.9,11.27,1.68,13.04,16.66,1189,1.2,994,14854.46,4.8,60.39,9.0
1,2016-04-18,20,Monday,0,1,4.59,11.7,1.84,11.93,21.15,1258,1.23,1025,15436.96,4.3,70.34,9.8
1,2016-04-19,0,Tuesday,0,2,5.66,12.96,1.71,11.78,26.58,433,1.22,355,5751.02,4.3,69.99,11.05
2,2016-04-19,2,Tuesday,0,2,5.32,12.45,1.45,10.6,28.51,266,2.03,131,1995.88,4.8,53.76,9.3
2,2016-04-19,4,Tuesday,0,2,7.38,15.34,1.49,11.93,34.01,173,1.84,94,1769.2,4.3,58.34,12.92
2,2016-04-19,9,Tuesday,0,2,3.49,11.85,1.71,15.17,13.75,1928,1.99,968,14083.62,3.8,70.01,9.17
1,2016-04-19,12,Tuesday,0,2,3.4,12.01,1.56,15.42,12.83,945,1.19,797,11630.46,3.8,69.99,9.42
1,2016-04-19,17,Tuesday,0,2,3.38,11.32,1.65,14.48,13.54,1134,1.24,914,13625.01,4.8,64.35,9.06
1,2016-04-19,19,Tuesday,0,2,3.77,11.01,1.7,12.58,16.85,1297,1.18,1097,16071.44,4.8,65.34,8.61
2,2016-04-19,21,Tuesday,0,2,4.64,12.23,1.91,13.25,20.18,2518,1.97,1278,19956.53,4.3,70.01,9.42
1,2016-04-19,22,Tuesday,0,2,5.07,13.13,2.04,13.95,20.42,1360,1.26,1081,17985.01,4.3,69.99,11.16
1,2016-04-19,23,Tuesday,0,2,5.13,12.8,1.87,12.95,22.27,944,1.3,727,11737.88,4.3,69.99,10.58
2,2016-04-20,1,Wednesday,0,3,5.51,12.76,1.65,11.92,26.38,597,2.13,280,4417.43,4.3,58.1,9.48
2,2016-04-20,3,Wednesday,0,3,5.98,13.31,1.68,11.7,28.5,238,2.03,117,1921.24,4.8,70.01,10.44
1,2016-04-20,5,Wednesday,0,3,5.21,11.97,1.71,9.56,28.53,216,1.07,201,3078.26,4.3,69.99,13.86
1,2016-04-20,6,Wednesday,0,3,4.16,10.33,1.51,9.14,24.29,548,1.08,507,6560.37,3.8,69.99,10.93
1,2016-04-20,7,Wednesday,0,3,3.72,10.87,1.63,12.26,17.39,980,1.12,872,11762.6,4.3,69.99,8.91
1,2016-04-20,8,Wednesday,0,3,3.72,11.95,1.82,14.8,14.17,1110,1.13,978,14504.0,4.3,69.99,10.69
2,2016-04-20,10,Wednesday,0,3,3.93,12.69,1.82,16.01,14.09,2007,2.06,974,15206.92,3.8,70.01,10.73
1,2016-04-20,11,Wednesday,0,3,3.82,12.52,1.7,15.74,13.76,978,1.17,833,12696.24,3.3,69.99,9.95
2,2016-04-20,13,Wednesday,0,3,4.28,13.3,1.84,16.44,14.38,1824,1.98,919,14983.6,3.8,70.01,11.54
2,2016-04-20,14,Wednesday,0,3,4.22,12.96,1.78,16.08,14.43,1999,2.0,1000,15927.64,3.8,70.01,11.46
2,2016-04-20,15,Wednesday,0,3,4.08,13.0,1.64,16.77,13.49,1900,1.99,954,15048.91,3.8,70.01,11.53
2,2016-04-20,16,Wednesday,0,3,4.14,12.65,1.77,16.13,14.55,1564,1.9,823,13627.1,4.8,64.01,11.08
1,2016-04-20,18,Wednesday,0,3,3.44,11.55,1.75,14.79,13.99,1398,1.23,1139,17342.29,5.3,66.95,8.17
1,2016-04-20,20,Wednesday,0,3,4.28,11.82,1.81,12.98,18.45,1327,1.22,1088,16451.5,4.3,69.99,10.05
2,2016-04-21,0,Thursday,0,4,5.17,12.39,1.76,11.95,24.41,1125,1.93,584,9105.56,4.8,70.01,9.92
1,2016-04-21,1,Thursday,0,4,5.33,12.5,1.5,11.5,25.85,384,1.19,324,4994.51,4.3,53.34,9.26
1,2016-04-21,3,Thursday,0,4,5.59,12.79,1.42,11.45,26.91,156,1.23,127,1991.47,4.8,54.99,11.21
1,2016-04-21,10,Thursday,0,4,3.73,12.98,1.68,17.13,12.71,883,1.19,739,11586.86,3.8,67.34,10.18
2,2016-04-21,12,Thursday,0,4,3.89,13.52,1.77,17.89,12.99,1806,2.03,889,14537.37,3.8,70.01,11.08
1,2016-04-21,13,Thursday,0,4,3.64,12.55,1.65,16.1,12.83,939,1.22,770,11738.99,3.8,69.99,10.82
1,2016-04-21,14,Thursday,0,4,3.65,12.67,1.76,16.7,12.69,1074,1.21,889,13769.1,3.8,68.34,10.52
1,2016-04-21,15,Thursday,0,4,3.79,13.34,1.77,17.83,12.48,1019,1.22,838,13689.74,3.8,65.84,11.87
1,2016-04-21,16,Thursday,0,4,3.92,13.06,1.78,17.26,13.11,749,1.27,589,9984.15,4.8,61.59,11.39
2,2016-04-21,17,Thursday,0,4,3.63,12.25,1.78,16.09,13.79,1817,1.93,940,15049.33,4.8,59.18,10.27
2,2016-04-21,19,Thursday,0,4,3.75,11.42,1.76,13.74,15.81,2484,2.01,1235,18703.68,4.8,58.61,8.91
2,2016-04-21,22,Thursday,0,4,4.96,13.3,1.96,15.01,19.11,2618,1.97,1328,22246.49,4.8,70.01,10.67
2,2016-04-21,23,Thursday,0,4,5.49,13.95,2.15,14.97,20.95,2175,1.96,1111,19558.91,4.3,70.01,11.41
1,2016-04-22,0,Friday,0,5,5.45,13.38,1.89,13.96,22.51,838,1.23,680,11323.07,4.3,69.99,9.91
2,2016-04-22,2,Friday,0,5,5.28,12.19,1.58,11.15,26.68,710,2.16,328,4970.15,4.3,62.34,9.33
2,2016-04-22,4,Friday,0,5,7.19,15.43,1.75,12.29,31.75,270,1.82,148,2803.81,4.3,63.36,12.88
2,2016-04-22,9,Friday,0,5,3.75,12.53,1.75,16.02,14.04,2052,2.03,1013,15464.84,3.8,64.01,9.47
1,2016-04-22,12,Friday,0,5,3.81,12.82,1.61,16.34,13.32,1013,1.24,817,12626.65,3.8,68.34,10.54
1,2016-04-22,17,Friday,0,5,3.61,12.51,1.72,16.66,13.27,1047,1.29,811,13149.75,4.8,57.39,9.8
1,2016-04-22,19,Friday,0,5,3.57,11.33,1.7,13.86,15.47,1311,1.34,977,14569.9,4.8,56.05,8.37
2,2016-04-22,21,Friday,0,5,4.55,12.33,1.71,13.8,18.99,2215,1.95,1136,17662.62,4.3,70.01,9.89
1,2016-04-22,22,Friday,0,5,4.73,12.97,1.77,14.64,18.62,1556,1.42,1099,17858.18,4.3,70.34,10.01
1,2016-04-22,23,Friday,0,5,5.0,13.25,1.86,14.71,19.18,1532,1.41,1084,17974.38,4.3,70.0,10.17
2,2016-04-23,1,Saturday,1,6,4.73,11.97,1.63,12.48,21.41,1880,1.95,965,14436.43,4.3,70.01,8.9
2,2016-04-23,3,Saturday,1,6,5.02,12.07,1.46,12.05,23.05,1174,2.15,546,8137.81,4.3,55.84,8.68
1,2016-04-23,5,Saturday,1,6,6.9,14.7,1.42,11.96,31.3,220,1.32,167,2956.63,4.8,68.34,12.54
1,2016-04-23,6,Saturday,1,6,5.16,11.82,1.4,9.66,28.02,246,1.17,211,3006.72,3.8,70.01,12.31
1,2016-04-23,7,Saturday,1,6,5.04,11.83,1.52,9.82,26.8,339,1.15,295,4289.12,3.8,69.99,12.91
1,2016-04-23,8,Saturday,1,6,3.8,9.98,1.25,9.52,21.67,537,1.16,461,5589.24,3.8,69.99,8.98
2,2016-04-23,10,Saturday,1,6,3.99,11.0,1.34,11.8,19.33,1931,2.13,907,12088.95,3.8,70.01,9.45
1,2016-04-23,11,Saturday,1,6,3.61,10.97,1.36,12.38,17.19,954,1.27,752,9982.05,3.8,68.34,8.93
2,2016-04-23,13,Saturday,1,6,3.92,11.81,1.44,13.8,16.92,1956,2.07,945,13453.4,3.3,70.01,9.79
2,2016-04-23,14,Saturday,1,6,3.99,11.95,1.5,14.03,16.8,1861,2.09,891,12889.25,3.8,70.01,10.27
2,2016-04-23,15,Saturday,1,6,4.23,12.43,1.51,14.79,16.65,1801,2.03,887,13285.09,3.8,70.01,10.82
2,2016-04-23,16,Saturday,1,6,4.04,11.96,1.54,13.87,17.34,1614,2.01,803,11627.48,3.8,70.01,10.21
1,2016-04-23,18,Saturday,1,6,3.63,11.15,1.46,13.05,16.67,1473,1.44,1022,13879.21,4.3,69.99,8.47
1,2016-04-23,20,Saturday,1,6,3.95,11.56,1.48,13.27,17.48,1345,1.44,931,13423.2,4.3,70.0,8.43
1,2016-04-24,0,Sunday,1,7,4.74,12.52,1.72,13.8,19.79,1598,1.48,1081,16866.85,3.8,60.35,9.23
2,2016-04-24,2,Sunday,1,7,4.77,11.77,1.68,11.7,23.06,1811,2.09,868,12838.27,4.3,62.81,8.33
2,2016-04-24,4,Sunday,1,7,5.74,13.09,1.4,11.93,26.52,706,1.9,372,5916.09,4.8,70.01,10.13
2,2016-04-24,9,Sunday,1,7,4.68,11.3,1.46,10.15,25.27,1168,1.92,608,8410.17,4.3,70.01,10.51
1,2016-04-24,12,Sunday,1,7,4.26,11.39,1.42,11.81,19.98,1088,1.37,797,11047.3,3.8,70.0,9.81
1,2016-04-24,17,Sunday,1,7,4.81,12.54,1.66,13.3,19.79,1140,1.39,821,12615.06,3.8,70.0,11.58
1,2016-04-24,19,Sunday,1,7,4.15,11.01,1.47,11.39,20.16,1129,1.35,839,11454.0,3.8,69.99,10.08
2,2016-04-24,21,Sunday,1,7,5.42,12.71,1.83,12.0,24.21,1678,2.05,820,13240.44,4.3,70.01,12.25
1,2016-04-24,22,Sunday,1,7,5.44,12.77,1.8,11.66,24.75,923,1.3,709,11442.89,4.3,70.34,11.96
1,2016-04-24,23,Sunday,1,7,6.07,13.89,1.96,12.0,27.4,666,1.26,530,9309.76,4.3,69.99,12.38
1,2016-04-25,4,Monday,0,1,7.01,14.53,1.88,11.63,33.84,126,1.22,103,1884.63,3.8,68.34,11.98
2,2016-04-25,5,Monday,0,1,7.21,15.08,2.21,11.18,32.84,392,2.06,190,3656.27,4.3,70.01,16.89
2,2016-04-25,6,Monday,0,1,5.39,12.34,1.78,10.66,27.06,881,1.96,450,6865.29,4.3,70.01,13.39
2,2016-04-25,7,Monday,0,1,4.14,11.03,1.63,11.42,20.49,1738,2.05,847,11602.0,3.8,70.01,10.03
2,2016-04-25,8,Monday,0,1,4.01,11.57,1.71,13.28,16.95,1990,1.95,1023,14702.41,3.8,70.01,10.2
1,2016-04-25,9,Monday,0,1,4.31,12.44,1.78,14.14,16.42,900,1.13,799,12283.86,3.8,70.84,11.24
2,2016-04-25,11,Monday,0,1,4.56,12.83,1.76,14.65,16.8,1662,2.06,805,12719.66,3.8,70.01,12.05
2,2016-04-25,18,Monday,0,1,3.72,10.6,1.73,11.74,18.34,2410,2.04,1179,16870.47,4.8,67.61,8.26
2,2016-04-25,20,Monday,0,1,4.56,11.41,1.67,11.22,22.17,2271,2.1,1081,15766.38,4.3,70.01,9.87
1,2016-04-25,21,Monday,0,1,4.58,11.64,1.81,11.7,21.77,1067,1.23,868,12944.13,4.3,69.99,9.68
2,2016-04-26,1,Tuesday,0,2,5.63,12.73,1.57,11.38,27.28,503,1.99,253,3964.46,4.3,64.01,10.7
2,2016-04-26,3,Tuesday,0,2,5.01,11.53,1.47,10.29,26.92,181,1.95,93,1330.2,4.3,40.38,8.69
1,2016-04-26,5,Tuesday,0,2,6.02,13.18,1.67,10.01,31.54,188,1.07,176,2899.6,4.3,69.99,13.37
1,2016-04-26,6,Tuesday,0,2,4.32,10.5,1.49,9.32,24.96,455,1.08,422,5530.61,3.8,69.99,10.66
1,2016-04-26,7,Tuesday,0,2,3.89,10.84,1.63,11.67,18.53,882,1.11,797,10723.71,4.3,69.99,9.74
1,2016-04-26,8,Tuesday,0,2,3.55,11.41,1.71,13.72,14.79,1006,1.12,899,12641.4,4.3,69.99,9.11
2,2016-04-26,10,Tuesday,0,2,4.28,12.91,1.73,15.18,15.7,1817,2.01,906,14291.61,3.8,70.01,11.1
1,2016-04-26,11,Tuesday,0,2,3.7,11.76,1.61,14.13,14.48,917,1.18,774,11164.79,3.8,70.34,10.04
2,2016-04-26,13,Tuesday,0,2,4.33,12.58,1.71,14.41,16.31,1853,2.01,924,14315.87,3.8,70.61,11.61
2,2016-04-26,14,Tuesday,0,2,4.2,12.17,1.53,14.03,15.9,1763,2.03,869,12870.13,3.8,70.34,11.61
2,2016-04-26,15,Tuesday,0,2,4.07,12.13,1.6,14.54,14.99,2065,2.06,1003,14896.66,3.8,70.01,11.49
2,2016-04-26,16,Tuesday,0,2,3.66,11.49,1.57,14.26,15.05,1838,2.07,890,13422.61,4.8,68.16,9.8
1,2016-04-26,18,Tuesday,0,2,3.34,10.49,1.59,12.32,15.77,1282,1.21,1057,14817.69,4.8,56.3,7.82
1,2016-04-26,20,Tuesday,0,2,4.71,12.08,1.88,12.54,20.65,1384,1.2,1151,17756.81,4.3,69.99,10.04
2,2016-04-27,0,Wednesday,0,3,5.67,12.92,1.92,11.72,26.48,944,1.97,479,7851.65,4.8,60.8,10.35
1,2016-04-27,1,Wednesday,0,3,5.26,12.26,1.65,11.13,25.93,347,1.26,276,4251.78,4.8,69.99,9.48
1,2016-04-27,3,Wednesday,0,3,4.85,11.82,1.45,10.16,26.3,156,1.3,120,1765.66,4.8,68.34,10.34
1,2016-04-27,10,Wednesday,0,3,3.75,12.24,1.71,15.07,14.57,903,1.16,776,11591.01,3.3,70.0,9.55
2,2016-04-27,12,Wednesday,0,3,3.72,12.42,1.68,15.56,13.95,1897,2.01,942,14269.95,3.8,70.01,10.52
1,2016-04-27,13,Wednesday,0,3,4.22,13.21,1.69,16.01,14.43,987,1.26,785,12606.98,3.8,70.34,12.0
1,2016-04-27,14,Wednesday,0,3,4.23,13.07,1.74,15.92,14.41,1034,1.24,833,13291.73,3.8,70.0,11.95
1,2016-04-27,15,Wednesday,0,3,4.06,12.65,1.63,15.77,13.85,1064,1.29,827,12779.72,3.8,69.99,11.6
1,2016-04-27,16,Wednesday,0,3,3.78,11.89,1.72,14.77,14.75,830,1.2,690,10785.57,4.8,70.0,9.77
2,2016-04-27,17,Wednesday,0,3,3.85,12.0,1.79,14.85,15.19,1983,2.13,931,14754.02,4.3,59.81,9.81
2,2016-04-27,19,Wednesday,0,3,3.87,11.14,1.81,12.61,17.71,2515,1.97,1276,19041.55,4.8,70.01,8.74
2,2016-04-27,22,Wednesday,0,3,4.85,12.93,2.03,14.2,20.29,2500,2.04,1226,20173.67,4.8,71.21,9.8
2,2016-04-27,23,Wednesday,0,3,5.13,12.77,1.88,13.2,22.23,1832,2.04,898,14468.54,4.3,70.01,9.7
1,2016-04-28,0,Thursday,0,4,5.22,12.62,1.68,12.09,23.76,668,1.27,528,8312.57,4.3,65.34,10.06
2,2016-04-28,2,Thursday,0,4,5.62,12.79,1.45,11.42,27.83,435,2.12,205,3195.18,4.8,50.3,9.09
2,2016-04-28,4,Thursday,0,4,6.55,13.98,1.75,11.23,31.77,255,2.14,119,2102.79,4.8,58.34,12.51
2,2016-04-28,9,Thursday,0,4,3.66,11.59,1.67,13.91,15.18,1922,1.89,1016,14496.62,3.8,70.01,9.73
1,2016-04-28,12,Thursday,0,4,3.95,12.59,1.7,15.41,14.09,1017,1.21,838,12932.6,3.8,70.34,11.08
1,2016-04-28,17,Thursday,0,4,3.7,11.91,1.73,14.87,14.69,1104,1.23,898,14051.17,4.8,59.21,9.7
1,2016-04-28,19,Thursday,0,4,3.59,10.66,1.74,12.07,17.18,1459,1.2,1215,17343.4,4.3,62.19,7.87
2,2016-04-28,21,Thursday,0,4,4.76,12.27,1.9,13.06,20.25,2644,1.99,1329,20825.33,4.3,70.01,9.81
1,2016-04-28,22,Thursday,0,4,4.65,12.31,1.92,13.32,19.83,1445,1.26,1143,17896.55,4.3,63.39,9.28
1,2016-04-28,23,Thursday,0,4,5.38,13.3,2.02,13.54,21.89,1201,1.27,942,15874.68,4.3,69.99,11.11
1,2016-04-29,0,Friday,0,5,5.42,12.97,1.86,12.54,23.68,760,1.24,611,9930.28,4.8,68.34,10.05
2,2016-04-29,2,Friday,0,5,4.87,11.56,1.66,10.7,25.92,540,2.0,270,3930.55,4.3,50.8,8.26
2,2016-04-29,4,Friday,0,5,6.89,14.55,2.05,11.75,32.43,333,2.21,151,2785.46,5.16,58.34,12.35
2,2016-04-29,9,Friday,0,5,4.09,12.01,1.75,13.73,16.09,2154,2.04,1057,15707.41,3.8,70.01,10.97
1,2016-04-29,12,Friday,0,5,3.7,11.63,1.48,13.85,14.63,1047,1.23,849,12009.53,3.8,70.01,10.07
1,2016-04-29,17,Friday,0,5,3.7,11.51,1.62,13.93,15.16,1144,1.25,914,13839.46,5.3,59.79,9.36
1,2016-04-29,19,Friday,0,5,3.52,11.01,1.61,13.33,15.33,1710,1.3,1319,19096.83,4.8,60.39,7.73
2,2016-04-29,21,Friday,0,5,4.29,11.91,1.68,13.51,18.19,2514,2.01,1253,18839.27,4.3,70.01,9.14
1,2016-04-29,22,Friday,0,5,4.19,12.21,1.74,14.41,16.58,1718,1.39,1238,19018.22,4.3,69.99,9.67
1,2016-04-29,23,Friday,0,5,4.84,13.18,1.9,15.14,18.22,1399,1.36,1031,17051.78,3.8,69.99,10.25
2,2016-04-30,0,Saturday,1,6,5.05,13.09,1.82,14.3,20.25,2249,2.11,1065,17420.25,4.3,70.01,10.11
1,2016-04-30,1,Saturday,1,6,4.97,12.51,1.81,12.92,21.7,1072,1.34,799,12502.37,4.8,58.34,8.91
1,2016-04-30,3,Saturday,1,6,5.48,12.99,1.54,12.29,24.85,636,1.33,478,7593.04,4.3,52.8,9.19
1,2016-04-30,10,Saturday,1,6,3.97,10.67,1.34,10.54,20.52,982,1.27,773,10079.78,3.3,70.34,9.69
2,2016-04-30,12,Saturday,1,6,3.97,11.16,1.33,12.27,18.48,2310,2.04,1135,15309.74,3.8,70.01,9.25
1,2016-04-30,13,Saturday,1,6,4.22,11.82,1.43,13.15,17.78,1191,1.35,883,12619.07,3.3,70.0,10.64
1,2016-04-30,14,Saturday,1,6,4.34,12.08,1.34,13.35,17.52,1204,1.32,912,13193.28,3.8,69.99,11.51
1,2016-04-30,15,Saturday,1,6,4.2,12.04,1.45,13.95,17.22,1250,1.38,905,13130.11,3.3,69.99,9.77
1,2016-04-30,16,Saturday,1,6,3.9,11.56,1.27,13.43,16.87,1212,1.47,824,11371.42,4.3,69.99,9.26
2,2016-04-30,17,Saturday,1,6,4.17,12.13,1.47,14.27,17.4,2010,1.97,1021,14874.84,4.3,70.01,10.26
2,2016-04-30,19,Saturday,1,6,3.75,11.36,1.43,13.48,16.39,2745,1.98,1385,18977.71,3.8,70.01,8.53
2,2016-04-30,22,Saturday,1,6,4.41,11.9,1.6,13.27,18.97,2651,2.02,1314,19574.92,4.3,70.01,9.03
2,2016-04-30,23,Saturday,1,6,4.49,12.19,1.62,13.74,18.84,2782,2.02,1377,20917.12,4.3,63.34,8.61
1,2016-05-01,2,Sunday,1,7,4.68,11.62,1.61,11.62,22.49,1094,1.4,783,11410.33,4.3,63.95,7.9
1,2016-05-01,4,Sunday,1,7,5.53,12.76,1.52,11.15,27.16,462,1.3,355,5575.44,4.3,69.99,10.23
2,2016-05-01,5,Sunday,1,7,7.8,16.14,1.57,12.78,33.48,342,2.11,162,3133.25,4.3,70.01,13.23
2,2016-05-01,6,Sunday,1,7,7.17,15.13,1.72,11.12,34.71,355,1.87,190,3433.67,4.3,70.01,14.38
2,2016-05-01,7,Sunday,1,7,6.19,13.71,1.45,11.16,29.74,607,2.04,297,4905.66,3.8,70.01,14.11
2,2016-05-01,8,Sunday,1,7,4.93,11.98,1.39,10.95,24.76,828,1.92,432,6239.29,4.3,70.01,11.46
1,2016-05-01,9,Sunday,1,7,4.36,11.38,1.53,11.22,21.76,706,1.25,566,7952.78,3.8,69.99,10.73
2,2016-05-01,11,Sunday,1,7,4.37,11.43,1.49,11.77,20.63,2337,2.05,1140,16000.33,3.8,70.01,11.2
2,2016-05-01,18,Sunday,1,7,4.15,11.06,1.48,11.69,19.29,2373,2.02,1176,15999.35,3.8,70.01,10.55
2,2016-05-01,20,Sunday,1,7,4.63,11.6,1.7,11.57,21.41,1832,2.01,913,13501.47,4.3,70.01,10.94
1,2016-05-01,21,Sunday,1,7,4.81,11.89,1.71,11.64,22.55,900,1.31,686,10347.26,4.3,69.99,10.18
2,2016-05-02,1,Monday,0,1,5.97,13.22,1.46,11.28,28.26,375,1.91,196,3159.92,4.8,66.34,11.23
2,2016-05-02,3,Monday,0,1,6.05,13.11,1.18,10.54,31.9,187,1.91,98,1533.4,4.8,64.01,10.6
1,2016-05-02,5,Monday,0,1,6.61,14.3,1.8,10.2,32.27,213,1.11,192,3459.02,4.3,70.01,16.65
1,2016-05-02,6,Monday,0,1,5.24,12.28,1.68,10.81,26.13,534,1.09,488,7400.52,4.3,70.0,13.49
1,2016-05-02,7,Monday,0,1,3.97,10.93,1.48,11.67,19.16,967,1.14,846,11381.53,3.8,70.34,9.64
1,2016-05-02,8,Monday,0,1,3.81,11.7,1.74,14.01,15.41,1083,1.13,961,13899.08,3.8,69.99,10.43
2,2016-05-02,10,Monday,0,1,4.29,12.43,1.76,14.4,16.12,1718,1.95,882,13483.57,3.8,70.01,11.82
1,2016-05-02,11,Monday,0,1,3.98,12.44,1.64,15.06,14.64,946,1.18,801,12170.52,3.8,69.99,10.85
2,2016-05-02,13,Monday,0,1,4.36,12.34,1.68,13.71,17.04,1724,2.1,821,12455.62,3.8,70.01,11.7
2,2016-05-02,14,Monday,0,1,4.48,12.63,1.6,14.57,16.55,1868,2.01,929,14279.53,3.8,70.01,11.79
2,2016-05-02,15,Monday,0,1,4.3,12.2,1.56,14.2,16.24,1846,2.02,915,13623.0,3.8,70.01,11.64
2,2016-05-02,16,Monday,0,1,4.29,11.96,1.73,13.64,17.08,1629,2.0,813,12847.13,4.8,68.21,10.87
1,2016-05-02,18,Monday,0,1,3.86,11.43,1.7,13.33,16.53,1247,1.22,1023,15445.67,4.8,69.99,8.64
1,2016-05-02,20,Monday,0,1,4.38,11.35,1.72,11.45,20.62,1157,1.23,937,13652.01,4.3,70.01,10.12
2,2016-05-03,1,Tuesday,0,2,5.19,12.11,1.39,11.44,26.06,484,1.98,244,3620.71,4.8,53.76,8.11
2,2016-05-03,3,Tuesday,0,2,6.27,13.74,1.47,11.96,28.75,241,2.03,119,1985.48,4.8,70.01,11.35
1,2016-05-03,5,Tuesday,0,2,4.98,11.41,1.39,9.3,27.35,220,1.07,206,2967.55,4.3,69.99,12.13
1,2016-05-03,6,Tuesday,0,2,3.95,10.07,1.33,9.25,23.36,577,1.09,528,6554.86,3.8,69.99,10.32
1,2016-05-03,7,Tuesday,0,2,3.3,10.06,1.43,11.57,16.8,1030,1.13,915,11308.55,3.3,69.99,7.36
1,2016-05-03,8,Tuesday,0,2,3.49,11.65,1.73,14.97,13.39,1154,1.12,1027,14671.3,3.8,69.99,9.36
2,2016-05-03,10,Tuesday,0,2,3.61,12.6,1.68,16.72,12.47,2155,2.03,1064,16256.2,3.3,63.96,10.29
1,2016-05-03,11,Tuesday,0,2,3.52,12.8,1.66,17.25,11.78,1009,1.17,864,13349.79,3.8,68.34,9.96
2,2016-05-03,13,Tuesday,0,2,4.16,13.09,1.73,16.39,14.11,1804,2.05,879,14006.14,4.3,70.01,10.82
2,2016-05-03,14,Tuesday,0,2,3.99,12.61,1.65,15.78,14.11,1976,1.93,1024,15714.03,3.8,70.01,11.57
2,2016-05-03,15,Tuesday,0,2,4.08,12.77,1.64,16.08,14.28,2088,2.06,1012,15725.86,3.8,69.41,11.03
2,2016-05-03,16,Tuesday,0,2,3.63,11.44,1.61,14.06,15.07,1658,1.93,861,12975.59,4.8,66.41,9.74
1,2016-05-03,18,Tuesday,0,2,3.55,11.3,1.71,13.91,14.95,1362,1.2,1133,16920.88,4.8,62.8,8.18
1,2016-05-03,20,Tuesday,0,2,4.31,11.69,1.84,12.72,19.08,1300,1.21,1074,16154.21,4.3,69.99,9.64
1,2016-05-04,2,Wednesday,0,3,5.36,12.27,1.52,11.17,26.61,209,1.19,175,2657.26,4.8,54.99,9.14
2,2016-05-04,5,Wednesday,0,3,6.03,13.04,1.87,10.03,30.65,389,2.19,178,2982.59,4.3,70.01,15.18
2,2016-05-04,6,Wednesday,0,3,4.32,10.59,1.43,9.83,24.15,1158,2.03,570,7459.39,4.3,70.01,10.82
2,2016-05-04,7,Wednesday,0,3,3.87,10.99,1.7,12.45,18.01,2036,1.99,1024,14021.44,3.8,70.01,9.42
2,2016-05-04,8,Wednesday,0,3,3.65,11.7,1.74,14.52,14.62,2360,1.95,1208,17447.55,3.8,71.21,9.78
1,2016-05-04,9,Wednesday,0,3,3.85,12.37,1.84,15.54,13.92,995,1.08,919,14047.88,3.8,69.99,10.51
2,2016-05-04,11,Wednesday,0,3,3.79,12.6,1.73,16.14,13.36,1878,1.96,957,14744.6,3.8,70.01,10.64
2,2016-05-04,18,Wednesday,0,3,3.78,11.97,1.81,15.42,14.52,2458,1.94,1264,19978.76,4.8,63.96,9.71
2,2016-05-04,20,Wednesday,0,3,4.39,11.65,1.83,12.56,19.37,2780,2.04,1364,20413.38,3.8,70.01,9.89
1,2016-05-04,21,Wednesday,0,3,4.71,12.21,1.96,12.8,20.39,1516,1.23,1228,19281.56,4.3,69.99,10.54
2,2016-05-05,1,Thursday,0,4,5.59,12.68,1.6,11.46,27.56,736,2.14,344,5413.5,4.3,65.34,9.76
2,2016-05-05,3,Thursday,0,4,5.24,12.14,1.45,11.46,27.07,249,2.22,112,1679.0,4.8,46.0,9.33
1,2016-05-05,5,Thursday,0,4,6.17,13.38,1.9,10.59,30.58,222,1.08,205,3487.37,3.8,69.99,13.4
1,2016-05-05,6,Thursday,0,4,4.34,10.71,1.56,9.81,23.98,577,1.07,537,7169.03,4.3,70.0,11.02
1,2016-05-05,7,Thursday,0,4,3.89,11.09,1.64,12.19,18.09,1010,1.12,902,12350.4,4.3,69.99,9.59
1,2016-05-05,8,Thursday,0,4,3.49,11.41,1.72,14.05,14.44,1155,1.12,1029,14495.83,3.8,69.99,9.19
2,2016-05-05,10,Thursday,0,4,3.87,12.55,1.75,15.96,13.87,2014,2.04,985,15114.34,3.8,70.01,10.45
1,2016-05-05,11,Thursday,0,4,3.59,12.17,1.64,15.49,13.33,981,1.18,832,12336.37,3.8,70.34,9.85
2,2016-05-05,13,Thursday,0,4,3.9,12.73,1.66,15.86,13.59,1922,2.0,961,14854.85,3.8,70.01,11.05
2,2016-05-05,14,Thursday,0,4,4.05,12.72,1.72,15.92,14.01,2168,2.06,1052,16366.14,3.8,70.01,11.11
2,2016-05-05,15,Thursday,0,4,3.93,12.84,1.59,16.78,13.34,1944,2.15,905,14041.92,4.3,65.81,10.41
2,2016-05-05,16,Thursday,0,4,3.53,11.74,1.6,15.17,13.72,1692,2.08,812,12444.25,4.8,59.21,9.76
1,2016-05-05,18,Thursday,0,4,3.59,11.73,1.8,14.79,14.16,1416,1.23,1155,17873.49,4.8,66.95,9.33
1,2016-05-05,20,Thursday,0,4,4.39,12.09,1.83,13.59,17.81,1473,1.25,1175,18123.72,4.3,69.99,9.84
2,2016-05-06,1,Friday,0,5,5.26,12.82,1.86,12.88,23.7,1333,2.05,650,10429.52,4.3,70.01,10.64
2,2016-05-06,3,Friday,0,5,5.89,13.31,1.43,12.29,26.25,632,2.09,303,4894.12,4.8,64.3,10.56
1,2016-05-06,5,Friday,0,5,6.44,14.03,1.95,11.61,29.14,235,1.1,214,3805.71,4.3,69.99,14.34
1,2016-05-06,6,Friday,0,5,4.87,11.65,1.66,10.93,23.83,589,1.07,550,7946.07,4.3,69.99,12.6
1,2016-05-06,7,Friday,0,5,3.68,10.85,1.63,12.58,17.03,1013,1.14,891,11999.26,3.8,63.34,9.17
1,2016-05-06,8,Friday,0,5,3.34,11.22,1.7,14.15,13.59,1240,1.16,1073,14886.67,3.8,68.34,9.4
2,2016-05-06,10,Friday,0,5,3.76,12.6,1.74,16.23,13.25,2167,2.0,1084,16697.57,3.8,70.01,11.1
1,2016-05-06,11,Friday,0,5,3.63,12.26,1.6,15.7,13.16,1023,1.19,857,12772.39,3.8,64.17,9.8
2,2016-05-06,13,Friday,0,5,4.39,13.29,1.8,16.54,14.51,1742,1.93,903,14658.29,3.8,70.01,12.12
2,2016-05-06,14,Friday,0,5,4.07,12.91,1.7,16.47,13.97,1803,1.93,935,14706.58,3.8,70.01,11.55
2,2016-05-06,15,Friday,0,5,4.25,13.29,1.78,16.87,13.83,1822,2.02,904,14643.72,3.8,70.01,11.9
2,2016-05-06,16,Friday,0,5,4.24,12.97,1.76,16.46,14.8,1427,1.9,753,12680.18,4.8,57.96,11.26
1,2016-05-06,18,Friday,0,5,3.71,11.54,1.67,14.1,15.14,1466,1.28,1149,17409.78,4.8,63.39,9.03
1,2016-05-06,20,Friday,0,5,3.92,11.31,1.63,12.94,17.04,1493,1.35,1108,15954.79,4.3,70.01,8.69
1,2016-05-07,2,Saturday,1,6,4.79,11.88,1.65,11.9,22.5,906,1.32,684,10193.18,4.3,57.95,8.65
1,2016-05-07,4,Saturday,1,6,6.29,14.11,1.46,12.27,28.1,455,1.38,330,5653.73,4.31,70.0,10.91
2,2016-05-07,5,Saturday,1,6,5.88,12.88,1.33,10.75,29.95,325,2.1,155,2444.69,5.3,58.34,10.96
2,2016-05-07,6,Saturday,1,6,6.2,13.41,1.72,10.52,30.95,417,1.79,233,3823.6,4.3,68.34,14.11
2,2016-05-07,7,Saturday,1,6,4.54,10.8,1.37,9.4,26.14,808,1.99,406,5382.69,3.8,70.01,10.14
2,2016-05-07,8,Saturday,1,6,4.93,11.71,1.52,10.47,25.25,1133,2.06,550,7860.94,3.8,70.01,11.61
1,2016-05-07,9,Saturday,1,6,4.13,10.82,1.4,10.6,21.42,932,1.24,754,9949.61,4.3,69.99,9.74
2,2016-05-07,11,Saturday,1,6,3.98,10.97,1.44,11.77,19.0,2368,2.04,1158,15493.14,3.8,70.01,9.29
2,2016-05-07,18,Saturday,1,6,3.92,11.43,1.41,13.32,17.26,2361,2.0,1179,16242.52,3.8,70.01,9.15
2,2016-05-07,20,Saturday,1,6,4.11,11.36,1.52,12.62,18.42,2284,2.04,1121,16053.89,4.3,70.01,9.52
1,2016-05-07,21,Saturday,1,6,4.07,11.49,1.51,12.95,18.01,1404,1.41,996,14355.71,4.3,69.99,8.64
2,2016-05-08,1,Sunday,1,7,4.74,11.96,1.56,12.25,22.18,2112,2.09,1010,15028.66,4.3,63.36,8.68
2,2016-05-08,3,Sunday,1,7,5.13,12.14,1.58,11.31,25.01,1200,2.12,567,8535.91,4.3,59.16,8.93
1,2016-05-08,5,Sunday,1,7,6.19,13.59,1.36,11.13,30.73,222,1.31,170,2798.68,4.3,63.35,10.71
1,2016-05-08,6,Sunday,1,7,6.0,13.2,1.45,10.05,31.89,210,1.11,189,2973.32,4.3,68.34,12.15
1,2016-05-08,7,Sunday,1,7,5.03,11.63,1.33,9.37,28.12,392,1.17,335,4736.04,3.8,68.34,11.97
1,2016-05-08,8,Sunday,1,7,4.43,10.68,1.34,9.19,25.36,498,1.17,426,5584.81,3.8,69.99,10.28
2,2016-05-08,10,Sunday,1,7,4.35,10.87,1.43,10.12,23.31,1958,2.02,969,12899.53,4.3,70.01,9.95
1,2016-05-08,11,Sunday,1,7,4.4,11.4,1.48,11.29,21.36,1161,1.35,857,11964.05,3.8,70.0,10.34
2,2016-05-08,13,Sunday,1,7,4.83,12.46,1.55,13.42,19.42,2117,2.0,1056,16005.48,3.8,70.01,11.92
2,2016-05-08,14,Sunday,1,7,4.84,12.79,1.55,14.19,18.63,2094,2.02,1039,16121.29,3.8,70.01,12.38
2,2016-05-08,15,Sunday,1,7,4.72,12.5,1.65,14.16,18.38,1982,2.09,950,14559.25,3.8,70.01,11.95
2,2016-05-08,16,Sunday,1,7,5.2,13.32,1.78,14.8,18.92,1893,2.1,902,14792.43,3.8,70.01,13.42
1,2016-05-08,18,Sunday,1,7,4.26,11.73,1.48,13.0,18.26,1246,1.42,875,12515.17,3.3,69.99,10.66
1,2016-05-08,20,Sunday,1,7,4.65,12.02,1.64,12.88,19.67,1159,1.37,848,12892.52,4.8,69.34,10.61
2,2016-05-09,0,Monday,0,1,6.5,13.97,1.72,11.77,29.76,663,1.99,333,5741.36,4.3,70.01,11.97
1,2016-05-09,1,Monday,0,1,5.35,12.26,1.55,10.6,27.41,259,1.22,212,3219.79,4.3,63.35,10.07
1,2016-05-09,3,Monday,0,1,5.99,13.28,1.18,11.24,29.62,147,1.18,125,1979.69,4.3,65.34,11.1
1,2016-05-09,10,Monday,0,1,4.23,12.62,1.69,14.98,15.65,840,1.17,721,11143.92,3.8,69.99,11.71
2,2016-05-09,12,Monday,0,1,3.91,11.78,1.53,13.83,15.63,1609,2.01,801,11548.49,3.8,70.01,11.11
1,2016-05-09,13,Monday,0,1,3.93,11.84,1.56,13.76,15.71,923,1.22,759,10972.53,3.3,69.99,10.83
1,2016-05-09,14,Monday,0,1,4.26,12.52,1.46,14.8,15.71,1065,1.24,859,12954.37,3.8,69.99,11.68
1,2016-05-09,15,Monday,0,1,3.71,11.72,1.53,14.59,14.27,1132,1.28,883,12700.86,3.8,69.99,10.38
1,2016-05-09,16,Monday,0,1,3.74,11.4,1.61,13.87,15.36,1008,1.27,793,11921.97,4.3,61.8,10.29
2,2016-05-09,17,Monday,0,1,3.96,11.6,1.7,13.76,16.48,2063,1.91,1081,16587.98,4.8,70.01,10.04
2,2016-05-09,19,Monday,0,1,4.08,10.92,1.58,11.51,19.78,2147,1.99,1079,15657.87,4.3,64.42,9.08
2,2016-05-09,22,Monday,0,1,5.48,13.23,2.03,13.08,23.46,1929,1.97,978,16471.1,4.3,70.01,11.04
2,2016-05-09,23,Monday,0,1,5.71,13.2,1.95,12.06,25.9,1311,1.94,676,11314.39,4.3,70.01,11.61
2,2016-05-10,0,Tuesday,0,2,5.21,12.17,1.77,11.52,25.59,854,2.12,402,6183.62,4.8,70.01,9.71
1,2016-05-10,1,Tuesday,0,2,5.62,12.78,1.57,11.27,27.61,275,1.17,235,3703.32,4.3,58.3,9.49
1,2016-05-10,3,Tuesday,0,2,5.52,12.54,1.46,10.78,28.77,124,1.24,100,1539.45,5.3,69.99,9.91
1,2016-05-10,10,Tuesday,0,2,3.64,12.51,1.83,16.0,13.0,883,1.15,769,11825.15,3.3,69.99,10.38
2,2016-05-10,12,Tuesday,0,2,4.13,13.27,1.77,16.67,13.83,1841,2.04,902,14609.99,3.3,70.01,11.32
1,2016-05-10,13,Tuesday,0,2,3.86,12.41,1.57,15.21,14.01,1021,1.19,857,12849.9,3.8,69.99,10.7
1,2016-05-10,14,Tuesday,0,2,4.28,12.91,1.71,15.67,14.47,1147,1.2,953,15027.87,3.8,70.0,12.08
1,2016-05-10,15,Tuesday,0,2,3.91,12.43,1.57,15.66,13.65,1110,1.25,889,13485.02,3.8,69.99,10.76
1,2016-05-10,16,Tuesday,0,2,3.76,11.98,1.71,15.18,14.17,959,1.24,776,12216.26,4.3,62.19,10.34
2,2016-05-10,17,Tuesday,0,2,3.83,12.07,1.75,15.26,14.86,2185,2.01,1088,17267.06,4.8,64.61,10.01
2,2016-05-10,19,Tuesday,0,2,3.94,11.14,1.77,12.49,18.15,2440,2.02,1208,18006.54,4.8,65.81,9.03
2,2016-05-10,22,Tuesday,0,2,5.04,13.1,2.04,14.16,21.0,2064,1.93,1071,17865.37,4.3,70.01,10.93
2,2016-05-10,23,Tuesday,0,2,5.31,12.95,1.89,13.11,23.21,1477,1.83,805,13166.33,4.3,70.01,10.02
2,2016-05-11,0,Wednesday,0,3,5.38,12.69,1.74,12.14,24.91,1037,1.95,533,8461.39,4.3,62.76,9.79
1,2016-05-11,1,Wednesday,0,3,4.7,11.41,1.61,10.57,25.18,340,1.22,279,4004.43,4.3,58.08,9.0
1,2016-05-11,3,Wednesday,0,3,5.25,12.12,1.53,10.6,26.93,172,1.26,137,2065.48,4.8,49.55,9.29
1,2016-05-11,10,Wednesday,0,3,4.02,13.26,1.82,17.07,13.21,953,1.18,810,13080.45,3.8,70.34,11.39
2,2016-05-11,12,Wednesday,0,3,4.22,13.71,1.78,17.51,13.6,1983,2.07,958,15910.49,3.8,70.01,11.66
1,2016-05-11,13,Wednesday,0,3,4.01,13.14,1.84,16.65,13.37,979,1.2,816,13154.19,3.8,69.99,11.62
1,2016-05-11,14,Wednesday,0,3,3.93,12.93,1.78,16.61,12.97,1041,1.21,861,13623.02,3.8,70.34,11.53
1,2016-05-11,15,Wednesday,0,3,3.87,12.94,1.67,17.02,12.69,1059,1.24,853,13470.14,3.8,69.99,11.24
1,2016-05-11,16,Wednesday,0,3,3.83,12.51,1.74,16.1,13.53,877,1.24,707,11557.38,4.8,69.99,11.24
2,2016-05-11,17,Wednesday,0,3,3.78,12.69,1.82,16.74,13.79,1860,1.94,957,15862.51,5.3,64.01,10.22
2,2016-05-11,19,Wednesday,0,3,3.81,11.48,1.77,13.77,16.2,2579,2.02,1279,19415.34,4.3,61.01,8.52
2,2016-05-11,22,Wednesday,0,3,4.89,12.56,1.88,13.43,20.85,2548,2.05,1241,19701.33,4.3,70.01,9.42
2,2016-05-11,23,Wednesday,0,3,5.16,12.65,1.94,12.97,22.43,1954,2.01,973,15684.09,4.3,70.01,10.46
2,2016-05-12,0,Thursday,0,4,5.47,12.88,1.77,12.48,24.62,1436,2.23,644,10366.0,4.3,70.01,10.39
1,2016-05-12,1,Thursday,0,4,5.23,12.33,1.7,11.61,25.26,453,1.22,371,5690.45,4.3,58.5,8.89
1,2016-05-12,3,Thursday,0,4,6.0,13.26,1.57,11.3,29.19,213,1.22,174,2850.35,4.8,48.95,10.09
1,2016-05-12,10,Thursday,0,4,4.11,13.31,1.89,16.87,13.65,896,1.17,764,12513.74,4.3,69.99,11.95
2,2016-05-12,12,Thursday,0,4,4.34,14.19,1.81,18.14,13.55,1933,1.99,971,16633.5,3.8,70.01,12.81
1,2016-05-12,13,Thursday,0,4,4.0,13.3,1.79,17.15,13.11,1024,1.2,854,13871.96,3.8,69.99,11.48
1,2016-05-12,14,Thursday,0,4,3.82,13.37,1.69,17.95,12.23,1145,1.22,935,15058.97,3.8,69.99,10.65
1,2016-05-12,15,Thursday,0,4,3.67,13.04,1.79,17.53,12.15,1040,1.24,840,13458.83,3.8,64.34,10.83
1,2016-05-12,16,Thursday,0,4,3.7,12.98,1.79,17.59,12.66,706,1.21,583,9790.13,4.8,65.79,10.73
2,2016-05-12,17,Thursday,0,4,3.77,12.82,1.84,17.21,13.12,1768,1.91,925,15439.69,4.8,68.34,10.19
2,2016-05-12,19,Thursday,0,4,3.88,11.61,1.83,13.97,16.15,2642,1.94,1363,21012.39,3.8,60.34,8.77
2,2016-05-12,22,Thursday,0,4,5.22,14.0,2.12,16.04,18.93,2459,1.95,1260,22228.01,4.3,70.01,11.2
2,2016-05-12,23,Thursday,0,4,5.23,13.49,2.0,14.59,20.79,2058,1.98,1042,17727.06,3.8,70.01,10.65
2,2016-05-13,0,Friday,0,5,5.37,13.29,1.88,13.56,22.68,1709,2.07,824,13741.7,4.3,70.01,11.01
1,2016-05-13,1,Friday,0,5,5.13,12.44,1.64,12.18,23.17,563,1.27,444,6888.67,4.8,65.34,9.65
1,2016-05-13,3,Friday,0,5,5.06,11.94,1.42,10.98,25.94,271,1.24,218,3207.81,4.3,49.1,8.49
1,2016-05-13,10,Friday,0,5,3.88,12.71,1.72,16.01,13.51,941,1.18,799,12375.44,3.8,69.99,11.12
2,2016-05-13,12,Friday,0,5,4.24,14.42,1.92,18.53,13.56,1841,2.02,913,15929.12,4.3,70.01,12.41
1,2016-05-13,13,Friday,0,5,3.82,13.0,1.73,16.85,13.47,1009,1.23,822,12959.78,3.3,69.99,11.07
1,2016-05-13,14,Friday,0,5,3.68,13.54,1.71,18.85,11.65,1126,1.26,897,14608.63,3.8,62.8,10.53
1,2016-05-13,15,Friday,0,5,3.11,12.52,1.64,17.85,10.66,969,1.27,762,11571.55,4.3,56.79,9.68
1,2016-05-13,16,Friday,0,5,3.33,13.01,1.73,18.47,11.36,716,1.27,563,9376.96,4.3,66.99,10.11
2,2016-05-13,17,Friday,0,5,3.22,12.42,1.72,17.54,12.06,1616,1.98,816,13119.72,5.3,57.36,9.51
2,2016-05-13,19,Friday,0,5,3.73,11.44,1.69,14.1,15.43,2390,1.94,1229,18494.06,4.8,64.61,8.76
2,2016-05-13,22,Friday,0,5,4.87,12.77,1.86,13.93,19.69,2611,2.01,1302,20989.73,4.3,70.01,10.46
2,2016-05-13,23,Friday,0,5,4.97,12.89,1.87,14.11,20.1,2532,2.07,1222,19778.16,4.3,70.01,9.91
2,2016-05-14,0,Saturday,1,6,4.69,12.15,1.74,12.88,20.9,2189,2.0,1097,16789.76,4.3,70.34,9.57
1,2016-05-14,1,Saturday,1,6,5.06,12.52,1.75,12.75,22.39,1168,1.33,877,13708.15,4.3,69.99,9.16
1,2016-05-14,3,Saturday,1,6,5.5,12.92,1.62,12.12,24.84,698,1.36,513,8158.81,4.8,60.3,9.51
1,2016-05-14,10,Saturday,1,6,4.15,11.43,1.42,12.47,18.97,1156,1.32,873,12078.49,3.8,69.99,9.77
2,2016-05-14,12,Saturday,1,6,3.79,11.47,1.42,13.52,16.65,2302,2.01,1143,15772.43,3.8,68.34,8.79
1,2016-05-14,13,Saturday,1,6,3.82,11.6,1.45,13.7,16.46,1394,1.4,998,13961.04,3.8,68.34,9.09
1,2016-05-14,14,Saturday,1,6,3.94,12.01,1.46,14.53,15.78,1414,1.37,1033,14896.95,3.8,70.0,9.65
1,2016-05-14,15,Saturday,1,6,3.89,11.79,1.43,14.2,15.72,1265,1.4,902,12770.27,3.8,64.34,8.98
1,2016-05-14,16,Saturday,1,6,3.9,11.92,1.45,14.46,15.74,1225,1.42,860,12335.73,3.8,68.34,9.31
2,2016-05-14,17,Saturday,1,6,4.08,12.38,1.5,15.02,16.33,1934,2.01,964,14274.73,3.8,66.34,9.41
2,2016-05-14,19,Saturday,1,6,3.63,11.69,1.51,14.66,15.51,2587,2.09,1239,17423.21,3.8,65.81,8.43
2,2016-05-14,22,Saturday,1,6,4.29,11.73,1.54,13.27,18.57,2733,2.06,1325,19377.64,4.3,56.0,8.09
2,2016-05-14,23,Saturday,1,6,4.59,12.41,1.71,14.11,18.75,2834,2.11,1346,20873.81,4.3,68.84,9.06
2,2016-05-15,0,Sunday,1,7,4.62,12.16,1.64,13.43,20.03,2513,2.02,1246,18890.53,4.3,60.72,8.48
1,2016-05-15,1,Sunday,1,7,4.58,11.9,1.66,12.66,20.79,1374,1.4,983,14665.94,3.8,57.8,8.61
1,2016-05-15,3,Sunday,1,7,5.1,12.25,1.66,11.86,24.13,909,1.4,651,9968.02,4.3,69.99,8.31
1,2016-05-15,10,Sunday,1,7,4.41,11.42,1.45,11.25,21.5,1078,1.33,808,11255.68,3.8,69.99,10.65
2,2016-05-15,12,Sunday,1,7,4.29,11.63,1.55,12.67,19.07,2345,2.02,1163,16487.83,3.8,70.01,10.27
1,2016-05-15,13,Sunday,1,7,4.08,11.66,1.52,13.36,17.42,1416,1.43,992,14062.38,3.8,69.99,9.93
1,2016-05-15,14,Sunday,1,7,4.32,12.35,1.56,14.36,17.16,1531,1.4,1092,16255.53,3.3,69.99,10.41
1,2016-05-15,15,Sunday,1,7,4.12,11.86,1.59,13.89,17.01,1305,1.39,939,13617.46,3.8,69.99,10.5
1,2016-05-15,16,Sunday,1,7,4.34,12.24,1.58,14.26,17.35,1177,1.36,863,12855.64,3.8,69.99,11.04
2,2016-05-15,17,Sunday,1,7,4.49,12.46,1.69,14.41,18.25,1945,2.03,958,14553.49,3.8,70.01,11.33
2,2016-05-15,19,Sunday,1,7,4.26,11.68,1.54,13.04,18.75,2108,2.07,1017,14432.98,3.8,70.01,10.16
2,2016-05-15,22,Sunday,1,7,5.27,12.42,1.85,11.87,23.97,1812,2.06,879,13864.65,4.3,70.01,11.37
2,2016-05-15,23,Sunday,1,7,6.13,13.79,1.93,12.18,26.39,1357,2.02,672,11637.22,4.3,70.01,13.41
2,2016-05-16,0,Monday,0,1,6.16,13.69,1.82,11.72,28.05,741,1.87,396,6755.94,4.3,70.01,12.64
1,2016-05-16,1,Monday,0,1,5.49,12.66,1.34,10.81,28.16,244,1.28,190,2920.57,4.8,63.35,9.64
1,2016-05-16,3,Monday,0,1,5.37,12.19,1.4,10.44,28.28,140,1.3,108,1620.03,4.3,45.3,9.14
1,2016-05-16,10,Monday,0,1,4.13,12.69,1.76,15.35,15.13,969,1.16,837,13052.71,3.8,70.34,11.4
2,2016-05-16,12,Monday,0,1,4.33,13.23,1.68,16.22,15.15,1771,1.97,901,14444.62,3.8,70.01,11.62
1,2016-05-16,13,Monday,0,1,4.1,12.67,1.73,15.19,15.09,1041,1.23,846,13172.97,3.8,69.99,11.6
1,2016-05-16,14,Monday,0,1,3.99,12.29,1.69,14.9,14.8,1078,1.24,870,13142.71,3.8,69.99,11.4
1,2016-05-16,15,Monday,0,1,4.06,12.64,1.67,15.78,14.38,1141,1.26,908,14074.86,4.3,69.99,10.88
1,2016-05-16,16,Monday,0,1,3.88,12.01,1.72,14.8,14.9,999,1.29,772,12206.55,5.15,58.34,10.23
2,2016-05-16,17,Monday,0,1,3.82,11.92,1.74,14.81,15.21,2166,1.96,1103,17294.76,4.8,67.01,9.72
2,2016-05-16,19,Monday,0,1,4.13,11.25,1.76,12.22,18.88,2519,2.06,1223,18375.17,4.8,59.8,9.15
2,2016-05-16,22,Monday,0,1,5.14,12.53,1.9,12.36,23.06,2246,1.98,1134,18020.54,4.3,70.01,10.7
2,2016-05-16,23,Monday,0,1,5.65,13.32,1.94,12.55,24.69,1522,1.88,809,13603.17,4.8,70.01,11.72
2,2016-05-17,0,Tuesday,0,2,5.94,13.6,1.93,12.59,26.15,1163,2.18,533,9152.56,4.3,70.01,11.1
1,2016-05-17,1,Tuesday,0,2,5.57,13.07,1.77,11.32,27.11,300,1.2,249,4038.8,4.8,63.35,9.84
1,2016-05-17,3,Tuesday,0,2,4.98,11.5,1.31,10.0,28.07,129,1.22,106,1494.91,4.8,40.55,7.9
1,2016-05-17,10,Tuesday,0,2,4.09,13.47,1.8,17.36,13.25,1010,1.19,849,13875.54,3.8,68.34,10.83
2,2016-05-17,12,Tuesday,0,2,4.39,13.97,1.76,17.71,13.94,2039,2.05,997,16843.69,3.8,70.01,11.76
1,2016-05-17,13,Tuesday,0,2,4.04,13.38,1.75,17.05,13.39,1057,1.23,861,13963.12,3.8,69.99,11.35
1,2016-05-17,14,Tuesday,0,2,3.99,13.13,1.65,16.93,13.19,1156,1.24,931,14790.83,3.8,70.34,11.36
1,2016-05-17,15,Tuesday,0,2,3.85,13.13,1.68,17.53,12.46,1170,1.27,923,14771.59,3.3,69.99,10.75
1,2016-05-17,16,Tuesday,0,2,3.52,12.01,1.7,15.71,13.29,841,1.23,683,10733.08,4.8,69.39,9.89
2,2016-05-17,17,Tuesday,0,2,4.07,13.09,1.82,17.2,13.81,2103,2.04,1029,17455.94,4.8,64.01,10.76
2,2016-05-17,19,Tuesday,0,2,3.93,11.43,1.78,13.29,17.08,2638,2.02,1306,19774.47,4.8,60.41,8.8
2,2016-05-17,22,Tuesday,0,2,5.25,13.1,1.97,13.75,21.61,2477,2.05,1206,20015.91,4.8,70.01,10.36
2,2016-05-17,23,Tuesday,0,2,5.53,13.32,1.87,13.18,23.27,1843,1.94,952,15872.92,4.3,70.01,10.79
1,2016-05-18,0,Wednesday,0,3,5.49,12.99,1.8,12.45,24.69,650,1.28,509,8286.06,4.3,59.8,10.11
2,2016-05-18,2,Wednesday,0,3,5.33,12.2,1.33,10.99,26.98,432,2.07,209,3104.93,4.8,55.38,8.52
2,2016-05-18,4,Wednesday,0,3,8.82,18.02,2.25,13.31,36.04,207,1.88,110,2457.55,5.16,70.01,17.03
2,2016-05-18,9,Wednesday,0,3,4.09,13.16,1.93,16.81,14.37,2105,2.0,1051,16998.37,3.8,70.01,11.48
1,2016-05-18,12,Wednesday,0,3,3.93,13.53,1.73,17.62,13.07,987,1.23,805,13147.2,4.3,69.99,10.94
1,2016-05-18,17,Wednesday,0,3,3.66,13.56,1.87,18.7,12.18,947,1.28,741,12964.46,4.8,68.19,11.44
1,2016-05-18,19,Wednesday,0,3,3.71,11.84,1.83,14.88,14.89,1330,1.24,1071,16692.41,5.3,62.19,8.85
2,2016-05-18,21,Wednesday,0,3,4.69,12.44,1.93,13.89,19.04,2862,2.08,1378,21877.32,4.8,70.01,9.89
1,2016-05-18,22,Wednesday,0,3,4.98,12.98,1.91,14.25,19.75,1291,1.29,997,16282.03,4.3,69.99,10.36
1,2016-05-18,23,Wednesday,0,3,5.12,12.9,1.97,13.21,21.83,1035,1.23,840,13746.64,4.3,63.34,10.25
2,2016-05-19,0,Thursday,0,4,5.39,12.8,1.93,12.47,24.47,1457,2.05,710,11509.97,4.3,70.01,10.82
1,2016-05-19,1,Thursday,0,4,5.1,11.95,1.54,11.13,25.58,431,1.32,327,4862.36,3.8,69.99,9.14
1,2016-05-19,3,Thursday,0,4,6.0,13.19,1.53,10.99,30.25,186,1.23,151,2418.36,4.3,52.8,9.92
1,2016-05-19,10,Thursday,0,4,4.08,13.05,1.79,16.45,13.88,978,1.19,822,13125.51,4.3,69.99,11.45
2,2016-05-19,12,Thursday,0,4,3.99,13.18,1.82,16.92,13.66,1944,2.01,965,15544.65,3.8,70.01,10.93
1,2016-05-19,13,Thursday,0,4,4.46,13.85,1.82,17.22,13.87,1082,1.27,855,14415.26,3.8,70.01,12.94
1,2016-05-19,14,Thursday,0,4,4.14,13.67,1.69,17.94,12.77,1156,1.24,929,15301.29,3.8,69.99,12.04
1,2016-05-19,15,Thursday,0,4,3.81,13.67,1.7,18.67,11.84,1069,1.28,836,13808.16,3.8,69.99,11.26
1,2016-05-19,16,Thursday,0,4,3.69,13.33,1.83,18.39,12.21,815,1.28,635,10940.65,4.8,66.34,10.99
2,2016-05-19,17,Thursday,0,4,3.74,13.25,1.73,18.22,12.84,1835,1.95,943,16020.29,5.3,63.96,10.5
2,2016-05-19,19,Thursday,0,4,3.82,11.84,1.7,14.55,15.52,2566,1.94,1322,20501.05,4.8,64.56,8.9
2,2016-05-19,22,Thursday,0,4,4.96,13.34,1.99,15.36,18.75,2553,2.1,1216,20382.22,4.8,70.01,10.37
2,2016-05-19,23,Thursday,0,4,4.94,13.05,1.88,14.61,19.81,2369,2.02,1171,19180.69,4.3,70.01,10.12
1,2016-05-20,0,Friday,0,5,4.88,12.56,1.78,13.29,20.98,1025,1.34,765,12067.19,3.8,70.01,10.17
2,2016-05-20,2,Friday,0,5,5.32,12.39,1.45,11.71,25.98,709,2.01,353,5359.72,4.3,49.18,8.44
2,2016-05-20,4,Friday,0,5,7.13,15.08,1.73,12.0,31.66,313,2.02,155,2904.77,4.3,70.01,13.75
2,2016-05-20,9,Friday,0,5,3.95,12.5,1.7,15.66,14.56,2091,2.03,1030,15661.37,3.8,70.01,9.99
1,2016-05-20,12,Friday,0,5,4.34,13.6,1.64,16.86,13.93,1091,1.28,854,14000.88,3.8,69.99,11.99
1,2016-05-20,17,Friday,0,5,3.67,12.34,1.69,16.25,13.47,1075,1.31,823,13178.35,4.3,65.79,9.61
1,2016-05-20,19,Friday,0,5,3.79,11.17,1.63,13.03,16.45,1607,1.34,1196,17542.52,3.8,70.0,8.62
2,2016-05-20,21,Friday,0,5,4.63,12.51,1.71,14.08,18.61,2510,1.97,1272,19966.06,4.3,70.01,10.68
1,2016-05-20,22,Friday,0,5,4.44,12.59,1.75,14.83,17.54,1598,1.36,1173,18507.61,4.3,69.99,9.45
1,2016-05-20,23,Friday,0,5,4.67,13.3,1.84,15.73,17.78,1569,1.43,1096,18116.34,3.8,69.44,9.95
1,2016-05-21,0,Saturday,1,6,4.66,13.04,1.86,15.17,18.32,1385,1.35,1024,16678.6,4.3,68.19,9.91
2,2016-05-21,2,Saturday,1,6,5.36,12.81,1.68,12.82,23.42,1771,2.08,853,13524.16,4.3,56.34,9.25
2,2016-05-21,4,Saturday,1,6,6.25,14.01,1.5,12.73,27.4,902,2.09,432,7325.18,4.3,70.01,11.11
2,2016-05-21,9,Saturday,1,6,4.39,11.32,1.42,11.27,21.59,1657,1.99,831,11434.52,3.8,70.01,10.13
1,2016-05-21,12,Saturday,1,6,3.9,11.63,1.47,13.5,16.8,1276,1.34,953,13411.92,4.3,69.99,9.1
1,2016-05-21,17,Saturday,1,6,4.16,12.27,1.47,14.53,16.53,1333,1.41,946,13962.94,3.8,69.99,10.07
1,2016-05-21,19,Saturday,1,6,3.46,11.55,1.44,14.69,14.22,1867,1.49,1255,17553.71,3.3,70.01,8.63
2,2016-05-21,21,Saturday,1,6,4.49,12.38,1.53,14.08,18.49,2444,2.04,1198,18399.23,4.8,70.01,9.58
1,2016-05-21,22,Saturday,1,6,4.07,11.86,1.52,14.0,17.3,1674,1.49,1125,16588.43,4.3,63.35,8.33
1,2016-05-21,23,Saturday,1,6,4.47,12.65,1.65,15.01,17.18,1582,1.45,1094,17200.17,4.3,69.99,9.62
1,2016-05-22,0,Sunday,1,7,4.69,12.65,1.74,14.3,19.19,1419,1.48,962,15167.04,3.8,63.35,9.24
2,2016-05-22,2,Sunday,1,7,5.07,12.23,1.67,12.15,23.82,1966,2.14,920,14037.01,4.3,54.8,8.6
2,2016-05-22,4,Sunday,1,7,5.85,13.28,1.42,12.62,26.25,922,2.2,420,6774.82,4.3,60.3,9.76
2,2016-05-22,9,Sunday,1,7,5.01,11.95,1.46,10.85,25.1,1254,2.04,615,8947.47,4.3,68.34,11.22
1,2016-05-22,12,Sunday,1,7,4.37,11.91,1.59,12.76,18.58,1212,1.36,891,12982.58,3.8,70.0,11.05
1,2016-05-22,17,Sunday,1,7,4.61,12.53,1.62,14.24,17.76,1148,1.37,837,12831.06,3.8,70.0,12.08
1,2016-05-22,19,Sunday,1,7,4.52,12.09,1.71,13.14,18.89,1146,1.32,866,12915.29,3.8,70.34,10.66
2,2016-05-22,21,Sunday,1,7,5.2,12.64,1.8,12.38,22.75,1675,2.09,801,12844.93,4.8,70.01,12.15
1,2016-05-22,22,Sunday,1,7,5.78,13.46,1.91,12.69,24.63,941,1.35,695,11794.77,4.8,69.99,12.02
1,2016-05-22,23,Sunday,1,7,6.22,13.93,1.87,12.09,27.23,709,1.3,545,9480.68,4.8,69.99,12.7
2,2016-05-23,0,Monday,0,1,6.24,13.79,1.78,12.09,28.37,666,1.91,349,5996.16,4.8,70.01,11.45
1,2016-05-23,1,Monday,0,1,5.95,13.25,1.44,11.74,27.89,269,1.33,203,3253.86,4.8,50.19,9.04
1,2016-05-23,10,Monday,0,1,4.17,12.65,1.76,15.21,14.81,789,1.16,680,10604.88,3.3,69.99,11.66
2,2016-05-23,12,Monday,0,1,4.49,13.06,1.73,15.34,15.9,1605,1.97,816,13080.38,3.8,70.01,12.5
1,2016-05-23,13,Monday,0,1,4.36,12.8,1.5,14.79,15.92,1002,1.23,816,12574.67,3.8,69.99,11.59
1,2016-05-23,14,Monday,0,1,4.49,12.95,1.68,15.02,15.89,1076,1.26,852,13510.28,3.8,70.34,12.24
1,2016-05-23,15,Monday,0,1,4.13,12.42,1.49,14.68,15.15,1122,1.31,856,12939.48,3.8,70.0,11.65
1,2016-05-23,16,Monday,0,1,3.7,11.42,1.52,13.92,15.18,870,1.26,691,10353.92,4.8,60.84,9.84
2,2016-05-23,17,Monday,0,1,3.75,11.42,1.65,13.82,15.61,2223,1.97,1128,17066.22,4.8,65.21,9.73
2,2016-05-23,19,Monday,0,1,4.02,10.86,1.6,11.56,19.53,2370,1.95,1218,17552.94,4.8,63.41,8.5
2,2016-05-23,22,Monday,0,1,5.16,12.36,1.84,11.95,23.62,1931,2.06,936,14706.82,4.3,70.01,10.75
2,2016-05-23,23,Monday,0,1,5.56,12.91,2.0,12.19,25.15,1421,2.01,708,11669.47,4.8,70.01,11.54
1,2016-05-24,0,Tuesday,0,2,5.41,12.54,1.66,11.39,26.07,420,1.23,342,5385.18,4.8,66.34,10.18
2,2016-05-24,2,Tuesday,0,2,5.95,13.19,1.47,12.08,27.95,249,1.83,136,2187.03,4.8,53.8,9.35
2,2016-05-24,4,Tuesday,0,2,7.65,15.75,1.91,12.49,32.76,202,1.98,102,2003.31,4.8,70.01,14.98
2,2016-05-24,9,Tuesday,0,2,3.6,12.24,1.67,15.93,13.38,2128,1.97,1080,16092.59,4.3,70.01,9.62
1,2016-05-24,12,Tuesday,0,2,3.8,12.85,1.77,16.42,13.31,965,1.24,779,12221.08,3.8,69.99,10.14
1,2016-05-24,17,Tuesday,0,2,3.3,11.21,1.6,14.34,13.88,1109,1.24,894,13177.29,4.8,64.3,8.58
1,2016-05-24,19,Tuesday,0,2,3.71,10.91,1.73,12.46,16.93,1326,1.23,1075,15627.8,4.8,66.39,8.09
2,2016-05-24,21,Tuesday,0,2,4.88,12.43,1.97,12.92,21.07,2330,1.97,1181,18767.8,4.8,70.01,10.45
1,2016-05-24,22,Tuesday,0,2,5.09,12.83,1.98,13.27,21.2,1175,1.23,953,15511.04,4.3,69.99,10.49
1,2016-05-24,23,Tuesday,0,2,5.31,12.95,1.98,12.96,22.75,950,1.3,729,11958.5,4.8,70.01,10.81
1,2016-05-25,0,Wednesday,0,3,5.22,12.45,1.76,11.66,24.85,538,1.23,438,6839.73,4.3,69.99,9.99
2,2016-05-25,2,Wednesday,0,3,5.44,12.21,1.57,10.64,28.16,316,2.01,157,2378.92,4.8,52.56,9.71
2,2016-05-25,4,Wednesday,0,3,6.54,13.72,1.54,10.23,33.19,227,2.14,106,1803.93,4.8,70.01,13.72
2,2016-05-25,9,Wednesday,0,3,3.61,12.0,1.78,15.2,14.01,1972,1.97,1000,14788.51,3.8,70.01,9.59
1,2016-05-25,12,Wednesday,0,3,3.84,13.02,1.65,16.59,12.9,967,1.22,795,12547.12,3.8,68.34,11.22
1,2016-05-25,17,Wednesday,0,3,3.3,11.63,1.64,15.38,12.98,1070,1.28,835,12714.87,4.8,60.39,8.91
1,2016-05-25,19,Wednesday,0,3,3.64,11.06,1.72,13.08,16.02,1376,1.24,1114,16356.27,4.8,62.79,8.13
2,2016-05-25,21,Wednesday,0,3,4.91,12.7,1.98,13.88,19.86,2583,2.03,1275,20618.31,4.7,70.01,10.7
1,2016-05-25,22,Wednesday,0,3,5.07,13.18,2.02,14.47,19.96,1383,1.29,1068,17865.52,4.3,69.99,10.77
1,2016-05-25,23,Wednesday,0,3,5.13,13.05,1.97,13.91,20.97,1117,1.28,872,14380.0,4.8,69.99,10.59
2,2016-05-26,0,Thursday,0,4,5.12,12.56,1.72,12.88,22.83,1446,2.08,695,10916.38,4.3,70.01,9.52
1,2016-05-26,1,Thursday,0,4,5.3,12.6,1.67,11.81,25.32,398,1.2,331,5173.1,4.8,64.8,9.42
1,2016-05-26,3,Thursday,0,4,5.98,13.55,1.34,11.95,27.26,202,1.21,167,2719.81,4.3,55.8,9.99
1,2016-05-26,10,Thursday,0,4,3.43,12.36,1.69,16.35,12.52,929,1.19,781,11716.62,3.8,57.89,9.62
2,2016-05-26,12,Thursday,0,4,3.6,12.55,1.7,16.23,12.93,1841,1.99,925,14165.55,3.8,70.01,10.7
1,2016-05-26,13,Thursday,0,4,3.94,12.87,1.59,16.08,13.75,1041,1.21,862,13409.33,3.3,70.34,11.71
1,2016-05-26,14,Thursday,0,4,3.77,12.97,1.68,17.26,12.4,1148,1.21,949,14931.24,3.8,69.99,10.86
1,2016-05-26,15,Thursday,0,4,3.77,13.21,1.71,18.03,11.84,1018,1.27,800,12842.92,3.8,67.59,10.97
1,2016-05-26,16,Thursday,0,4,3.95,13.06,1.84,17.37,13.38,825,1.25,658,11167.21,4.8,68.79,11.1
2,2016-05-26,17,Thursday,0,4,3.71,12.21,1.73,15.93,14.06,1991,2.04,977,15604.55,4.8,58.61,9.96
2,2016-05-26,19,Thursday,0,4,3.71,11.23,1.72,13.4,16.22,2410,1.96,1228,18320.12,4.8,62.21,8.98
2,2016-05-26,22,Thursday,0,4,4.89,13.38,1.99,15.45,18.7,2366,2.05,1152,19418.43,4.3,70.01,10.27
2,2016-05-26,23,Thursday,0,4,5.34,13.9,1.97,15.47,19.81,2155,2.0,1076,18665.48,4.3,70.01,11.09
1,2016-05-27,2,Friday,0,5,5.28,12.44,1.59,11.46,25.62,477,1.32,362,5569.08,4.3,69.99,9.28
1,2016-05-27,4,Friday,0,5,6.44,14.07,1.73,11.89,29.98,252,1.21,208,3644.02,4.8,69.99,11.68
2,2016-05-27,5,Friday,0,5,6.86,14.43,1.72,10.84,32.72,438,1.96,224,4054.65,4.8,70.01,15.16
2,2016-05-27,6,Friday,0,5,5.19,12.06,1.76,10.65,26.34,955,2.0,478,7196.76,4.3,70.01,12.91
2,2016-05-27,7,Friday,0,5,4.02,10.81,1.63,11.32,20.26,1637,1.99,823,11111.61,3.8,70.01,9.33
2,2016-05-27,8,Friday,0,5,3.85,11.68,1.67,13.83,15.87,2009,2.02,997,14282.92,3.8,70.01,9.31
1,2016-05-27,9,Friday,0,5,3.71,11.73,1.58,14.24,14.72,863,1.13,765,10898.18,3.8,63.35,9.05
2,2016-05-27,11,Friday,0,5,3.95,12.46,1.64,15.24,14.47,1878,2.1,895,13590.53,3.8,70.01,11.07
2,2016-05-27,18,Friday,0,5,3.62,10.75,1.47,12.3,17.64,2134,1.98,1076,15262.31,4.8,54.96,8.08
2,2016-05-27,20,Friday,0,5,4.66,12.06,1.49,12.73,20.08,1845,2.01,917,13830.11,4.8,70.01,10.49
1,2016-05-27,21,Friday,0,5,4.41,11.9,1.45,12.82,18.87,1193,1.41,848,12543.04,4.3,69.99,10.16
2,2016-05-28,1,Saturday,1,6,5.31,12.74,1.58,12.46,24.1,1446,2.06,702,11029.01,4.3,70.01,9.99
2,2016-05-28,3,Saturday,1,6,6.05,13.57,1.75,12.25,27.74,809,2.0,405,6820.29,4.3,70.01,10.22
1,2016-05-28,6,Saturday,1,6,5.49,12.21,1.18,9.57,30.3,258,1.3,199,2898.23,3.8,64.34,12.12
1,2016-05-28,7,Saturday,1,6,5.08,12.1,1.52,9.46,27.78,279,1.14,244,3581.97,3.8,69.99,12.99
1,2016-05-28,8,Saturday,1,6,4.63,11.32,1.45,10.16,24.37,413,1.19,346,4810.19,4.8,69.99,11.16
2,2016-05-28,10,Saturday,1,6,4.23,11.04,1.29,11.11,21.09,1573,1.99,791,10582.64,3.8,70.01,10.26
1,2016-05-28,11,Saturday,1,6,4.13,11.33,1.32,11.96,19.55,921,1.41,655,8957.8,3.8,58.34,9.17
2,2016-05-28,13,Saturday,1,6,4.05,11.29,1.11,12.22,18.92,1914,2.02,946,12681.04,3.8,70.01,9.76
2,2016-05-28,14,Saturday,1,6,4.4,11.85,1.26,12.77,19.28,1772,2.04,869,12299.61,3.8,70.01,10.22
2,2016-05-28,15,Saturday,1,6,4.12,11.21,1.16,12.04,19.15,1669,2.02,827,11041.14,3.8,70.01,9.94
2,2016-05-28,16,Saturday,1,6,4.36,11.65,1.16,12.09,20.01,1596,1.99,804,11133.73,3.8,70.01,10.38
1,2016-05-28,18,Saturday,1,6,3.69,10.73,1.23,11.8,18.24,1301,1.48,882,11402.56,3.8,59.84,8.04
1,2016-05-28,20,Saturday,1,6,4.1,11.04,1.29,11.71,19.64,1125,1.53,733,10049.88,4.3,70.34,8.28
1,2016-05-29,2,Sunday,1,7,5.08,12.19,1.48,11.65,24.39,689,1.4,493,7428.97,4.3,69.99,8.94
1,2016-05-29,4,Sunday,1,7,6.72,14.75,1.33,13.04,28.72,349,1.32,265,4638.06,4.8,67.55,10.39
2,2016-05-29,5,Sunday,1,7,6.78,14.51,1.34,11.82,30.93,340,2.33,146,2552.48,4.3,63.36,12.87
2,2016-05-29,6,Sunday,1,7,6.45,13.76,1.27,10.8,32.73,224,1.79,125,2018.15,3.8,58.61,12.74
2,2016-05-29,7,Sunday,1,7,5.48,12.12,1.25,9.49,30.83,411,1.92,214,3092.96,4.3,70.01,11.7
2,2016-05-29,8,Sunday,1,7,5.02,11.7,1.3,9.98,27.47,573,1.86,308,4333.74,3.8,70.01,10.85
1,2016-05-29,9,Sunday,1,7,4.28,10.91,1.21,10.2,23.87,500,1.28,390,5093.45,3.8,69.99,8.96
2,2016-05-29,11,Sunday,1,7,4.38,11.16,1.25,10.95,22.19,1574,1.99,791,10664.26,3.8,70.01,9.97
2,2016-05-29,18,Sunday,1,7,4.44,11.92,1.32,12.54,20.02,1825,2.06,885,12633.07,3.8,70.34,11.01
2,2016-05-29,20,Sunday,1,7,4.78,12.0,1.35,12.22,21.82,1557,2.07,752,11158.05,4.3,70.01,10.54
1,2016-05-29,21,Sunday,1,7,4.42,11.31,1.39,11.43,21.31,911,1.45,628,8873.79,4.8,64.8,9.49
1,2016-05-30,0,Monday,0,1,5.1,12.25,1.44,11.5,24.21,809,1.4,579,8747.1,4.3,68.34,10.39
2,2016-05-30,2,Monday,0,1,5.53,12.62,1.39,11.75,26.2,653,2.04,320,4916.96,4.3,70.01,9.43
2,2016-05-30,4,Monday,0,1,6.7,14.53,1.59,13.05,28.15,314,2.04,154,2703.97,4.3,70.01,12.47
2,2016-05-30,9,Monday,0,1,5.23,11.91,1.27,9.83,28.01,799,2.03,393,5627.91,3.8,70.01,11.64
1,2016-05-30,12,Monday,0,1,4.88,11.82,1.3,10.72,23.7,817,1.36,602,8557.27,3.8,69.99,11.43
1,2016-05-30,17,Monday,0,1,4.85,12.02,1.58,11.76,22.04,956,1.36,702,10405.89,4.3,70.01,12.1
1,2016-05-30,19,Monday,0,1,4.47,11.24,1.52,10.9,21.97,1010,1.4,721,10022.2,4.3,69.99,10.32
2,2016-05-30,21,Monday,0,1,5.74,13.12,1.87,11.88,25.71,1417,1.98,716,11896.4,4.3,70.01,12.56
1,2016-05-30,22,Monday,0,1,5.8,13.29,1.84,11.95,25.51,685,1.32,519,8712.58,4.3,69.99,12.93
1,2016-05-30,23,Monday,0,1,6.81,14.8,2.07,12.35,29.16,593,1.33,446,8315.19,4.8,69.99,13.39
2,2016-05-31,1,Tuesday,0,2,5.84,13.16,1.62,11.28,28.33,326,1.8,181,2931.59,4.8,70.01,10.87
2,2016-05-31,3,Tuesday,0,2,5.98,12.95,1.61,9.62,31.71,137,2.08,66,1067.35,5.3,70.01,14.2
1,2016-05-31,5,Tuesday,0,2,6.36,13.88,1.94,9.99,32.36,184,1.07,172,3069.44,4.3,70.34,15.43
1,2016-05-31,6,Tuesday,0,2,4.72,11.38,1.69,10.19,25.39,526,1.08,485,6901.89,4.3,70.01,12.55
1,2016-05-31,7,Tuesday,0,2,3.98,11.06,1.55,12.0,18.84,859,1.1,782,10632.72,4.3,70.0,9.7
1,2016-05-31,8,Tuesday,0,2,3.66,11.46,1.68,13.85,14.95,970,1.12,865,12237.08,3.8,69.99,9.59
2,2016-05-31,10,Tuesday,0,2,4.11,12.52,1.79,15.28,14.92,1472,1.99,739,11439.09,4.3,70.01,11.59
1,2016-05-31,11,Tuesday,0,2,3.75,11.95,1.53,14.7,13.93,839,1.24,679,9884.46,3.8,70.01,10.67
2,2016-05-31,13,Tuesday,0,2,4.14,12.6,1.52,15.15,14.96,1772,2.02,877,13324.75,3.8,70.01,11.31
2,2016-05-31,14,Tuesday,0,2,4.2,12.55,1.52,15.18,14.75,1833,1.99,919,13933.09,3.8,70.01,11.71
2,2016-05-31,15,Tuesday,0,2,3.99,12.38,1.42,15.51,14.25,1903,2.02,942,13996.16,3.8,70.01,10.91
2,2016-05-31,16,Tuesday,0,2,3.64,11.47,1.53,14.26,14.82,1688,2.1,804,12108.61,4.8,65.81,9.77
1,2016-05-31,18,Tuesday,0,2,3.63,11.11,1.69,13.29,15.28,1271,1.21,1047,15414.37,5.3,58.8,8.89
1,2016-05-31,20,Tuesday,0,2,4.54,11.66,1.81,11.97,20.35,1051,1.26,835,12545.13,4.3,70.0,10.79
1,2016-06-01,2,Wednesday,0,3,5.18,12.01,1.4,10.65,27.73,173,1.18,147,2178.8,4.3,51.99,8.33
1,2016-06-01,4,Wednesday,0,3,6.88,14.45,1.25,11.03,33.53,148,1.22,121,2100.8,4.8,69.99,12.37
2,2016-06-01,5,Wednesday,0,3,5.21,11.92,1.67,9.2,30.14,353,1.93,183,2814.92,4.8,70.01,13.26
2,2016-06-01,6,Wednesday,0,3,4.45,10.87,1.4,10.16,24.69,1077,2.04,528,7003.56,3.8,70.01,10.26
2,2016-06-01,7,Wednesday,0,3,3.93,11.16,1.68,12.52,18.32,1901,1.99,957,13212.07,3.8,70.01,9.08
2,2016-06-01,8,Wednesday,0,3,3.68,11.68,1.65,14.48,14.63,2196,1.99,1106,15812.64,3.8,70.01,9.5
1,2016-06-01,9,Wednesday,0,3,3.71,12.09,1.74,15.09,14.06,949,1.15,826,12261.35,3.8,69.99,9.74
2,2016-06-01,11,Wednesday,0,3,3.98,13.07,1.7,16.7,13.28,1757,1.94,907,14429.82,3.8,68.34,11.19
2,2016-06-01,18,Wednesday,0,3,3.61,12.15,1.78,15.94,13.8,2342,2.01,1163,18482.0,4.8,59.34,9.04
2,2016-06-01,20,Wednesday,0,3,4.49,12.29,1.79,13.9,18.07,2502,1.99,1255,19517.53,4.3,70.01,10.07
1,2016-06-01,21,Wednesday,0,3,4.87,12.86,1.96,14.19,19.06,1341,1.29,1036,16933.26,3.8,69.99,10.52
1,2016-06-02,0,Thursday,0,4,5.36,12.63,1.74,12.21,24.41,599,1.23,487,7705.34,3.8,58.55,9.79
2,2016-06-02,2,Thursday,0,4,5.32,12.13,1.44,10.67,27.64,454,2.24,203,3021.84,4.8,58.34,9.37
2,2016-06-02,4,Thursday,0,4,6.56,13.99,1.62,11.32,31.71,236,2.21,107,1847.79,4.8,53.76,11.71
2,2016-06-02,9,Thursday,0,4,3.81,12.32,1.71,15.58,13.74,2074,1.95,1064,16004.86,3.8,70.01,10.42
1,2016-06-02,12,Thursday,0,4,3.89,13.34,1.7,17.08,12.82,970,1.23,789,12712.19,4.3,69.99,11.46
1,2016-06-02,17,Thursday,0,4,3.4,11.78,1.61,15.44,12.98,1021,1.26,809,12388.24,5.3,62.19,9.11
1,2016-06-02,19,Thursday,0,4,3.63,11.24,1.71,13.58,15.21,1396,1.22,1140,16885.23,5.3,65.19,8.35
2,2016-06-02,21,Thursday,0,4,4.63,12.45,1.85,14.05,18.81,2753,2.01,1372,21654.28,4.3,70.01,9.84
1,2016-06-02,22,Thursday,0,4,5.11,13.61,2.01,15.36,18.67,1377,1.29,1065,18213.81,4.3,69.99,10.65
1,2016-06-02,23,Thursday,0,4,5.12,13.17,1.98,14.03,20.74,1180,1.27,931,15528.47,4.3,68.79,10.74
2,2016-06-03,1,Friday,0,5,5.52,12.86,1.59,12.18,25.33,994,2.11,471,7452.81,4.8,70.01,10.03
2,2016-06-03,3,Friday,0,5,5.38,12.32,1.33,11.14,26.92,401,2.01,200,3002.25,4.3,50.44,9.3
1,2016-06-03,5,Friday,0,5,5.76,12.77,1.78,9.86,30.28,253,1.17,217,3533.45,4.8,69.99,13.53
1,2016-06-03,6,Friday,0,5,4.42,10.75,1.47,9.55,24.9,521,1.08,484,6451.95,3.8,69.99,10.21
1,2016-06-03,7,Friday,0,5,3.81,10.83,1.63,11.93,17.97,933,1.12,835,11252.91,3.8,69.99,9.2
1,2016-06-03,8,Friday,0,5,3.47,11.59,1.64,14.81,13.34,1181,1.14,1034,14648.81,4.3,69.99,9.44
2,2016-06-03,10,Friday,0,5,4.07,13.08,1.84,16.63,13.78,1984,2.08,954,15270.78,3.8,70.01,11.22
1,2016-06-03,11,Friday,0,5,3.74,12.61,1.57,16.17,13.08,921,1.18,779,11831.28,3.3,69.99,10.01
2,2016-06-03,13,Friday,0,5,4.33,13.21,1.7,16.27,14.88,1839,2.08,885,14234.11,4.3,70.01,11.62
2,2016-06-03,14,Friday,0,5,4.04,12.79,1.64,15.98,13.79,1960,2.12,925,14419.19,3.8,70.01,12.01
2,2016-06-03,15,Friday,0,5,3.96,12.85,1.59,17.02,12.91,1756,1.99,882,13710.33,3.8,64.84,11.22
2,2016-06-03,16,Friday,0,5,3.69,12.17,1.67,15.9,13.75,1440,1.99,722,11464.13,5.3,70.01,10.37
1,2016-06-03,18,Friday,0,5,3.41,11.02,1.62,13.58,14.62,1316,1.25,1050,15289.82,4.8,62.79,7.98
1,2016-06-03,20,Friday,0,5,4.28,11.7,1.66,12.76,18.61,1333,1.35,985,14629.15,4.3,69.99,9.97
1,2016-06-04,0,Saturday,1,6,4.65,12.47,1.76,13.85,19.75,1405,1.41,1000,15620.37,4.3,68.34,8.77
2,2016-06-04,2,Saturday,1,6,5.0,12.24,1.76,12.31,22.9,1701,2.13,799,12269.27,4.3,61.56,8.42
2,2016-06-04,4,Saturday,1,6,6.41,14.1,1.49,12.24,28.99,769,2.25,342,5873.28,4.8,70.01,11.48
2,2016-06-04,9,Saturday,1,6,4.28,11.22,1.34,11.2,21.63,1480,1.87,790,10690.18,3.8,70.01,9.61
1,2016-06-04,12,Saturday,1,6,3.68,11.0,1.41,12.52,16.93,1232,1.33,927,12386.21,3.8,70.0,9.12
1,2016-06-04,17,Saturday,1,6,4.07,12.03,1.37,14.23,16.64,1283,1.48,866,12488.24,4.3,69.99,9.55
1,2016-06-04,19,Saturday,1,6,3.52,11.64,1.49,14.83,14.14,1871,1.48,1266,17915.96,3.8,69.99,8.88
2,2016-06-04,21,Saturday,1,6,4.65,12.49,1.59,14.07,18.46,2184,2.02,1079,16778.26,4.8,70.01,10.06
1,2016-06-04,22,Saturday,1,6,4.21,11.83,1.55,13.47,18.01,1460,1.41,1039,15349.74,4.3,64.34,8.07
1,2016-06-04,23,Saturday,1,6,4.89,12.98,1.72,14.32,19.35,1544,1.46,1056,17071.54,4.3,64.0,9.41
2,2016-06-05,0,Sunday,1,7,4.9,12.54,1.77,13.48,21.0,2284,2.03,1123,17631.73,4.3,65.34,9.27
1,2016-06-05,1,Sunday,1,7,4.84,12.21,1.72,12.55,21.74,1244,1.37,909,13934.53,4.3,69.99,8.66
1,2016-06-05,3,Sunday,1,7,5.4,12.6,1.54,11.52,25.7,735,1.34,549,8516.56,4.3,65.34,9.23
1,2016-06-05,10,Sunday,1,7,4.64,12.12,1.57,12.39,20.88,898,1.3,691,10236.63,3.8,69.99,11.06
2,2016-06-05,12,Sunday,1,7,4.41,13.16,1.62,15.79,16.37,1923,2.15,893,14195.58,4.3,70.01,11.32
1,2016-06-05,13,Sunday,1,7,4.67,13.8,1.88,16.66,15.91,1024,1.33,769,12922.01,4.3,69.99,12.47
1,2016-06-05,14,Sunday,1,7,4.46,13.6,1.7,16.55,15.61,1103,1.36,814,13355.76,4.3,70.01,11.41
1,2016-06-05,15,Sunday,1,7,4.44,13.13,1.63,15.81,15.81,1047,1.33,790,12511.12,3.8,69.99,11.01
1,2016-06-05,16,Sunday,1,7,4.95,13.56,1.82,15.54,17.41,969,1.31,740,12310.24,3.8,69.99,12.76
2,2016-06-05,17,Sunday,1,7,5.08,13.38,1.78,14.74,18.95,2054,2.05,1003,16386.68,3.8,70.01,13.0
2,2016-06-05,19,Sunday,1,7,4.21,11.56,1.67,12.9,18.2,2140,1.96,1094,15594.43,3.8,70.01,11.04
2,2016-06-05,22,Sunday,1,7,5.52,12.73,1.84,11.52,25.71,1306,1.98,661,10724.6,4.3,70.01,11.62
2,2016-06-05,23,Sunday,1,7,6.22,13.79,1.95,11.71,28.34,1094,1.99,549,9548.43,4.8,70.01,12.91
2,2016-06-06,1,Monday,0,1,8.01,16.55,1.76,12.72,33.99,525,2.06,255,5106.77,3.8,70.01,14.67
1,2016-06-06,5,Monday,0,1,6.67,14.42,1.83,10.93,32.05,234,1.14,206,3718.72,4.3,69.99,14.99
1,2016-06-06,6,Monday,0,1,4.47,10.75,1.49,9.58,25.24,529,1.09,486,6513.12,4.3,69.99,10.72
1,2016-06-06,7,Monday,0,1,4.4,11.75,1.75,12.52,19.6,878,1.11,790,11541.84,4.3,69.99,10.99
1,2016-06-06,8,Monday,0,1,4.1,12.23,1.81,14.52,15.42,1033,1.15,895,13525.84,4.3,70.59,10.97
2,2016-06-06,10,Monday,0,1,4.48,13.31,1.82,16.05,15.67,1803,2.08,868,14197.82,4.3,70.01,12.44
1,2016-06-06,11,Monday,0,1,4.0,12.31,1.64,14.71,14.87,903,1.24,726,10939.21,3.8,69.99,11.28
2,2016-06-06,13,Monday,0,1,4.37,12.87,1.7,15.23,15.35,1775,2.08,854,13435.8,3.8,70.01,12.74
2,2016-06-06,14,Monday,0,1,4.06,12.44,1.58,15.21,14.77,1817,2.02,900,13642.69,4.3,70.34,12.03
2,2016-06-06,15,Monday,0,1,4.24,12.89,1.72,15.85,14.78,1880,2.08,902,14262.16,3.8,70.01,11.98
2,2016-06-06,16,Monday,0,1,3.91,11.84,1.58,14.5,15.23,1675,2.02,830,12822.3,4.3,65.21,10.36
1,2016-06-06,18,Monday,0,1,3.51,11.23,1.78,13.71,15.31,1354,1.27,1062,15897.23,4.8,59.15,8.41
1,2016-06-06,20,Monday,0,1,4.73,11.78,1.76,11.56,22.23,1106,1.24,890,13406.13,4.3,69.99,10.27
1,2016-06-07,0,Tuesday,0,2,5.78,13.46,1.72,12.44,25.76,491,1.26,389,6470.83,4.3,63.95,10.89
2,2016-06-07,2,Tuesday,0,2,5.23,11.83,1.38,10.3,29.11,291,2.06,141,2054.13,4.3,44.3,8.46
2,2016-06-07,4,Tuesday,0,2,6.73,14.39,1.57,11.19,31.88,158,1.74,91,1591.44,4.8,58.34,12.23
2,2016-06-07,9,Tuesday,0,2,3.79,13.09,1.82,17.2,13.12,1923,1.97,976,15546.9,3.8,70.01,10.48
1,2016-06-07,12,Tuesday,0,2,3.8,12.97,1.74,16.68,13.05,1014,1.21,837,13206.43,3.8,69.99,10.69
1,2016-06-07,17,Tuesday,0,2,3.24,11.34,1.66,14.72,13.3,1007,1.21,834,12438.68,4.8,63.4,8.84
1,2016-06-07,19,Tuesday,0,2,3.69,10.85,1.73,12.43,16.97,1231,1.22,1011,14650.44,4.3,58.8,8.11
2,2016-06-07,21,Tuesday,0,2,4.66,11.9,1.83,12.25,21.3,2585,1.96,1322,20134.74,4.3,70.01,9.82
1,2016-06-07,22,Tuesday,0,2,5.01,12.95,1.97,13.82,20.27,1215,1.24,977,16084.46,4.8,70.0,10.79
1,2016-06-07,23,Tuesday,0,2,5.18,12.93,1.87,13.3,22.17,939,1.24,756,12314.07,4.8,69.99,10.57
1,2016-06-08,2,Wednesday,0,3,5.53,12.56,1.56,11.12,27.72,250,1.2,209,3236.05,5.3,68.34,9.28
1,2016-06-08,4,Wednesday,0,3,6.59,14.25,1.39,11.7,31.06,156,1.28,122,2099.62,4.8,63.35,11.03
2,2016-06-08,5,Wednesday,0,3,6.87,14.34,1.83,10.98,33.21,341,1.86,183,3329.71,3.8,70.01,14.2
2,2016-06-08,6,Wednesday,0,3,4.81,11.46,1.6,10.52,25.38,920,1.83,502,7139.26,3.8,70.01,11.71
2,2016-06-08,7,Wednesday,0,3,4.04,11.3,1.71,12.74,18.15,1887,1.98,954,13372.65,3.8,70.01,9.85
2,2016-06-08,8,Wednesday,0,3,3.89,12.25,1.8,15.3,14.46,2239,1.96,1141,17178.59,3.8,68.21,10.15
1,2016-06-08,9,Wednesday,0,3,3.57,11.99,1.8,15.29,13.25,1028,1.11,922,13668.07,3.8,66.34,10.07
2,2016-06-08,11,Wednesday,0,3,3.86,12.95,1.75,16.69,13.35,2050,2.03,1010,15925.92,3.8,70.01,10.75
2,2016-06-08,18,Wednesday,0,3,3.65,12.9,1.85,17.31,13.18,2075,2.0,1039,17417.24,4.8,62.84,10.04
2,2016-06-08,20,Wednesday,0,3,4.49,11.7,1.91,12.3,20.1,2225,1.98,1126,17124.82,4.3,70.01,10.92
1,2016-06-08,21,Wednesday,0,3,4.88,12.83,1.93,13.69,19.9,1369,1.25,1099,17898.69,4.8,69.99,11.16
1,2016-06-09,2,Thursday,0,4,5.23,12.18,1.55,11.22,26.72,285,1.31,218,3299.08,4.8,53.16,8.48
2,2016-06-09,5,Thursday,0,4,7.01,14.79,2.0,11.49,32.08,407,2.08,196,3640.68,4.3,70.01,16.2
2,2016-06-09,6,Thursday,0,4,4.97,11.73,1.69,10.81,25.22,1010,1.96,516,7520.19,4.3,70.01,12.06
2,2016-06-09,7,Thursday,0,4,3.9,10.88,1.6,12.05,18.45,1846,1.91,964,13011.75,4.3,70.01,9.11
2,2016-06-09,8,Thursday,0,4,3.9,12.13,1.82,15.05,14.95,2151,2.04,1056,15826.33,3.8,70.01,10.46
1,2016-06-09,9,Thursday,0,4,3.51,11.78,1.69,14.76,13.27,993,1.09,911,13171.84,3.8,71.19,10.26
2,2016-06-09,11,Thursday,0,4,3.91,12.98,1.79,16.86,13.15,1916,1.99,963,15314.79,4.3,70.01,11.02
2,2016-06-09,18,Thursday,0,4,3.48,12.34,1.85,16.49,13.13,2376,2.01,1184,19108.5,4.8,65.81,9.58
2,2016-06-09,20,Thursday,0,4,4.58,12.23,1.85,13.44,18.91,2204,1.96,1126,17610.17,4.3,70.01,10.86
1,2016-06-09,21,Thursday,0,4,4.52,12.38,1.87,13.99,18.29,1539,1.26,1226,19244.78,4.3,65.34,9.84
2,2016-06-10,0,Friday,0,5,5.27,13.67,2.07,14.99,21.25,1870,2.0,934,16117.59,4.3,70.01,11.16
1,2016-06-10,1,Friday,0,5,4.81,12.06,1.54,12.12,23.3,593,1.34,443,6659.51,4.8,55.35,9.29
1,2016-06-10,3,Friday,0,5,5.71,12.91,1.57,11.38,27.46,311,1.26,246,3907.04,4.8,60.4,10.75
1,2016-06-10,10,Friday,0,5,3.94,12.65,1.61,15.93,13.59,926,1.18,784,12039.43,3.3,69.99,10.76
2,2016-06-10,12,Friday,0,5,4.15,12.83,1.72,15.79,14.13,1842,2.03,907,14236.07,3.8,70.01,11.8
1,2016-06-10,13,Friday,0,5,3.84,12.07,1.64,14.75,14.18,1050,1.24,847,12520.06,3.8,70.0,10.79
1,2016-06-10,14,Friday,0,5,3.74,12.2,1.51,15.58,13.51,1102,1.25,884,13052.56,3.8,69.99,10.36
1,2016-06-10,15,Friday,0,5,3.74,12.78,1.65,16.88,12.86,970,1.24,780,12111.46,3.8,70.0,10.52
1,2016-06-10,16,Friday,0,5,3.32,11.8,1.47,15.72,13.01,771,1.24,622,9442.29,4.8,64.55,9.37
2,2016-06-10,17,Friday,0,5,3.67,12.19,1.7,15.92,14.12,1783,1.91,932,14783.21,4.8,66.36,9.53
2,2016-06-10,19,Friday,0,5,3.71,11.08,1.65,12.91,16.88,2484,2.0,1239,18253.78,4.8,59.81,8.63
2,2016-06-10,22,Friday,0,5,4.67,12.51,1.78,14.05,18.89,2495,1.96,1273,20018.93,4.8,67.44,9.65
2,2016-06-10,23,Friday,0,5,4.7,12.59,1.61,14.17,18.98,2470,2.02,1223,19125.78,4.3,70.01,9.27
1,2016-06-11,2,Saturday,1,6,5.22,12.53,1.66,12.25,23.48,918,1.33,690,10740.16,4.3,70.0,9.41
1,2016-06-11,4,Saturday,1,6,6.24,13.9,1.48,12.43,27.63,480,1.34,357,6017.99,4.3,62.84,10.4
2,2016-06-11,5,Saturday,1,6,6.81,14.81,1.36,12.44,30.03,379,2.04,186,3325.13,4.3,70.01,13.26
2,2016-06-11,6,Saturday,1,6,6.82,14.57,1.74,11.31,30.54,444,2.13,208,3682.29,3.8,70.01,16.58
2,2016-06-11,7,Saturday,1,6,5.27,12.33,1.47,10.92,26.35,745,1.92,388,5749.28,3.8,70.01,12.04
2,2016-06-11,8,Saturday,1,6,4.62,11.37,1.55,10.56,23.94,1030,1.94,530,7443.09,4.3,70.01,11.06
1,2016-06-11,9,Saturday,1,6,4.11,10.95,1.36,10.82,20.74,743,1.22,608,8118.74,3.8,64.34,9.75
2,2016-06-11,11,Saturday,1,6,3.93,11.2,1.36,12.42,17.98,2015,2.03,991,13417.48,3.8,70.01,9.1
2,2016-06-11,18,Saturday,1,6,3.68,11.57,1.4,13.89,16.39,2314,1.97,1173,16269.49,3.8,70.01,8.93
2,2016-06-11,20,Saturday,1,6,4.03,11.04,1.46,11.87,19.59,1752,2.0,875,12191.62,4.8,70.01,9.22
1,2016-06-11,21,Saturday,1,6,4.0,11.14,1.5,12.31,18.54,1320,1.41,934,13108.25,3.8,69.99,8.4
2,2016-06-12,0,Sunday,1,7,4.71,12.27,1.6,13.32,20.31,2245,2.09,1076,16406.05,4.3,69.34,8.6
1,2016-06-12,1,Sunday,1,7,4.6,11.74,1.57,12.1,21.19,1117,1.39,803,11758.45,4.3,58.34,8.08
1,2016-06-12,3,Sunday,1,7,5.11,12.16,1.53,11.55,25.1,831,1.41,591,8893.06,4.3,69.99,8.28
1,2016-06-12,10,Sunday,1,7,4.49,11.48,1.49,11.17,21.54,770,1.33,580,8172.86,4.3,70.0,11.01
2,2016-06-12,12,Sunday,1,7,4.64,12.42,1.59,13.26,19.3,1890,2.11,897,13530.19,3.8,70.01,11.79
1,2016-06-12,13,Sunday,1,7,4.26,12.16,1.51,13.79,17.53,1003,1.4,718,10590.62,3.8,69.99,10.86
1,2016-06-12,14,Sunday,1,7,4.43,12.56,1.61,13.86,17.63,1002,1.35,743,11355.51,3.8,69.99,12.42
1,2016-06-12,15,Sunday,1,7,4.64,12.83,1.57,14.62,17.86,1016,1.42,716,11107.11,3.3,69.99,11.71
1,2016-06-12,16,Sunday,1,7,4.83,13.09,1.58,14.79,18.07,944,1.36,692,10971.61,3.8,69.99,11.81
2,2016-06-12,17,Sunday,1,7,5.13,13.67,1.62,15.31,18.86,1876,2.12,886,14581.68,3.8,70.01,12.57
2,2016-06-12,19,Sunday,1,7,4.59,11.91,1.59,12.48,20.28,1811,2.06,878,12804.48,3.8,70.01,10.92
2,2016-06-12,22,Sunday,1,7,6.13,13.93,1.86,12.75,25.48,1423,1.93,738,12959.21,4.8,70.01,13.87
2,2016-06-12,23,Sunday,1,7,6.58,14.61,1.99,13.07,27.08,1290,1.99,649,11873.79,4.3,70.01,13.18
2,2016-06-13,0,Monday,0,1,6.09,13.77,1.71,11.6,28.35,757,2.01,377,6449.49,4.8,70.01,13.21
1,2016-06-13,1,Monday,0,1,5.96,13.46,1.76,11.46,27.86,266,1.23,216,3585.41,4.3,69.99,11.85
1,2016-06-13,3,Monday,0,1,5.42,12.41,1.11,10.73,28.6,133,1.19,112,1658.83,4.8,38.15,7.69
1,2016-06-13,10,Monday,0,1,4.34,12.6,1.68,14.49,15.89,858,1.23,698,10780.45,3.8,70.34,12.09
2,2016-06-13,12,Monday,0,1,4.35,12.5,1.59,14.34,16.43,1732,2.11,819,12484.22,3.8,70.01,11.29
1,2016-06-13,13,Monday,0,1,4.39,12.41,1.57,13.7,16.59,911,1.22,745,11293.31,3.8,70.0,12.43
1,2016-06-13,14,Monday,0,1,4.1,12.03,1.48,14.12,15.77,1002,1.25,804,11765.69,3.8,70.0,11.25
1,2016-06-13,15,Monday,0,1,3.94,11.78,1.48,13.96,15.42,1038,1.27,815,11805.91,3.8,69.99,11.51
1,2016-06-13,16,Monday,0,1,3.63,11.5,1.58,14.1,15.1,907,1.25,723,10882.8,4.8,60.84,9.42
2,2016-06-13,17,Monday,0,1,3.93,11.92,1.75,14.39,16.06,1898,1.95,971,15263.91,4.8,62.81,10.1
2,2016-06-13,19,Monday,0,1,3.81,10.6,1.61,11.37,19.32,2224,1.99,1117,15773.75,4.8,58.61,7.89
2,2016-06-13,22,Monday,0,1,5.58,13.08,2.02,12.57,24.31,1891,1.96,964,16028.0,4.8,70.01,11.09
2,2016-06-13,23,Monday,0,1,5.74,13.17,1.93,12.19,25.45,1534,2.02,758,12641.32,4.8,70.01,11.63
1,2016-06-14,2,Tuesday,0,2,5.14,11.77,1.4,10.27,27.51,192,1.22,158,2292.32,4.8,57.8,8.8
1,2016-06-14,4,Tuesday,0,2,6.36,13.78,1.58,10.94,31.57,123,1.14,108,1842.44,4.3,58.34,12.31
2,2016-06-14,5,Tuesday,0,2,6.95,14.95,2.21,11.34,32.56,430,2.14,201,3842.57,4.3,70.01,15.9
2,2016-06-14,6,Tuesday,0,2,4.96,11.79,1.57,10.92,25.18,1065,1.95,546,7912.5,3.8,71.96,12.41
2,2016-06-14,7,Tuesday,0,2,4.03,11.05,1.76,12.05,19.04,1665,1.99,835,11549.02,3.3,69.41,9.72
2,2016-06-14,8,Tuesday,0,2,3.74,11.78,1.67,14.65,14.68,2146,2.03,1059,15292.63,3.8,70.01,9.73
1,2016-06-14,9,Tuesday,0,2,3.72,12.08,1.68,15.15,14.02,937,1.14,825,12181.52,3.8,69.99,9.75
2,2016-06-14,11,Tuesday,0,2,4.25,13.31,1.84,16.83,13.89,1845,2.0,924,15013.35,3.3,70.01,11.41
2,2016-06-14,18,Tuesday,0,2,3.67,11.8,1.73,14.93,14.41,2444,2.02,1212,18796.87,4.8,64.61,9.04
2,2016-06-14,20,Tuesday,0,2,4.51,11.55,1.71,11.88,20.8,2184,1.99,1099,16227.76,4.3,70.01,10.04
1,2016-06-14,21,Tuesday,0,2,4.66,12.16,1.88,12.95,20.22,1301,1.24,1045,16202.61,4.3,68.34,9.86
2,2016-06-15,0,Wednesday,0,3,5.82,13.61,1.93,12.99,25.05,1165,2.01,579,9858.66,4.3,70.01,11.61
1,2016-06-15,1,Wednesday,0,3,5.44,12.66,1.62,11.8,26.14,349,1.26,276,4319.79,4.3,52.8,9.51
1,2016-06-15,3,Wednesday,0,3,6.36,14.22,1.81,11.61,29.1,146,1.19,123,2156.67,4.8,69.99,13.24
1,2016-06-15,10,Wednesday,0,3,3.64,12.19,1.73,15.73,13.14,942,1.18,801,11972.86,4.3,69.99,10.21
2,2016-06-15,12,Wednesday,0,3,4.06,13.48,1.84,17.49,13.15,2034,2.15,946,15520.16,3.8,70.61,11.38
1,2016-06-15,13,Wednesday,0,3,3.54,12.55,1.63,16.39,12.53,1033,1.26,821,12471.18,3.8,69.99,9.84
1,2016-06-15,14,Wednesday,0,3,3.72,12.72,1.72,16.77,12.58,1142,1.24,918,14212.97,3.8,70.0,10.66
1,2016-06-15,15,Wednesday,0,3,3.78,12.77,1.68,16.89,12.75,983,1.28,767,11935.02,3.8,69.99,10.47
1,2016-06-15,16,Wednesday,0,3,3.67,12.62,1.76,16.74,13.1,881,1.26,699,11473.43,4.8,60.99,10.49
2,2016-06-15,17,Wednesday,0,3,3.76,12.71,1.75,16.81,13.3,1922,1.96,983,16172.54,4.8,60.96,10.03
2,2016-06-15,19,Wednesday,0,3,3.93,11.51,1.79,13.51,16.47,2465,1.97,1249,19123.55,5.3,60.96,9.32
2,2016-06-15,22,Wednesday,0,3,5.05,12.91,1.98,13.93,20.64,2558,1.98,1294,21153.44,4.3,70.01,10.77
2,2016-06-15,23,Wednesday,0,3,5.25,13.2,1.93,13.82,21.67,2107,1.98,1065,17758.49,4.3,70.01,11.0
1,2016-06-16,0,Thursday,0,4,5.33,13.0,1.95,13.15,23.1,711,1.27,559,9177.69,4.8,69.99,10.35
2,2016-06-16,2,Thursday,0,4,4.91,11.45,1.58,10.25,27.12,465,2.12,219,3160.79,4.3,63.36,9.47
2,2016-06-16,4,Thursday,0,4,7.02,14.87,1.78,12.54,30.18,250,2.25,111,2045.03,4.3,70.01,12.67
2,2016-06-16,9,Thursday,0,4,3.6,11.6,1.73,14.42,14.45,2046,1.95,1048,15054.49,3.8,70.01,10.02
1,2016-06-16,12,Thursday,0,4,3.74,12.53,1.66,15.81,13.2,1018,1.22,835,12715.0,3.8,69.99,10.74
1,2016-06-16,17,Thursday,0,4,3.44,12.42,1.72,16.51,13.13,992,1.26,786,12644.93,4.3,62.21,9.59
1,2016-06-16,19,Thursday,0,4,3.6,11.13,1.64,13.23,15.51,1324,1.22,1089,16026.13,4.8,57.99,8.94
2,2016-06-16,21,Thursday,0,4,4.66,12.28,1.94,13.36,19.9,2653,2.06,1287,20231.98,4.3,70.01,10.58
1,2016-06-16,22,Thursday,0,4,4.98,13.1,2.06,14.31,19.69,1421,1.28,1114,18549.26,4.3,69.99,10.56
1,2016-06-16,23,Thursday,0,4,5.13,13.12,1.98,14.0,21.04,1337,1.28,1044,17354.74,4.3,69.99,10.5
2,2016-06-17,0,Friday,0,5,5.26,13.04,1.95,13.39,22.54,1846,2.02,913,15036.22,4.3,70.01,10.85
1,2016-06-17,1,Friday,0,5,5.49,13.08,1.84,12.71,24.56,646,1.24,519,8498.92,4.3,70.0,10.37
1,2016-06-17,3,Friday,0,5,5.13,12.11,1.25,11.11,25.76,337,1.3,260,3835.55,4.8,54.34,8.46
1,2016-06-17,10,Friday,0,5,3.89,12.64,1.74,15.77,13.56,802,1.17,688,10616.84,3.8,69.99,11.1
2,2016-06-17,12,Friday,0,5,4.27,13.02,1.68,16.12,14.53,1841,2.05,898,14242.09,3.8,70.01,11.84
1,2016-06-17,13,Friday,0,5,3.99,12.46,1.58,15.36,14.65,1110,1.24,894,13450.22,3.8,70.34,11.21
1,2016-06-17,14,Friday,0,5,4.11,13.01,1.64,16.62,13.97,1117,1.32,849,13408.01,3.8,69.99,11.48
1,2016-06-17,15,Friday,0,5,3.57,12.16,1.55,15.82,13.23,916,1.29,710,10483.93,4.3,66.99,10.3
1,2016-06-17,16,Friday,0,5,3.68,12.49,1.79,16.61,13.94,768,1.31,585,9516.71,4.8,58.34,10.18
2,2016-06-17,17,Friday,0,5,3.86,12.59,1.74,16.37,14.58,1739,1.95,892,14575.55,4.8,58.5,10.09
2,2016-06-17,19,Friday,0,5,3.93,11.54,1.58,13.55,16.66,2457,2.02,1215,18335.49,4.3,59.8,9.09
2,2016-06-17,22,Friday,0,5,4.72,12.94,1.79,14.79,18.33,2534,2.01,1262,20418.32,4.3,70.01,10.07
2,2016-06-17,23,Friday,0,5,4.98,13.54,1.84,15.46,18.69,2511,2.13,1180,19875.17,4.3,70.01,10.74
1,2016-06-18,2,Saturday,1,6,4.64,11.55,1.6,11.45,22.95,964,1.35,715,10381.6,4.3,58.34,8.09
1,2016-06-18,4,Saturday,1,6,5.93,13.73,1.42,12.06,27.05,451,1.3,347,5771.04,4.3,63.34,11.25
2,2016-06-18,5,Saturday,1,6,6.82,14.76,1.65,11.85,31.63,344,2.02,170,3043.97,4.8,63.36,12.43
2,2016-06-18,6,Saturday,1,6,7.12,15.07,1.8,12.08,30.89,451,2.1,215,3888.06,4.3,70.01,15.62
2,2016-06-18,7,Saturday,1,6,5.52,12.59,1.55,11.07,27.41,711,1.93,368,5613.94,4.3,70.01,12.01
2,2016-06-18,8,Saturday,1,6,4.49,11.17,1.45,10.62,23.32,1071,2.06,520,7119.97,4.3,70.01,10.54
1,2016-06-18,9,Saturday,1,6,4.26,11.18,1.37,11.2,20.94,717,1.25,573,7795.26,3.8,65.84,9.89
2,2016-06-18,11,Saturday,1,6,4.14,11.76,1.38,13.27,17.89,1849,1.98,934,13228.65,3.8,70.01,9.84
2,2016-06-18,18,Saturday,1,6,3.89,11.68,1.37,13.75,16.7,2014,1.99,1010,14117.21,3.8,70.01,9.15
2,2016-06-18,20,Saturday,1,6,4.25,11.36,1.32,12.18,19.85,1652,1.93,856,12084.4,4.3,70.01,9.02
1,2016-06-18,21,Saturday,1,6,4.17,11.39,1.41,12.4,19.0,1262,1.43,880,12511.18,4.3,69.99,8.68
1,2016-06-19,0,Sunday,1,7,4.63,12.2,1.64,13.33,19.83,1320,1.45,909,13805.71,4.3,65.75,8.7
2,2016-06-19,2,Sunday,1,7,4.98,11.92,1.66,11.64,24.33,1406,2.0,704,10537.23,4.3,59.21,8.3
2,2016-06-19,4,Sunday,1,7,6.32,13.91,1.46,12.22,28.76,806,2.17,371,6250.57,4.3,63.36,11.0
2,2016-06-19,9,Sunday,1,7,4.88,11.49,1.42,10.04,26.46,1065,1.93,552,7725.06,3.8,70.01,10.25
1,2016-06-19,12,Sunday,1,7,4.14,11.01,1.38,11.32,20.22,1016,1.35,755,10105.31,3.8,69.99,9.55
1,2016-06-19,17,Sunday,1,7,4.47,11.74,1.63,12.39,19.71,1008,1.35,745,10844.56,3.8,70.0,11.95
1,2016-06-19,19,Sunday,1,7,4.78,12.17,1.69,12.49,21.02,1065,1.37,780,11748.71,3.8,70.59,11.23
2,2016-06-19,21,Sunday,1,7,5.0,11.96,1.61,11.56,23.78,1656,1.97,841,12703.97,4.3,70.01,11.34
1,2016-06-19,22,Sunday,1,7,5.4,12.65,1.76,12.07,24.46,905,1.3,695,11065.06,4.3,69.99,11.06
1,2016-06-19,23,Sunday,1,7,5.83,13.32,1.79,12.39,25.82,719,1.21,595,9916.8,3.8,69.99,11.86
1,2016-06-20,2,Monday,0,1,5.8,12.89,1.44,10.95,28.99,165,1.27,130,2040.92,4.8,69.99,11.65
1,2016-06-20,4,Monday,0,1,8.2,17.05,2.12,12.91,33.7,140,1.26,111,2352.18,4.3,70.01,16.41
2,2016-06-20,5,Monday,0,1,7.38,15.41,2.23,11.22,33.86,376,1.85,203,3996.58,4.8,70.01,16.35
2,2016-06-20,6,Monday,0,1,4.84,11.27,1.47,9.84,26.87,1059,2.04,518,7229.58,3.8,70.01,11.75
2,2016-06-20,7,Monday,0,1,4.48,11.54,1.7,11.87,21.55,1531,2.01,762,10959.47,3.8,70.61,10.97
2,2016-06-20,8,Monday,0,1,4.12,11.77,1.76,13.64,16.82,1921,2.01,958,14051.74,3.8,70.01,11.05
1,2016-06-20,9,Monday,0,1,3.8,11.62,1.59,13.85,15.34,957,1.14,842,11978.84,3.8,63.84,10.27
2,2016-06-20,11,Monday,0,1,4.5,12.97,1.74,15.23,15.82,1564,2.03,770,12323.34,3.8,70.01,12.82
2,2016-06-20,18,Monday,0,1,3.75,11.2,1.64,13.26,16.48,2242,1.97,1140,16885.62,4.8,66.96,8.95
2,2016-06-20,20,Monday,0,1,4.57,11.31,1.75,10.94,22.54,2059,2.0,1030,15030.59,4.3,70.01,10.58
1,2016-06-20,21,Monday,0,1,4.62,11.66,1.8,11.69,21.67,1081,1.29,838,12531.69,4.8,70.34,10.14
2,2016-06-21,3,Tuesday,0,2,6.08,13.29,1.3,11.34,29.44,178,1.98,90,1446.23,4.3,48.34,10.45
1,2016-06-21,5,Tuesday,0,2,5.01,11.58,1.57,9.25,28.39,204,1.15,178,2636.37,4.8,69.99,12.97
1,2016-06-21,6,Tuesday,0,2,4.05,10.13,1.34,9.19,24.01,488,1.08,450,5601.42,3.8,69.99,9.46
1,2016-06-21,7,Tuesday,0,2,3.75,10.59,1.6,11.46,18.67,834,1.09,767,10129.18,4.3,69.99,8.79
1,2016-06-21,8,Tuesday,0,2,3.64,11.42,1.65,13.7,15.39,987,1.13,874,12248.06,3.8,69.99,9.11
2,2016-06-21,10,Tuesday,0,2,3.71,11.99,1.55,15.24,13.99,1788,2.0,895,13017.73,4.3,64.01,9.42
1,2016-06-21,11,Tuesday,0,2,3.85,12.66,1.66,16.18,13.33,936,1.23,763,11713.35,3.8,69.99,10.45
2,2016-06-21,13,Tuesday,0,2,4.45,13.31,1.74,16.14,14.84,1766,2.04,866,14073.7,3.8,70.01,12.69
2,2016-06-21,14,Tuesday,0,2,3.8,12.03,1.53,14.88,14.37,1925,2.05,941,13767.67,3.8,70.01,10.67
2,2016-06-21,15,Tuesday,0,2,3.54,11.57,1.47,14.55,14.08,1830,2.07,885,12396.53,3.8,69.41,9.64
2,2016-06-21,16,Tuesday,0,2,3.93,12.28,1.72,15.45,14.96,1541,2.05,753,12126.64,4.8,63.36,10.91
1,2016-06-21,18,Tuesday,0,2,3.5,11.09,1.67,13.42,15.26,1329,1.25,1066,15650.58,5.3,66.34,8.18
1,2016-06-21,20,Tuesday,0,2,4.08,10.74,1.68,10.92,20.82,1092,1.22,892,12407.8,4.3,69.99,8.83
1,2016-06-22,0,Wednesday,0,3,5.56,13.2,1.99,12.77,24.18,612,1.23,497,8307.98,3.8,69.99,11.31
2,2016-06-22,2,Wednesday,0,3,5.41,12.29,1.47,10.7,28.33,366,2.03,180,2709.16,4.8,50.3,8.49
2,2016-06-22,4,Wednesday,0,3,7.0,14.79,1.92,11.32,33.2,269,2.07,130,2411.68,4.3,70.01,14.69
2,2016-06-22,9,Wednesday,0,3,3.75,12.05,1.71,14.99,14.49,2066,2.02,1021,15107.87,4.3,70.01,10.12
1,2016-06-22,12,Wednesday,0,3,3.91,12.7,1.63,15.93,13.53,1081,1.23,881,13565.18,3.3,69.99,10.99
1,2016-06-22,17,Wednesday,0,3,3.22,11.89,1.67,16.12,13.11,930,1.27,734,11343.86,4.8,57.89,8.71
1,2016-06-22,19,Wednesday,0,3,3.62,11.54,1.71,14.33,15.1,1242,1.24,998,15153.76,4.8,54.99,8.7
2,2016-06-22,21,Wednesday,0,3,4.56,12.02,1.86,13.31,19.7,2400,1.94,1238,18993.49,4.3,70.01,9.35
1,2016-06-22,22,Wednesday,0,3,4.85,12.62,1.93,13.68,20.04,1251,1.26,994,15926.99,4.8,69.99,9.93
1,2016-06-22,23,Wednesday,0,3,5.01,12.58,1.9,13.13,21.39,1020,1.25,813,12949.83,4.3,69.99,9.73
1,2016-06-23,2,Thursday,0,4,5.32,12.32,1.57,11.24,26.21,260,1.24,210,3193.96,4.3,57.85,9.41
1,2016-06-23,4,Thursday,0,4,6.33,13.84,1.62,11.68,29.83,146,1.19,123,2120.62,4.3,69.99,11.49
2,2016-06-23,5,Thursday,0,4,6.57,14.12,2.15,10.2,32.35,361,1.87,193,3554.69,4.8,70.01,16.86
2,2016-06-23,6,Thursday,0,4,4.9,11.49,1.59,10.36,25.39,979,2.06,475,6780.7,3.8,70.01,12.06
2,2016-06-23,7,Thursday,0,4,3.85,10.68,1.58,11.58,19.18,1702,1.97,865,11508.87,4.3,71.96,9.53
2,2016-06-23,8,Thursday,0,4,3.85,11.81,1.7,14.26,15.68,2091,1.95,1074,15619.65,3.8,71.21,9.76
1,2016-06-23,9,Thursday,0,4,3.69,11.93,1.7,14.86,14.15,1011,1.16,873,12746.63,3.8,69.99,9.43
2,2016-06-23,11,Thursday,0,4,4.04,12.68,1.74,15.84,14.06,1870,2.0,936,14481.99,4.3,70.01,11.03
2,2016-06-23,18,Thursday,0,4,3.82,12.08,1.89,15.12,14.88,2577,1.99,1292,20648.31,4.8,66.41,9.3
2,2016-06-23,20,Thursday,0,4,4.54,11.82,1.81,12.6,19.97,2033,1.91,1067,16168.28,4.3,70.01,10.59
1,2016-06-23,21,Thursday,0,4,4.72,12.65,1.84,14.17,18.74,1468,1.29,1139,18195.32,4.8,69.99,10.18
1,2016-06-24,2,Friday,0,5,5.08,11.97,1.68,10.99,25.67,435,1.28,339,5104.14,4.3,66.34,9.5
1,2016-06-24,4,Friday,0,5,5.72,12.72,1.54,10.38,29.33,277,1.19,233,3717.42,4.3,69.99,11.41
2,2016-06-24,5,Friday,0,5,6.1,13.37,1.67,10.5,30.63,486,1.94,250,4200.5,4.8,70.01,14.87
2,2016-06-24,6,Friday,0,5,5.24,12.14,1.71,10.71,26.1,976,1.99,491,7419.36,4.3,70.01,13.22
2,2016-06-24,7,Friday,0,5,4.29,11.26,1.65,11.78,20.41,1444,2.02,715,10001.91,3.8,70.01,10.16
2,2016-06-24,8,Friday,0,5,3.68,11.34,1.65,13.53,15.7,1936,2.0,966,13516.25,3.8,70.01,9.07
1,2016-06-24,9,Friday,0,5,3.5,11.57,1.62,14.41,14.06,941,1.16,814,11516.54,3.8,69.99,9.17
2,2016-06-24,11,Friday,0,5,4.23,13.03,1.7,16.03,14.54,1765,2.0,882,13975.26,3.8,70.01,11.39
2,2016-06-24,18,Friday,0,5,3.91,12.24,1.71,15.39,15.27,2418,2.08,1162,18539.18,4.8,65.81,9.92
2,2016-06-24,20,Friday,0,5,4.57,12.18,1.73,13.36,19.08,1935,1.93,1001,15486.18,4.3,70.01,10.72
1,2016-06-24,21,Friday,0,5,4.42,12.13,1.69,13.47,18.45,1379,1.4,988,15103.97,4.3,69.99,9.63
2,2016-06-25,1,Saturday,1,6,4.85,12.29,1.73,13.05,21.36,1879,1.95,966,14898.71,4.3,63.36,8.9
2,2016-06-25,3,Saturday,1,6,5.85,13.21,1.81,12.2,26.77,1063,1.96,542,8901.3,4.3,70.01,9.53
1,2016-06-25,5,Saturday,1,6,6.71,14.47,1.43,11.77,30.83,212,1.18,179,3107.08,4.8,69.99,12.88
1,2016-06-25,6,Saturday,1,6,5.7,12.72,1.38,10.37,29.17,247,1.15,215,3286.43,4.8,69.99,12.75
1,2016-06-25,7,Saturday,1,6,4.6,11.05,1.39,9.63,26.53,361,1.17,309,4130.27,4.3,70.0,9.92
1,2016-06-25,8,Saturday,1,6,4.34,11.19,1.42,10.8,22.62,573,1.22,470,6396.75,4.3,69.99,9.18
2,2016-06-25,10,Saturday,1,6,4.24,11.5,1.28,12.34,19.43,1851,2.08,888,12253.0,3.8,58.34,9.54
1,2016-06-25,11,Saturday,1,6,4.31,11.98,1.45,13.19,18.54,995,1.34,741,10742.54,3.8,69.34,9.64
2,2016-06-25,13,Saturday,1,6,4.32,12.12,1.46,13.79,17.83,2117,2.09,1011,14776.65,3.8,70.01,10.16
2,2016-06-25,14,Saturday,1,6,4.24,12.16,1.48,13.87,17.42,1903,2.02,942,13828.18,3.8,70.01,10.71
2,2016-06-25,15,Saturday,1,6,4.59,12.75,1.46,14.71,17.73,1814,2.0,906,13853.53,3.8,70.01,11.36
2,2016-06-25,16,Saturday,1,6,4.34,12.07,1.31,13.84,17.88,1700,2.01,847,12224.77,3.8,70.01,10.66
1,2016-06-25,18,Saturday,1,6,4.16,12.28,1.52,14.64,16.36,1411,1.45,975,14422.64,3.8,69.99,10.01
1,2016-06-25,20,Saturday,1,6,4.08,11.14,1.4,12.11,18.86,1212,1.4,863,12043.22,3.8,70.59,9.33
1,2016-06-26,0,Sunday,1,7,5.04,13.34,1.7,15.11,19.09,1491,1.47,1017,16728.68,4.3,63.35,9.48
2,2016-06-26,2,Sunday,1,7,5.17,12.4,1.64,12.28,24.11,1560,1.95,798,12304.82,4.8,70.01,8.45
2,2016-06-26,4,Sunday,1,7,6.48,14.36,1.6,12.73,28.5,807,2.1,384,6711.28,4.3,70.01,11.21
2,2016-06-26,9,Sunday,1,7,4.25,10.96,1.32,10.43,22.86,1219,1.93,631,8442.3,3.8,70.01,10.52
1,2016-06-26,12,Sunday,1,7,4.26,11.85,1.48,12.82,18.74,973,1.35,720,10377.5,3.8,69.99,10.75
1,2016-06-26,17,Sunday,1,7,4.55,13.59,1.8,16.03,17.61,844,1.41,600,9912.93,3.8,69.99,12.16
1,2016-06-26,19,Sunday,1,7,5.08,13.68,1.75,15.03,19.69,906,1.38,656,10883.84,4.3,69.99,12.59
2,2016-06-26,21,Sunday,1,7,5.46,13.16,1.84,13.28,23.0,1492,1.93,772,12797.35,4.3,70.01,11.84
1,2016-06-26,22,Sunday,1,7,5.48,13.2,1.92,13.27,23.04,925,1.31,705,11744.82,4.8,69.99,11.67
1,2016-06-26,23,Sunday,1,7,5.87,13.76,1.89,13.41,24.23,794,1.3,613,10582.47,4.3,70.34,11.88
1,2016-06-27,2,Monday,0,1,6.07,13.66,1.44,12.32,27.26,300,1.36,220,3617.23,4.8,52.34,10.9
1,2016-06-27,4,Monday,0,1,8.58,17.5,2.1,13.57,33.78,204,1.23,166,3582.88,4.8,69.99,14.41
2,2016-06-27,5,Monday,0,1,7.55,15.77,1.91,11.79,32.96,434,2.09,208,4091.1,4.8,70.01,17.72
2,2016-06-27,6,Monday,0,1,5.64,12.95,1.7,11.43,26.83,990,2.05,484,7721.61,3.8,70.01,13.97
2,2016-06-27,7,Monday,0,1,4.52,11.62,1.67,12.07,21.16,1677,2.06,813,11703.97,4.3,70.01,11.03
2,2016-06-27,8,Monday,0,1,4.33,12.24,1.77,14.03,17.27,1732,1.96,883,13342.05,3.8,70.61,10.97
1,2016-06-27,9,Monday,0,1,4.01,12.29,1.7,14.75,15.3,1024,1.18,871,13118.44,3.8,69.99,10.48
2,2016-06-27,11,Monday,0,1,4.58,13.27,1.71,15.79,15.82,1774,2.07,857,13838.17,3.8,70.01,12.13
2,2016-06-27,18,Monday,0,1,3.85,11.18,1.65,13.03,17.01,2345,1.94,1209,17886.32,4.8,65.81,8.65
2,2016-06-27,20,Monday,0,1,4.45,11.23,1.74,11.37,21.46,2148,2.03,1060,15360.84,4.3,70.01,10.1
1,2016-06-27,21,Monday,0,1,4.31,11.32,1.68,12.05,19.56,1387,1.31,1057,15248.23,4.3,69.99,9.69
1,2016-06-28,2,Tuesday,0,2,4.81,11.27,1.5,10.05,26.56,139,1.21,115,1624.23,5.3,38.8,7.61
1,2016-06-28,4,Tuesday,0,2,6.23,13.44,1.76,10.57,30.78,130,1.19,109,1842.45,4.3,63.35,12.24
2,2016-06-28,5,Tuesday,0,2,5.61,12.39,1.92,9.93,30.44,370,2.27,163,2618.74,4.3,70.01,13.2
2,2016-06-28,6,Tuesday,0,2,4.74,11.32,1.47,10.28,25.26,921,1.86,495,6880.37,4.3,70.01,11.23
2,2016-06-28,7,Tuesday,0,2,3.87,10.75,1.57,11.66,18.76,1487,1.91,779,10389.07,4.3,61.01,8.97
2,2016-06-28,8,Tuesday,0,2,3.83,11.82,1.69,14.38,15.53,1932,2.0,966,14050.38,3.8,70.01,9.52
1,2016-06-28,9,Tuesday,0,2,3.42,11.71,1.61,14.77,13.55,975,1.14,854,12200.2,3.8,69.99,9.28
2,2016-06-28,11,Tuesday,0,2,4.2,13.04,1.74,16.31,14.18,1758,2.0,881,14027.45,3.8,70.01,11.46
2,2016-06-28,18,Tuesday,0,2,3.66,11.41,1.75,13.88,15.78,2226,1.93,1151,17463.31,4.8,70.01,8.91
2,2016-06-28,20,Tuesday,0,2,4.16,10.81,1.62,11.2,20.8,1996,1.86,1076,14964.06,4.3,70.01,9.03
1,2016-06-28,21,Tuesday,0,2,4.49,11.69,1.8,12.29,20.5,1309,1.27,1032,15418.35,4.3,71.79,9.92
2,2016-06-29,1,Wednesday,0,3,6.1,13.88,1.76,12.38,27.46,669,1.94,344,5890.82,4.8,68.84,11.42
1,2016-06-29,5,Wednesday,0,3,5.62,12.5,1.49,9.29,29.66,240,1.13,213,3349.73,4.8,69.99,14.76
1,2016-06-29,6,Wednesday,0,3,4.66,11.05,1.75,9.6,25.51,484,1.1,442,6225.9,4.3,70.01,12.49
1,2016-06-29,7,Wednesday,0,3,4.01,11.02,1.56,11.73,18.98,788,1.08,728,9926.87,3.8,69.99,9.91
1,2016-06-29,8,Wednesday,0,3,3.83,12.0,1.84,14.53,15.27,963,1.13,856,12680.82,4.3,69.99,9.45
2,2016-06-29,10,Wednesday,0,3,3.78,12.25,1.68,15.4,14.22,1744,1.94,899,13443.09,3.8,70.01,10.03
1,2016-06-29,11,Wednesday,0,3,3.95,12.65,1.64,15.86,13.7,926,1.2,773,11850.67,3.8,65.34,10.49
2,2016-06-29,13,Wednesday,0,3,4.14,13.0,1.54,16.25,14.11,1879,2.08,903,14136.38,3.8,70.34,11.8
2,2016-06-29,14,Wednesday,0,3,3.9,12.73,1.66,16.03,13.78,1903,2.05,929,14383.92,4.3,70.01,11.17
2,2016-06-29,15,Wednesday,0,3,3.92,12.79,1.67,16.58,13.57,1783,2.02,882,13746.72,3.8,70.01,11.25
2,2016-06-29,16,Wednesday,0,3,3.77,12.49,1.79,16.21,13.93,1376,2.03,679,11050.85,4.8,62.81,9.91
1,2016-06-29,18,Wednesday,0,3,3.41,11.46,1.76,14.54,14.32,1137,1.19,954,14446.76,4.8,66.35,8.33
1,2016-06-29,20,Wednesday,0,3,4.42,11.72,1.81,12.47,19.74,1212,1.23,985,14833.02,4.3,69.99,10.15
2,2016-06-30,1,Thursday,0,4,5.33,12.32,1.71,11.32,26.08,846,2.26,375,5828.95,4.3,70.01,10.6
2,2016-06-30,3,Thursday,0,4,6.14,13.46,1.85,11.62,28.9,246,1.88,131,2204.07,5.3,58.61,10.86
1,2016-06-30,5,Thursday,0,4,5.56,12.36,1.55,9.55,30.73,174,1.11,157,2451.76,5.0,69.34,13.32
1,2016-06-30,6,Thursday,0,4,4.01,10.06,1.4,8.99,24.58,509,1.06,480,5968.3,4.3,69.99,10.03
1,2016-06-30,7,Thursday,0,4,3.77,10.48,1.58,11.11,19.17,748,1.06,709,9244.49,4.3,69.99,9.14
1,2016-06-30,8,Thursday,0,4,3.79,11.75,1.79,14.06,15.2,970,1.09,890,12927.78,3.8,70.0,9.79
2,2016-06-30,10,Thursday,0,4,3.87,12.42,1.63,15.65,13.92,1751,2.05,856,12893.87,4.3,70.01,10.44
1,2016-06-30,11,Thursday,0,4,3.86,12.87,1.65,16.55,13.33,859,1.16,741,11499.58,3.8,69.99,10.36
2,2016-06-30,13,Thursday,0,4,3.86,12.86,1.72,16.56,13.52,1728,2.04,847,13221.7,3.8,70.01,11.18
2,2016-06-30,14,Thursday,0,4,4.19,13.74,1.75,17.88,13.66,1603,1.96,818,13590.73,3.8,70.01,12.24
2,2016-06-30,15,Thursday,0,4,3.92,13.19,1.56,17.43,13.28,1516,2.05,739,11682.89,3.8,70.01,11.11
2,2016-06-30,16,Thursday,0,4,3.98,13.21,1.85,17.47,14.07,1394,2.04,685,11751.99,4.8,67.21,11.77
1,2016-06-30,18,Thursday,0,4,3.7,12.2,1.67,15.57,14.09,1012,1.23,825,13089.59,5.3,58.8,10.08
1,2016-06-30,20,Thursday,0,4,4.43,12.02,1.73,13.48,18.29,1150,1.3,886,13567.56,4.8,70.01,10.23
2,2016-01-19,4,Tuesday,0,2,7.57,15.73,2.08,11.61,34.4,240,2.47,97,1923.33,4.8,70.01,16.41
2,2016-01-23,6,Saturday,1,6,4.63,11.65,1.22,14.06,19.66,116,1.66,70,962.76,3.8,47.34,8.51
1,2016-01-24,9,Sunday,1,7,5.59,13.11,1.48,12.57,22.39,110,1.26,87,1369.69,4.3,69.99,13.09
1,2016-02-01,4,Monday,0,1,7.09,15.13,1.47,12.03,31.88,135,1.19,113,2087.09,4.8,69.99,14.49
2,2016-02-02,3,Tuesday,0,2,6.95,14.73,1.11,11.67,33.44,129,1.95,66,1141.67,5.3,52.34,10.92
2,2016-03-21,4,Monday,0,1,7.12,14.84,1.69,11.94,33.03,234,1.92,122,2273.04,4.3,70.01,13.49
2,2016-03-22,4,Tuesday,0,2,7.84,16.01,1.74,11.84,35.08,173,1.78,97,1906.19,4.3,70.01,15.56
2,2016-03-28,3,Monday,0,1,5.64,12.63,1.24,11.33,26.4,187,2.13,88,1357.16,4.3,50.8,9.94
1,2016-04-05,4,Tuesday,0,2,5.9,12.85,1.3,10.28,30.59,96,1.1,87,1385.25,5.3,45.39,10.19
1,2016-04-25,2,Monday,0,1,5.32,12.15,1.24,10.76,27.39,122,1.21,101,1483.2,4.8,51.3,8.34
1,2016-05-04,4,Wednesday,0,3,6.99,14.99,1.68,11.77,31.71,117,1.1,106,1944.18,5.3,64.17,14.59
1,2016-05-23,3,Monday,0,1,7.07,15.03,1.44,12.49,31.07,138,1.25,110,1992.8,5.3,69.99,11.34
1,2016-05-28,5,Saturday,1,6,7.09,14.98,1.78,11.6,32.97,196,1.2,164,3022.34,4.3,69.99,12.89
2,2016-06-06,3,Monday,0,1,6.78,14.39,1.37,11.61,32.29,171,1.9,90,1584.66,4.8,65.76,13.2
1,2016-06-09,4,Thursday,0,4,6.86,14.86,1.52,12.54,31.42,137,1.16,118,2119.48,4.3,57.8,11.68
2,2016-06-21,1,Tuesday,0,2,6.03,13.15,1.52,11.17,29.29,501,2.0,250,4018.28,4.3,63.36,10.71
2,2016-06-29,3,Wednesday,0,3,6.01,13.28,1.5,11.45,28.56,229,2.18,105,1693.94,4.8,67.09,10.81
1,2016-02-11,4,Thursday,0,4,6.22,13.58,1.45,11.03,29.9,128,1.17,109,1806.42,4.8,69.99,11.4
1,2016-01-23,21,Saturday,1,6,5.95,14.0,0.0,16.13,22.15,1,1.0,1,15.3,15.3,15.3,
2,2016-01-24,5,Sunday,1,7,12.3,25.0,0.48,29.88,22.51,4,2.0,2,53.56,5.76,47.8,29.73
2,2016-01-24,6,Sunday,1,7,5.69,13.75,0.0,17.04,18.24,8,4.0,2,29.1,7.3,21.8,10.25
2,2016-01-23,18,Saturday,1,6,1.61,6.0,0.0,6.72,14.38,1,1.0,1,7.8,7.8,7.8,
2,2016-01-01,0,Friday,0,5,4.57,12.16,1.44,13.27,20.58,2682,2.09,1282,19213.91,4.3,66.41,8.2
1,2016-01-01,1,Friday,0,5,4.96,12.83,1.55,13.89,20.27,1961,1.55,1262,19888.67,4.3,59.15,8.99
1,2016-01-01,3,Friday,0,5,5.5,13.23,1.51,13.25,23.41,1361,1.44,942,15214.99,3.8,54.84,9.45
1,2016-01-01,10,Friday,0,5,4.73,11.33,1.08,8.99,27.73,441,1.36,325,4382.64,3.8,68.34,11.22
2,2016-01-01,12,Friday,0,5,4.53,10.93,1.18,9.39,25.78,1790,2.05,874,11466.61,3.8,70.01,10.53
1,2016-01-01,13,Friday,0,5,4.88,11.69,1.2,10.12,25.43,868,1.45,599,8342.74,3.8,70.0,11.11
1,2016-01-01,14,Friday,0,5,4.59,11.33,1.28,10.43,23.52,986,1.5,658,8985.64,4.3,68.34,10.13
1,2016-01-01,15,Friday,0,5,4.42,11.36,1.1,10.63,21.91,1044,1.49,699,9419.79,4.3,70.0,11.26
1,2016-01-01,16,Friday,0,5,4.57,11.49,1.19,10.75,22.64,910,1.53,594,8272.66,3.8,70.01,11.05
2,2016-01-01,17,Friday,0,5,4.73,11.93,1.29,11.7,22.21,1787,2.02,886,12670.34,3.8,70.01,11.48
2,2016-01-01,19,Friday,0,5,4.0,11.02,1.28,11.38,20.48,1823,2.07,879,11685.9,3.8,70.01,9.64
2,2016-01-01,22,Friday,0,5,4.57,11.37,1.38,10.5,23.6,1569,2.02,778,11050.52,4.3,70.01,10.44
2,2016-01-01,23,Friday,0,5,4.62,11.14,1.29,10.12,24.53,1502,2.08,721,10020.55,4.3,70.01,9.41
1,2016-01-02,2,Saturday,1,6,4.91,11.62,1.27,10.42,26.39,441,1.43,308,4385.45,4.3,58.34,8.46
1,2016-01-02,4,Saturday,1,6,6.6,14.25,1.27,11.58,30.47,267,1.36,196,3328.34,3.8,63.35,11.47
2,2016-01-02,5,Saturday,1,6,7.65,15.79,1.29,11.5,35.28,264,2.36,112,2130.08,4.8,70.01,14.92
2,2016-01-02,6,Saturday,1,6,8.33,17.33,1.78,12.15,35.42,331,2.04,162,3363.93,4.3,70.01,17.96
2,2016-01-02,7,Saturday,1,6,6.53,14.18,1.44,10.11,33.47,418,2.04,205,3462.93,3.8,70.01,14.87
2,2016-01-02,8,Saturday,1,6,5.38,12.12,1.23,9.38,29.64,671,2.1,320,4636.97,4.3,70.01,12.57
1,2016-01-02,9,Saturday,1,6,4.55,10.98,1.23,9.37,25.88,503,1.3,387,5132.57,3.8,70.34,10.88
2,2016-01-02,11,Saturday,1,6,4.26,10.65,1.19,9.77,23.7,1701,2.04,832,10687.9,3.8,70.01,9.63
2,2016-01-02,18,Saturday,1,6,4.2,11.72,1.46,13.08,18.37,2145,2.01,1065,15085.97,3.8,70.01,10.19
2,2016-01-02,20,Saturday,1,6,4.4,11.6,1.44,12.02,19.95,2048,2.12,966,14038.84,4.3,70.01,10.78
1,2016-01-02,21,Saturday,1,6,3.92,10.75,1.39,11.1,19.61,1125,1.52,739,10050.07,3.8,70.01,8.93
2,2016-01-03,0,Sunday,1,7,4.58,11.4,1.6,11.08,22.75,1916,2.07,924,13314.42,4.3,70.01,9.47
1,2016-01-03,1,Sunday,1,7,4.64,11.35,1.47,10.81,23.84,992,1.43,694,9839.18,4.3,69.34,8.62
1,2016-01-03,3,Sunday,1,7,5.24,12.18,1.56,11.01,26.76,660,1.47,450,6779.12,4.3,51.36,8.39
1,2016-01-03,10,Sunday,1,7,4.38,10.73,1.2,9.39,24.91,742,1.3,571,7418.89,3.8,69.99,9.9
2,2016-01-03,12,Sunday,1,7,4.29,10.88,1.29,10.54,22.29,1780,2.08,855,11252.36,3.8,70.01,10.25
1,2016-01-03,13,Sunday,1,7,4.49,11.47,1.32,11.35,20.75,1024,1.37,748,10404.37,3.8,70.01,11.2
1,2016-01-03,14,Sunday,1,7,4.48,11.88,1.33,12.38,19.48,1133,1.4,810,11583.13,3.8,70.34,11.52
1,2016-01-03,15,Sunday,1,7,4.62,11.99,1.4,12.55,19.57,1134,1.38,824,11961.09,3.3,69.99,12.01
1,2016-01-03,16,Sunday,1,7,4.45,11.73,1.45,12.32,19.63,1084,1.38,786,11305.72,3.8,69.99,11.4
2,2016-01-03,17,Sunday,1,7,4.6,12.0,1.56,13.0,19.83,1903,2.06,923,13509.99,3.8,70.01,11.54
2,2016-01-03,19,Sunday,1,7,4.76,11.74,1.5,11.31,22.15,1737,2.06,845,12124.46,3.8,70.01,11.51
2,2016-01-03,22,Sunday,1,7,5.78,12.95,1.68,10.97,27.83,1006,2.02,499,8101.33,3.8,70.01,13.3
2,2016-01-03,23,Sunday,1,7,6.71,14.53,1.8,12.03,29.89,734,1.94,379,6816.58,4.3,70.01,12.85
1,2016-01-04,0,Monday,0,1,7.48,15.85,1.85,12.4,32.36,347,1.38,251,4858.19,4.8,69.99,13.28
2,2016-01-04,2,Monday,0,1,6.22,13.39,1.42,11.11,31.34,217,1.97,110,1783.34,4.8,50.16,8.7
2,2016-01-04,4,Monday,0,1,8.32,17.11,1.77,13.3,34.25,206,2.12,97,2017.04,4.8,58.8,14.27
2,2016-01-04,9,Monday,0,1,4.23,11.64,1.62,12.64,18.03,1751,2.04,858,12386.09,3.8,70.01,11.4
1,2016-01-04,12,Monday,0,1,4.17,11.18,1.38,11.39,18.82,859,1.24,690,9424.52,3.8,70.0,11.16
1,2016-01-04,17,Monday,0,1,3.59,10.43,1.5,11.66,17.23,1073,1.25,855,11878.74,4.8,70.0,9.17
1,2016-01-04,19,Monday,0,1,3.82,10.2,1.56,10.19,20.25,1142,1.21,945,12920.76,4.8,69.99,9.13
2,2016-01-04,21,Monday,0,1,4.61,11.17,1.67,10.27,24.27,1726,1.94,891,12769.55,4.3,70.01,10.37
1,2016-01-04,22,Monday,0,1,4.86,11.53,1.67,10.26,24.91,776,1.27,609,8992.25,4.8,63.39,10.6
1,2016-01-04,23,Monday,0,1,5.52,12.66,1.88,10.97,26.49,479,1.25,382,6116.36,3.8,69.99,11.92
1,2016-01-05,2,Tuesday,0,2,5.62,12.72,1.33,11.02,28.0,131,1.26,104,1600.44,4.3,65.34,10.0
1,2016-01-05,4,Tuesday,0,2,6.81,14.52,1.51,11.19,32.31,114,1.12,102,1803.9,4.3,69.99,14.21
2,2016-01-05,5,Tuesday,0,2,5.54,12.17,1.67,9.35,31.26,294,1.93,152,2352.37,5.3,70.01,13.59
2,2016-01-05,6,Tuesday,0,2,4.33,10.5,1.47,9.28,25.4,903,1.93,469,6068.19,3.8,70.01,11.29
2,2016-01-05,7,Tuesday,0,2,3.77,10.37,1.46,10.77,20.1,1839,1.97,935,11933.36,3.8,70.01,9.2
2,2016-01-05,8,Tuesday,0,2,3.49,10.51,1.61,12.04,16.58,2434,2.13,1145,14987.41,3.8,64.01,8.93
1,2016-01-05,9,Tuesday,0,2,3.29,10.47,1.44,12.29,15.08,977,1.12,871,11138.54,3.8,58.59,7.79
2,2016-01-05,11,Tuesday,0,2,3.81,11.19,1.37,12.65,16.34,1838,2.21,830,11275.29,3.8,70.01,9.99
2,2016-01-05,18,Tuesday,0,2,4.23,11.59,1.69,13.01,17.74,2274,1.94,1175,18010.19,4.8,70.01,10.33
2,2016-01-05,20,Tuesday,0,2,4.56,11.33,1.72,11.16,22.28,2202,2.06,1067,15493.87,4.3,70.01,9.48
1,2016-01-05,21,Tuesday,0,2,4.56,11.41,1.75,11.1,22.1,1074,1.26,855,12512.58,4.8,69.99,10.04
2,2016-01-06,0,Wednesday,0,3,5.72,12.87,1.77,11.21,27.96,709,2.09,340,5468.97,4.3,63.36,10.45
1,2016-01-06,1,Wednesday,0,3,5.63,12.68,1.48,10.99,28.37,210,1.17,179,2774.45,4.8,69.99,10.6
1,2016-01-06,10,Wednesday,0,3,3.75,11.29,1.5,13.09,15.77,871,1.18,740,10193.75,3.8,70.0,9.81
2,2016-01-06,12,Wednesday,0,3,3.87,11.35,1.46,12.79,16.34,1800,2.06,872,12100.06,3.8,70.01,10.49
1,2016-01-06,13,Wednesday,0,3,3.75,11.12,1.37,12.58,15.76,875,1.2,731,9906.11,3.3,69.99,10.35
1,2016-01-06,14,Wednesday,0,3,3.85,11.45,1.37,13.14,15.74,1014,1.21,837,11573.9,3.8,68.34,9.74
1,2016-01-06,15,Wednesday,0,3,3.89,11.46,1.53,13.38,15.82,1054,1.27,831,11728.13,3.8,70.0,10.39
1,2016-01-06,16,Wednesday,0,3,3.84,11.18,1.5,12.73,16.41,873,1.24,704,10331.45,4.3,69.99,10.37
2,2016-01-06,17,Wednesday,0,3,4.12,11.8,1.59,13.69,16.71,1943,1.97,988,15294.49,4.8,70.01,11.19
2,2016-01-06,19,Wednesday,0,3,4.06,10.88,1.63,11.52,19.34,2587,2.05,1259,18230.11,4.8,70.01,9.2
2,2016-01-06,22,Wednesday,0,3,4.87,11.98,1.8,11.62,23.26,2052,2.06,994,15142.36,4.3,70.01,10.08
2,2016-01-06,23,Wednesday,0,3,5.75,13.11,1.89,11.74,26.34,1367,2.08,658,10842.95,4.3,70.01,10.86
1,2016-01-07,0,Thursday,0,4,5.2,12.09,1.74,10.65,26.36,441,1.18,374,5688.92,4.3,64.8,10.06
2,2016-01-07,2,Thursday,0,4,5.66,12.71,1.5,11.34,28.64,393,2.25,175,2731.34,4.3,56.21,8.68
2,2016-01-07,4,Thursday,0,4,5.6,12.43,1.33,10.13,30.76,183,1.95,94,1453.34,5.3,70.01,11.41
2,2016-01-07,9,Thursday,0,4,3.64,11.18,1.63,13.07,15.73,2014,2.0,1005,13845.24,3.8,70.01,8.98
1,2016-01-07,12,Thursday,0,4,3.72,11.16,1.42,12.75,15.77,918,1.16,790,10751.61,4.3,68.34,9.64
1,2016-01-07,17,Thursday,0,4,3.94,11.4,1.7,13.24,15.94,991,1.19,832,12657.01,5.3,70.34,11.23
1,2016-01-07,19,Thursday,0,4,3.69,10.45,1.62,11.34,17.8,1299,1.2,1080,15076.17,5.3,69.99,8.62
2,2016-01-07,21,Thursday,0,4,4.68,11.82,1.88,12.05,21.64,2404,2.06,1166,17658.6,4.3,70.01,9.57
1,2016-01-07,22,Thursday,0,4,4.88,12.2,1.8,12.26,22.08,1146,1.25,920,14227.73,4.3,69.39,10.11
1,2016-01-07,23,Thursday,0,4,4.94,12.11,1.78,11.79,23.03,933,1.28,731,11181.66,4.3,63.35,9.36
1,2016-01-08,0,Friday,0,5,4.86,11.71,1.73,10.87,24.34,614,1.27,482,7192.9,4.8,70.0,10.06
2,2016-01-08,2,Friday,0,5,5.58,12.64,1.4,11.27,27.13,553,2.13,260,4000.92,4.3,51.96,9.57
2,2016-01-08,4,Friday,0,5,6.97,14.77,1.75,11.87,32.12,265,1.92,138,2493.96,4.3,70.01,12.39
2,2016-01-08,9,Friday,0,5,3.47,10.99,1.62,12.89,15.36,2233,2.07,1077,14625.4,3.8,70.01,9.03
1,2016-01-08,12,Friday,0,5,3.89,11.65,1.52,12.96,16.3,960,1.21,796,11325.3,3.8,69.99,10.46
1,2016-01-08,17,Friday,0,5,3.53,10.68,1.46,12.55,15.92,1133,1.22,931,13108.09,4.3,69.99,8.54
1,2016-01-08,19,Friday,0,5,3.72,10.82,1.55,12.17,17.22,1516,1.25,1208,17220.77,4.3,69.99,8.32
2,2016-01-08,21,Friday,0,5,4.27,11.27,1.65,11.71,20.11,2364,2.01,1177,16908.96,4.3,70.01,9.55
1,2016-01-08,22,Friday,0,5,4.39,11.72,1.74,12.47,19.62,1484,1.39,1068,15890.04,4.3,69.99,9.12
1,2016-01-08,23,Friday,0,5,4.63,12.11,1.72,12.78,20.17,1456,1.41,1035,15792.59,4.3,68.34,9.22
1,2016-01-09,2,Saturday,1,6,4.77,11.69,1.65,11.27,23.54,874,1.37,639,9396.37,4.3,57.84,8.32
1,2016-01-09,4,Saturday,1,6,6.01,13.6,1.37,12.05,27.37,377,1.3,290,4755.91,4.3,58.5,10.49
2,2016-01-09,5,Saturday,1,6,5.94,13.24,1.32,11.04,29.6,295,2.17,136,2176.48,4.8,70.01,11.83
2,2016-01-09,6,Saturday,1,6,5.19,11.75,1.24,9.44,29.41,380,2.04,186,2599.29,4.3,70.01,11.79
2,2016-01-09,7,Saturday,1,6,4.85,11.17,1.36,9.2,28.37,587,1.96,300,4075.56,3.8,70.01,10.47
2,2016-01-09,8,Saturday,1,6,4.21,10.26,1.48,9.0,26.06,932,1.95,478,6079.76,3.8,70.01,9.29
1,2016-01-09,9,Saturday,1,6,3.79,9.82,1.29,8.88,22.83,787,1.22,645,7794.76,3.8,70.0,9.43
2,2016-01-09,11,Saturday,1,6,3.66,10.05,1.34,10.2,20.07,2152,2.11,1022,12609.8,3.8,70.01,8.81
2,2016-01-09,18,Saturday,1,6,3.8,10.94,1.4,12.39,17.47,2513,2.03,1237,16378.82,3.8,70.01,8.87
2,2016-01-09,20,Saturday,1,6,3.99,11.23,1.66,12.46,18.03,2172,1.93,1128,16097.09,4.3,70.01,9.65
1,2016-01-09,21,Saturday,1,6,3.95,11.24,1.57,12.71,17.88,1223,1.41,868,12338.82,3.8,69.99,8.57
2,2016-01-10,0,Sunday,1,7,4.23,11.07,1.63,11.65,21.02,2773,2.05,1353,19020.73,4.3,70.01,7.35
1,2016-01-10,1,Sunday,1,7,4.65,11.73,1.64,11.68,22.21,1343,1.4,958,14128.45,4.3,69.99,8.53
1,2016-01-10,3,Sunday,1,7,4.85,11.73,1.6,11.35,23.52,894,1.36,657,9641.01,4.3,65.21,8.48
1,2016-01-10,10,Sunday,1,7,3.99,10.19,1.29,9.42,22.5,940,1.24,759,9433.19,3.8,69.99,9.25
2,2016-01-10,12,Sunday,1,7,4.11,10.73,1.44,10.69,20.79,2285,2.04,1120,14784.39,3.8,70.01,9.84
1,2016-01-10,13,Sunday,1,7,4.02,10.56,1.4,10.45,20.44,1091,1.31,833,10848.18,3.3,69.99,9.99
1,2016-01-10,14,Sunday,1,7,4.24,11.18,1.39,11.31,20.03,1018,1.32,772,10490.75,3.8,69.99,10.45
1,2016-01-10,15,Sunday,1,7,3.94,10.71,1.39,11.13,19.28,1233,1.34,921,12098.39,4.3,69.99,10.09
1,2016-01-10,16,Sunday,1,7,4.14,11.01,1.52,11.72,19.37,1035,1.32,783,10725.56,3.8,70.0,10.77
2,2016-01-10,17,Sunday,1,7,4.69,11.86,1.64,12.14,20.89,2022,2.04,991,14536.14,3.8,70.01,11.44
2,2016-01-10,19,Sunday,1,7,4.79,11.65,1.63,11.1,22.79,1670,2.08,803,11572.35,3.8,70.01,12.0
2,2016-01-10,22,Sunday,1,7,5.11,11.88,1.71,10.45,26.23,1349,1.98,680,10320.3,4.3,70.01,11.32
2,2016-01-10,23,Sunday,1,7,5.81,12.99,1.84,11.15,28.5,979,1.93,506,8325.55,4.8,70.01,11.76
1,2016-01-11,2,Monday,0,1,4.69,11.15,1.13,9.62,27.76,126,1.24,102,1390.74,4.8,51.0,8.54
1,2016-01-11,4,Monday,0,1,6.93,14.62,1.94,11.43,31.66,99,1.11,89,1641.13,4.3,69.99,14.51
2,2016-01-11,5,Monday,0,1,7.36,15.17,2.23,10.85,34.36,366,2.08,176,3405.77,4.8,70.01,16.79
2,2016-01-11,6,Monday,0,1,4.97,11.66,1.54,10.3,26.28,855,1.9,450,6435.63,4.3,70.01,12.36
2,2016-01-11,7,Monday,0,1,4.09,10.96,1.51,11.56,20.23,1749,2.12,826,11121.24,4.3,65.0,9.66
2,2016-01-11,8,Monday,0,1,3.54,11.2,1.56,13.51,15.52,1977,1.97,1004,13786.78,3.8,65.34,9.33
1,2016-01-11,9,Monday,0,1,3.66,11.24,1.59,13.18,15.4,936,1.08,864,11969.12,3.8,68.34,10.2
2,2016-01-11,11,Monday,0,1,4.16,12.09,1.61,13.97,16.17,1588,2.02,787,11721.54,3.3,70.01,11.41
2,2016-01-11,18,Monday,0,1,3.81,10.86,1.65,12.18,17.44,2501,1.93,1294,18743.46,4.8,70.01,9.72
2,2016-01-11,20,Monday,0,1,4.29,10.86,1.66,10.51,22.22,2387,2.03,1173,16461.34,4.8,70.01,9.92
1,2016-01-11,21,Monday,0,1,4.41,11.04,1.72,10.51,22.67,1044,1.2,869,12384.24,4.3,69.99,9.39
1,2016-01-12,2,Tuesday,0,2,6.28,13.83,1.4,12.03,28.9,158,1.19,133,2206.5,4.8,53.3,9.15
1,2016-01-12,4,Tuesday,0,2,6.97,14.97,1.82,12.3,32.14,109,1.1,99,1810.42,4.8,70.0,11.84
2,2016-01-12,5,Tuesday,0,2,6.48,13.89,1.95,10.9,31.9,338,2.25,150,2633.44,4.8,70.01,14.35
2,2016-01-12,6,Tuesday,0,2,4.29,10.42,1.39,9.3,25.82,966,2.06,470,6037.75,4.3,68.34,9.4
2,2016-01-12,7,Tuesday,0,2,3.85,10.65,1.53,11.26,19.7,2012,2.09,961,12614.86,3.8,70.01,8.73
2,2016-01-12,8,Tuesday,0,2,3.34,10.42,1.57,12.09,16.12,2473,2.16,1146,14794.86,3.8,70.01,8.18
1,2016-01-12,9,Tuesday,0,2,3.61,11.18,1.67,13.2,15.37,1014,1.12,903,12505.99,3.8,65.01,9.13
2,2016-01-12,11,Tuesday,0,2,3.77,11.74,1.66,13.87,15.27,1957,2.03,963,13903.06,3.8,70.01,10.2
2,2016-01-12,18,Tuesday,0,2,3.7,10.9,1.72,12.76,16.23,2574,1.94,1326,19348.55,4.8,70.01,9.5
2,2016-01-12,20,Tuesday,0,2,4.51,11.37,1.8,11.38,21.79,2299,1.94,1186,17362.48,4.3,70.01,9.61
1,2016-01-12,21,Tuesday,0,2,4.54,11.35,1.85,11.07,22.21,1211,1.21,997,14643.18,4.3,69.99,9.63
1,2016-01-13,0,Wednesday,0,3,5.4,12.62,1.86,11.34,26.04,425,1.17,363,5758.32,4.8,70.56,10.71
2,2016-01-13,2,Wednesday,0,3,5.53,12.42,1.37,10.94,28.87,333,2.11,158,2389.59,4.3,58.34,8.61
2,2016-01-13,4,Wednesday,0,3,5.32,12.02,1.39,10.09,29.44,220,2.39,92,1380.3,4.8,70.01,10.52
2,2016-01-13,9,Wednesday,0,3,3.56,11.28,1.64,13.52,14.94,2249,2.0,1127,15714.78,4.3,70.01,9.56
1,2016-01-13,12,Wednesday,0,3,3.66,11.42,1.53,13.56,14.78,1006,1.19,847,11847.33,3.3,69.99,10.07
1,2016-01-13,17,Wednesday,0,3,3.38,10.45,1.67,12.49,15.17,1126,1.2,935,13149.31,4.8,69.99,9.16
1,2016-01-13,19,Wednesday,0,3,3.61,10.39,1.72,11.48,17.47,1411,1.2,1179,16535.35,4.8,70.01,8.36
2,2016-01-13,21,Wednesday,0,3,4.45,11.32,1.85,11.32,21.98,2615,1.97,1326,19406.7,4.3,70.01,9.5
1,2016-01-13,22,Wednesday,0,3,4.68,11.78,1.8,11.7,22.09,1142,1.2,952,14306.58,4.3,68.34,9.8
1,2016-01-13,23,Wednesday,0,3,4.89,11.87,1.86,11.36,23.72,769,1.23,626,9486.81,3.8,68.34,9.66
1,2016-01-14,2,Thursday,0,4,4.7,11.21,1.4,9.95,26.98,213,1.24,172,2397.45,5.3,42.8,7.11
1,2016-01-14,4,Thursday,0,4,6.54,14.27,1.44,11.73,30.77,103,1.13,91,1568.44,4.8,58.8,10.62
2,2016-01-14,5,Thursday,0,4,6.62,13.84,1.99,10.23,32.61,349,2.01,174,3120.17,5.8,70.01,14.54
2,2016-01-14,6,Thursday,0,4,5.06,11.78,1.63,10.28,26.18,1015,2.06,493,7194.18,3.8,70.01,12.58
2,2016-01-14,7,Thursday,0,4,3.8,10.49,1.58,10.94,19.8,1910,2.02,946,12358.65,3.8,70.01,9.59
2,2016-01-14,8,Thursday,0,4,3.4,10.81,1.62,12.94,15.41,2392,2.04,1172,15658.52,3.8,70.01,8.22
1,2016-01-14,9,Thursday,0,4,3.48,11.36,1.67,13.73,14.31,975,1.1,889,12451.51,4.3,69.99,9.36
2,2016-01-14,11,Thursday,0,4,3.87,11.92,1.71,14.18,15.12,1872,2.05,912,13423.41,3.8,70.01,10.77
2,2016-01-14,18,Thursday,0,4,3.71,11.24,1.85,13.42,15.81,2549,2.02,1263,19032.28,4.8,70.01,9.26
2,2016-01-14,20,Thursday,0,4,4.6,11.9,1.84,12.59,20.45,2644,1.99,1326,20250.95,4.3,70.01,9.89
1,2016-01-14,21,Thursday,0,4,4.61,11.85,1.82,12.18,20.67,1333,1.24,1076,16318.8,4.3,69.99,10.14
1,2016-01-15,2,Friday,0,5,5.27,12.15,1.53,10.62,26.96,362,1.21,299,4484.11,4.8,46.34,8.31
1,2016-01-15,4,Friday,0,5,6.68,14.82,1.66,12.14,30.26,192,1.25,154,2807.09,4.3,65.34,12.72
2,2016-01-15,5,Friday,0,5,6.01,13.24,1.88,10.2,30.86,428,2.22,193,3268.78,4.3,70.01,14.9
2,2016-01-15,6,Friday,0,5,5.47,12.4,1.78,10.9,27.18,876,1.96,446,6873.86,4.3,70.01,14.3
2,2016-01-15,7,Friday,0,5,3.93,10.64,1.51,11.16,19.88,1904,2.07,918,12028.99,3.8,70.01,9.08
2,2016-01-15,8,Friday,0,5,3.89,11.36,1.69,13.1,16.73,2266,2.03,1119,15753.23,3.8,70.01,9.91
1,2016-01-15,9,Friday,0,5,3.94,11.89,1.7,13.96,15.57,958,1.12,859,12588.87,3.8,70.0,10.19
2,2016-01-15,11,Friday,0,5,4.0,11.91,1.63,13.9,15.62,1859,2.07,899,13189.7,3.8,70.01,11.02
2,2016-01-15,18,Friday,0,5,3.96,11.34,1.77,13.31,16.54,2492,1.95,1280,19295.73,4.8,70.01,9.79
2,2016-01-15,20,Friday,0,5,4.34,11.69,1.81,12.76,18.87,2512,2.08,1209,18175.72,4.8,70.01,10.42
1,2016-01-15,21,Friday,0,5,4.56,12.2,1.79,13.34,18.78,1366,1.34,1018,15757.07,4.3,70.0,10.22
1,2016-01-16,2,Saturday,1,6,4.83,12.04,1.64,12.24,21.54,982,1.4,703,10556.06,4.3,69.99,9.25
1,2016-01-16,4,Saturday,1,6,6.35,14.25,1.6,13.12,26.13,428,1.3,330,5711.67,4.3,69.99,11.7
2,2016-01-16,5,Saturday,1,6,7.17,15.42,1.44,11.63,31.49,296,1.93,153,2831.24,4.3,70.01,14.9
2,2016-01-16,6,Saturday,1,6,6.79,14.63,1.8,12.25,29.06,388,1.95,199,3526.38,3.8,70.01,15.54
2,2016-01-16,7,Saturday,1,6,4.7,11.18,1.41,9.71,26.14,678,2.05,331,4553.1,3.8,70.01,12.38
2,2016-01-16,8,Saturday,1,6,4.52,10.88,1.46,9.47,25.53,1017,2.11,481,6482.08,3.8,70.01,11.55
1,2016-01-16,9,Saturday,1,6,4.14,10.53,1.39,9.69,22.86,742,1.2,619,8012.69,3.8,69.99,10.12
2,2016-01-16,11,Saturday,1,6,3.7,10.14,1.35,10.17,20.54,1969,2.02,977,12129.6,3.8,70.01,8.25
2,2016-01-16,18,Saturday,1,6,3.82,10.87,1.43,12.26,17.83,2597,2.02,1288,17048.31,3.8,70.01,8.6
2,2016-01-16,20,Saturday,1,6,3.86,10.93,1.52,12.02,18.49,2319,2.02,1146,15857.46,3.8,70.01,8.48
1,2016-01-16,21,Saturday,1,6,4.3,11.83,1.68,12.82,18.86,1276,1.45,882,13177.89,4.3,69.99,9.33
1,2016-01-17,0,Sunday,1,7,4.46,11.7,1.63,12.41,20.78,1411,1.41,1003,14746.6,4.3,64.34,8.16
2,2016-01-17,2,Sunday,1,7,5.01,11.99,1.54,11.4,24.62,1829,1.92,955,14226.82,4.3,58.01,8.7
2,2016-01-17,4,Sunday,1,7,5.81,13.09,1.5,11.7,27.7,915,2.18,420,6727.0,4.3,70.01,9.72
2,2016-01-17,9,Sunday,1,7,4.56,10.86,1.47,9.27,26.48,1191,1.98,603,8088.01,3.8,70.01,10.46
1,2016-01-17,12,Sunday,1,7,3.67,10.25,1.37,10.6,19.19,1344,1.41,955,12021.87,3.8,70.34,8.93
1,2016-01-17,17,Sunday,1,7,3.8,11.13,1.41,12.85,16.47,1131,1.35,835,11434.21,3.8,69.99,9.8
1,2016-01-17,19,Sunday,1,7,4.24,11.22,1.53,11.59,19.53,1066,1.35,792,11025.39,4.3,69.99,10.42
2,2016-01-17,21,Sunday,1,7,4.51,11.14,1.59,10.51,23.13,1945,2.12,918,13064.17,4.8,70.01,10.01
1,2016-01-17,22,Sunday,1,7,4.87,11.75,1.75,10.67,24.14,1000,1.4,715,10720.75,4.3,69.99,11.46
1,2016-01-17,23,Sunday,1,7,5.24,12.34,1.79,10.95,25.43,761,1.33,573,8980.45,4.8,69.99,11.77
1,2016-01-18,2,Monday,0,1,5.14,11.93,1.62,10.58,27.39,329,1.36,242,3596.13,4.3,39.35,7.57
1,2016-01-18,4,Monday,0,1,5.83,12.88,1.22,10.53,30.26,170,1.19,143,2239.69,4.3,63.35,10.47
2,2016-01-18,5,Monday,0,1,8.01,16.31,2.34,11.48,35.79,290,2.4,121,2519.34,5.3,70.01,16.73
2,2016-01-18,6,Monday,0,1,5.61,12.44,1.57,10.14,28.97,482,2.07,233,3550.18,3.8,70.01,14.41
2,2016-01-18,7,Monday,0,1,4.72,11.06,1.54,9.37,26.58,838,2.07,404,5573.06,3.8,70.01,11.85
2,2016-01-18,8,Monday,0,1,3.99,10.62,1.62,10.1,21.65,1303,2.05,637,8454.74,4.3,70.01,10.54
1,2016-01-18,9,Monday,0,1,3.59,9.83,1.42,9.53,20.6,816,1.19,685,8404.24,3.8,69.99,9.28
2,2016-01-18,11,Monday,0,1,3.72,10.3,1.4,10.55,19.2,2012,2.1,957,12163.23,3.8,70.01,9.59
2,2016-01-18,18,Monday,0,1,4.01,10.61,1.63,10.83,19.93,2515,1.91,1315,17488.97,3.8,70.01,10.59
2,2016-01-18,20,Monday,0,1,4.83,11.61,1.77,10.64,23.93,2067,1.99,1038,15492.9,4.3,70.01,11.31
1,2016-01-18,21,Monday,0,1,4.81,11.47,1.79,10.3,24.15,921,1.27,725,10762.7,4.8,69.99,11.65
1,2016-01-19,2,Tuesday,0,2,4.91,11.56,1.28,10.18,26.95,137,1.19,115,1630.69,5.3,50.4,8.0
1,2016-01-19,4,Tuesday,0,2,7.34,15.37,1.61,12.13,32.47,120,1.18,102,1919.06,4.8,69.99,13.4
2,2016-01-19,5,Tuesday,0,2,6.8,14.36,1.95,10.95,32.72,342,2.24,153,2770.79,4.8,70.01,15.72
2,2016-01-19,6,Tuesday,0,2,4.67,11.21,1.45,10.22,25.11,980,1.9,515,7103.2,4.3,70.01,11.49
2,2016-01-19,7,Tuesday,0,2,3.96,10.94,1.54,11.94,19.07,2212,2.06,1072,14420.59,3.8,70.01,9.28
2,2016-01-19,8,Tuesday,0,2,3.55,11.36,1.67,14.03,14.48,2615,2.06,1269,17767.05,3.8,70.01,9.67
1,2016-01-19,9,Tuesday,0,2,3.61,12.03,1.86,15.05,13.72,1057,1.11,951,14213.56,3.8,71.19,10.37
2,2016-01-19,11,Tuesday,0,2,3.86,12.48,1.76,15.43,14.17,1971,2.04,964,14776.08,4.3,70.01,11.38
2,2016-01-19,18,Tuesday,0,2,3.88,11.58,1.8,14.05,15.34,2558,1.99,1283,19753.09,4.8,70.01,10.27
2,2016-01-19,20,Tuesday,0,2,4.32,11.1,1.77,11.4,20.81,2568,2.04,1261,18124.4,4.3,70.01,9.73
1,2016-01-19,21,Tuesday,0,2,4.58,11.54,1.84,11.56,21.75,1201,1.21,989,14663.08,3.8,69.99,9.48
1,2016-01-20,2,Wednesday,0,3,5.74,12.96,1.27,11.31,28.77,167,1.3,128,1996.26,4.3,53.79,9.84
1,2016-01-20,4,Wednesday,0,3,6.31,13.93,1.64,11.78,29.92,112,1.17,96,1647.32,5.3,55.59,11.69
2,2016-01-20,5,Wednesday,0,3,6.18,13.26,1.85,10.27,30.81,397,2.29,173,2932.11,4.8,70.01,14.82
2,2016-01-20,6,Wednesday,0,3,4.88,11.43,1.69,10.45,25.74,924,2.02,458,6536.57,3.8,70.01,12.39
2,2016-01-20,7,Wednesday,0,3,3.77,10.62,1.57,11.64,18.89,2067,2.08,996,13110.32,3.8,70.01,9.01
2,2016-01-20,8,Wednesday,0,3,3.68,11.33,1.69,13.56,15.38,2578,2.15,1199,16822.85,3.8,71.21,10.22
1,2016-01-20,9,Wednesday,0,3,3.5,11.8,1.83,14.82,13.46,996,1.1,902,13227.79,4.3,69.99,10.0
2,2016-01-20,11,Wednesday,0,3,3.93,12.22,1.68,14.99,14.58,1887,2.19,862,12976.26,3.3,63.34,10.6
2,2016-01-20,18,Wednesday,0,3,3.74,11.26,1.75,13.59,15.71,2567,1.99,1289,19362.13,4.8,69.34,9.13
2,2016-01-20,20,Wednesday,0,3,4.57,11.72,1.93,12.19,20.67,2561,2.05,1248,18925.82,4.3,70.01,10.24
1,2016-01-20,21,Wednesday,0,3,4.69,11.81,1.91,11.93,21.76,1335,1.21,1101,16746.42,4.8,69.99,9.38
2,2016-01-21,0,Thursday,0,4,5.07,12.1,1.7,11.55,25.18,1021,2.07,494,7509.45,4.8,70.01,9.06
1,2016-01-21,1,Thursday,0,4,5.6,13.44,1.55,11.96,26.5,317,1.25,254,4157.11,4.8,58.34,9.91
1,2016-01-21,3,Thursday,0,4,5.36,12.36,1.63,10.68,27.09,155,1.21,128,1968.01,5.3,57.35,10.55
1,2016-01-21,10,Thursday,0,4,3.48,11.39,1.48,13.96,13.88,886,1.14,779,10830.05,3.8,62.19,9.57
2,2016-01-21,12,Thursday,0,4,4.12,12.48,1.67,14.99,14.78,1936,2.08,930,14202.96,4.3,70.01,11.78
1,2016-01-21,13,Thursday,0,4,3.99,12.5,1.72,15.38,14.28,1011,1.2,841,12905.89,3.3,69.99,10.83
1,2016-01-21,14,Thursday,0,4,4.16,12.81,1.73,15.81,14.11,1094,1.2,912,14226.84,3.8,69.99,11.41
1,2016-01-21,15,Thursday,0,4,3.9,12.26,1.66,15.33,13.95,1090,1.21,902,13599.59,3.8,70.0,11.3
1,2016-01-21,16,Thursday,0,4,3.61,11.42,1.56,14.29,14.46,909,1.23,740,11088.28,4.3,67.34,10.11
2,2016-01-21,17,Thursday,0,4,3.6,11.41,1.78,14.29,15.0,2030,1.98,1024,15548.19,4.8,70.01,9.7
2,2016-01-21,19,Thursday,0,4,3.87,11.38,1.8,13.3,16.67,2789,2.01,1391,21068.02,4.8,70.01,10.03
2,2016-01-21,22,Thursday,0,4,5.07,12.95,2.17,13.76,20.95,2479,2.03,1222,20297.39,4.3,71.21,10.46
2,2016-01-21,23,Thursday,0,4,5.32,13.11,1.98,13.38,22.56,2065,2.07,997,16536.12,4.3,66.34,10.82
2,2016-01-22,1,Friday,0,5,5.4,12.75,1.76,11.9,25.49,913,2.1,434,6921.29,4.8,70.01,10.96
2,2016-01-22,3,Friday,0,5,5.71,13.1,1.39,11.11,28.07,340,2.04,167,2646.91,5.59,70.01,11.48
1,2016-01-22,5,Friday,0,5,6.91,14.57,2.46,10.71,32.23,222,1.09,203,3867.98,4.8,70.01,17.66
1,2016-01-22,6,Friday,0,5,4.93,11.57,1.65,10.19,25.94,502,1.07,469,6750.35,3.8,69.99,11.98
1,2016-01-22,7,Friday,0,5,3.49,10.14,1.43,11.19,18.1,967,1.12,865,10798.76,3.8,70.0,7.61
1,2016-01-22,8,Friday,0,5,3.48,11.12,1.67,13.4,14.61,1202,1.13,1061,14584.98,3.3,68.34,8.93
2,2016-01-22,10,Friday,0,5,3.7,11.57,1.53,13.79,14.92,1916,2.03,946,13367.98,3.8,70.01,10.24
1,2016-01-22,11,Friday,0,5,4.03,12.17,1.74,14.3,14.9,950,1.17,811,12164.96,3.8,69.99,11.78
2,2016-01-22,13,Friday,0,5,4.1,11.85,1.58,13.71,16.06,2104,2.15,978,14264.63,3.8,70.01,11.71
2,2016-01-22,14,Friday,0,5,3.69,11.19,1.48,13.45,14.97,2252,2.07,1090,14886.7,3.8,70.01,10.23
2,2016-01-22,15,Friday,0,5,3.9,11.67,1.57,14.26,15.02,1921,2.03,946,13574.86,3.8,70.01,11.32
2,2016-01-22,16,Friday,0,5,3.72,11.11,1.59,13.38,15.93,1824,2.01,907,13361.62,5.16,70.01,10.07
1,2016-01-22,18,Friday,0,5,3.38,10.42,1.56,12.32,15.66,1426,1.2,1189,16493.5,4.3,69.99,7.98
1,2016-01-22,20,Friday,0,5,3.85,10.87,1.77,11.91,18.15,1358,1.29,1055,14822.65,4.8,66.34,9.03
2,2016-01-23,1,Saturday,1,6,4.81,12.33,1.82,14.58,18.73,1436,2.14,670,10476.15,4.3,70.01,9.48
2,2016-01-23,3,Saturday,1,6,4.45,11.28,1.47,12.9,19.88,903,2.23,405,5705.29,3.8,39.8,7.45
1,2016-01-23,6,Saturday,1,6,3.44,9.49,0.97,11.18,17.48,89,1.11,80,902.39,3.8,32.85,6.36
1,2016-01-23,7,Saturday,1,6,4.53,12.54,1.24,15.31,16.66,82,1.11,74,1095.67,3.8,58.34,10.62
1,2016-01-23,8,Saturday,1,6,2.77,8.62,1.58,10.57,15.22,101,1.17,86,945.38,3.8,35.37,5.82
2,2016-01-23,10,Saturday,1,6,3.01,9.12,1.12,11.42,16.05,272,1.8,151,1671.65,4.8,70.01,6.61
1,2016-01-23,11,Saturday,1,6,2.62,8.37,1.12,9.97,15.91,152,1.29,118,1215.9,4.3,29.12,4.25
2,2016-01-23,13,Saturday,1,6,3.1,9.28,1.15,11.32,16.31,288,1.91,151,1701.47,4.3,46.56,6.13
2,2016-01-23,14,Saturday,1,6,2.97,8.79,1.06,10.39,17.22,112,1.45,77,819.56,4.8,32.24,4.77
1,2016-01-24,6,Sunday,1,7,3.38,9.2,1.27,9.45,21.69,13,1.3,10,112.7,6.8,17.25,3.91
1,2016-01-24,7,Sunday,1,7,5.68,13.1,1.28,12.29,24.35,28,1.17,24,364.5,6.3,51.3,11.23
1,2016-01-24,8,Sunday,1,7,4.47,10.97,1.06,10.21,22.83,36,1.13,32,410.63,3.8,38.5,8.52
2,2016-01-24,10,Sunday,1,7,3.86,10.35,1.39,11.23,19.12,580,1.96,296,3762.68,3.8,70.01,9.51
1,2016-01-24,11,Sunday,1,7,3.74,10.42,1.42,11.37,18.52,357,1.36,263,3353.1,4.3,69.99,8.89
2,2016-01-24,13,Sunday,1,7,3.89,10.99,1.37,12.51,17.34,1358,2.07,657,8729.04,4.3,70.01,9.24
2,2016-01-24,14,Sunday,1,7,4.03,11.3,1.42,12.49,17.82,1570,2.11,743,10190.34,3.8,70.01,10.48
2,2016-01-24,15,Sunday,1,7,3.66,10.46,1.32,11.69,17.45,1537,2.03,756,9626.94,3.8,70.01,8.75
2,2016-01-24,16,Sunday,1,7,4.19,11.34,1.56,12.18,18.55,1632,2.22,734,10204.77,4.3,70.01,11.52
1,2016-01-24,18,Sunday,1,7,3.94,11.11,1.51,12.66,17.37,786,1.35,582,7983.68,3.8,70.0,9.38
1,2016-01-24,20,Sunday,1,7,4.5,11.47,1.53,11.97,20.06,541,1.29,419,6054.39,4.3,69.99,10.48
2,2016-01-25,1,Monday,0,1,5.9,13.2,1.48,12.33,26.28,406,2.1,193,3126.4,4.8,58.34,10.85
2,2016-01-25,3,Monday,0,1,6.17,13.79,1.14,12.51,27.56,181,2.08,87,1427.82,5.3,65.34,10.63
1,2016-01-25,5,Monday,0,1,5.59,12.72,1.66,11.89,25.03,150,1.1,136,2172.8,4.8,69.99,12.19
1,2016-01-25,6,Monday,0,1,4.71,11.87,1.84,12.65,20.03,396,1.1,360,5346.31,4.3,70.34,12.07
1,2016-01-25,7,Monday,0,1,4.59,13.37,1.73,16.39,15.81,580,1.16,500,8087.27,4.3,69.99,11.44
1,2016-01-25,8,Monday,0,1,3.96,13.25,1.85,17.36,12.94,694,1.17,591,9528.55,3.8,62.79,10.59
2,2016-01-25,10,Monday,0,1,3.92,13.8,1.85,18.58,12.38,1356,2.06,659,11030.01,4.3,70.01,11.12
1,2016-01-25,11,Monday,0,1,3.77,13.57,1.74,18.15,12.18,621,1.16,537,8782.89,3.8,70.0,11.56
2,2016-01-25,13,Monday,0,1,4.42,14.21,1.9,17.71,14.03,1145,2.01,570,9838.92,3.8,70.01,13.5
2,2016-01-25,14,Monday,0,1,4.16,13.59,1.73,17.54,13.13,1372,2.12,646,10601.43,3.8,70.01,12.45
2,2016-01-25,15,Monday,0,1,3.78,13.04,1.76,17.48,12.37,1386,2.08,667,10567.1,3.8,70.01,10.91
2,2016-01-25,16,Monday,0,1,3.92,12.6,1.78,16.04,13.62,1427,2.09,682,11209.58,4.8,70.01,11.49
1,2016-01-25,18,Monday,0,1,3.69,12.13,1.73,15.52,13.27,986,1.22,808,12725.79,4.8,69.99,9.88
1,2016-01-25,20,Monday,0,1,4.42,11.95,1.92,13.49,18.11,957,1.19,805,12368.6,4.3,69.99,10.08
2,2016-01-26,1,Tuesday,0,2,6.5,14.48,1.94,13.5,26.95,414,2.08,199,3568.82,4.8,70.01,12.06
2,2016-01-26,3,Tuesday,0,2,6.72,14.71,1.8,13.69,27.31,178,1.98,90,1627.49,4.8,60.41,11.94
1,2016-01-26,5,Tuesday,0,2,6.38,14.23,1.98,12.15,27.04,203,1.09,187,3371.63,4.8,69.99,16.19
1,2016-01-26,6,Tuesday,0,2,4.37,11.12,1.54,11.22,21.25,479,1.06,450,6145.43,4.3,69.99,10.32
1,2016-01-26,7,Tuesday,0,2,3.84,11.52,1.63,13.55,15.96,855,1.14,750,10608.88,4.3,69.99,9.75
1,2016-01-26,8,Tuesday,0,2,3.65,12.56,1.79,16.55,12.63,956,1.14,842,12907.65,3.8,70.0,10.1
2,2016-01-26,10,Tuesday,0,2,3.51,13.59,1.87,19.11,11.08,1661,2.08,800,13101.25,3.8,58.3,9.6
1,2016-01-26,11,Tuesday,0,2,3.59,13.87,1.83,19.36,11.02,657,1.13,579,9679.41,4.3,69.99,10.38
2,2016-01-26,13,Tuesday,0,2,3.99,14.53,1.93,19.91,11.43,1493,2.0,745,13097.01,3.8,70.01,11.98
2,2016-01-26,14,Tuesday,0,2,3.77,13.49,1.72,18.1,11.77,1568,2.03,773,12564.21,4.3,70.01,11.14
2,2016-01-26,15,Tuesday,0,2,3.69,13.44,1.63,18.25,11.58,1581,2.11,749,12085.84,3.8,67.34,10.41
2,2016-01-26,16,Tuesday,0,2,4.09,13.88,2.05,18.58,12.13,1420,2.01,707,12729.21,4.8,70.01,12.44
1,2016-01-26,18,Tuesday,0,2,3.48,12.23,1.79,16.27,12.82,1115,1.17,953,15192.72,4.8,64.34,9.19
1,2016-01-26,20,Tuesday,0,2,4.71,12.62,1.98,14.14,18.14,1062,1.17,909,14660.95,4.3,70.0,10.66
2,2016-01-27,1,Wednesday,0,3,6.01,13.66,1.59,12.92,25.44,440,2.04,216,3596.6,4.8,70.01,10.05
2,2016-01-27,3,Wednesday,0,3,5.46,12.96,1.27,11.82,26.32,251,2.26,111,1734.26,5.3,52.8,9.67
1,2016-01-27,5,Wednesday,0,3,5.25,12.05,1.51,10.02,27.42,174,1.09,159,2426.3,4.3,69.99,13.06
1,2016-01-27,6,Wednesday,0,3,4.15,10.47,1.41,10.11,22.1,517,1.05,492,6381.6,3.8,70.0,10.78
1,2016-01-27,7,Wednesday,0,3,3.74,11.18,1.61,13.07,16.28,865,1.1,789,10858.2,3.8,70.0,9.37
1,2016-01-27,8,Wednesday,0,3,3.48,12.15,1.83,15.92,12.6,1038,1.13,916,13708.21,3.8,71.79,9.58
2,2016-01-27,10,Wednesday,0,3,3.57,13.03,1.75,17.53,12.25,1666,2.0,834,13161.65,3.8,70.01,10.03
1,2016-01-27,11,Wednesday,0,3,3.56,13.09,1.77,17.62,11.9,756,1.12,672,10616.95,3.8,69.99,10.31
2,2016-01-27,13,Wednesday,0,3,3.79,12.96,1.86,16.87,12.77,1682,2.12,795,12636.69,3.8,70.01,11.34
2,2016-01-27,14,Wednesday,0,3,3.81,13.09,1.76,17.4,12.32,1802,2.12,851,13474.73,3.8,70.01,10.46
2,2016-01-27,15,Wednesday,0,3,3.75,12.72,1.73,16.89,12.55,1743,2.21,787,12226.67,4.3,70.01,11.36
2,2016-01-27,16,Wednesday,0,3,3.84,12.77,1.82,16.85,13.08,1267,1.92,660,10974.72,4.8,67.09,10.87
1,2016-01-27,18,Wednesday,0,3,3.52,11.55,1.74,14.81,13.69,1226,1.17,1044,15857.79,4.8,69.99,8.84
1,2016-01-27,20,Wednesday,0,3,4.39,12.0,1.92,13.42,18.03,1298,1.2,1079,16637.04,4.3,64.34,10.16
1,2016-01-28,2,Thursday,0,4,5.38,12.54,1.54,11.86,25.2,218,1.24,176,2719.88,4.3,55.01,9.65
1,2016-01-28,4,Thursday,0,4,6.45,14.06,1.58,11.9,30.33,146,1.16,126,2171.87,4.8,63.35,11.47
2,2016-01-28,5,Thursday,0,4,6.33,13.67,1.89,11.13,29.76,411,2.2,187,3235.36,4.3,70.01,13.92
2,2016-01-28,6,Thursday,0,4,4.8,11.61,1.86,10.63,24.57,1042,2.08,501,7364.84,4.3,70.01,12.77
2,2016-01-28,7,Thursday,0,4,3.77,10.93,1.53,12.59,17.55,1965,2.02,974,13056.67,3.8,68.81,8.63
2,2016-01-28,8,Thursday,0,4,3.66,12.1,1.82,15.62,13.6,2294,2.09,1099,16345.01,3.8,70.01,9.45
1,2016-01-28,9,Thursday,0,4,3.38,11.91,1.78,15.61,12.54,939,1.07,876,12815.81,3.3,63.35,9.14
2,2016-01-28,11,Thursday,0,4,3.7,12.48,1.71,16.04,13.11,1846,2.08,886,13478.97,3.8,70.01,10.18
2,2016-01-28,18,Thursday,0,4,3.97,12.0,1.73,14.87,14.92,2604,2.05,1271,20040.63,4.8,70.01,10.29
2,2016-01-28,20,Thursday,0,4,4.67,12.34,2.0,13.56,19.07,2619,1.95,1342,21377.45,4.3,70.01,10.18
1,2016-01-28,21,Thursday,0,4,4.61,12.14,1.99,13.14,19.5,1349,1.22,1108,17288.55,4.3,63.35,9.29
1,2016-01-29,0,Friday,0,5,5.22,12.76,1.85,12.96,22.64,805,1.24,648,10374.83,4.3,69.99,9.69
2,2016-01-29,2,Friday,0,5,5.42,12.45,1.46,11.61,25.84,644,2.09,308,4697.24,4.8,58.34,9.18
2,2016-01-29,4,Friday,0,5,7.15,15.04,1.97,11.87,31.71,381,2.52,151,2841.49,4.8,70.01,15.46
2,2016-01-29,9,Friday,0,5,3.74,11.79,1.67,14.24,14.66,2043,1.99,1027,14803.4,4.3,70.01,9.75
1,2016-01-29,12,Friday,0,5,3.62,11.89,1.58,14.59,13.75,988,1.21,814,11808.03,3.8,69.99,10.33
1,2016-01-29,17,Friday,0,5,3.45,11.16,1.62,14.09,14.22,1117,1.22,918,13508.14,4.8,69.99,8.65
1,2016-01-29,19,Friday,0,5,3.76,11.39,1.74,13.44,15.7,1588,1.28,1243,18705.1,5.3,69.99,9.7
2,2016-01-29,21,Friday,0,5,4.28,12.02,1.78,13.67,18.11,2593,2.01,1290,19675.68,4.3,70.01,9.06
1,2016-01-29,22,Friday,0,5,4.3,12.02,1.7,13.5,17.91,1563,1.4,1120,16947.64,4.3,69.99,9.47
1,2016-01-29,23,Friday,0,5,4.67,12.72,1.9,14.46,18.52,1450,1.33,1090,17475.63,3.8,69.99,9.73
1,2016-01-30,0,Saturday,1,6,4.61,12.32,1.81,13.58,19.51,1490,1.4,1062,16499.16,4.3,70.0,8.94
2,2016-01-30,2,Saturday,1,6,4.74,11.83,1.65,12.05,22.27,1837,2.12,867,12830.99,4.3,55.3,8.22
2,2016-01-30,4,Saturday,1,6,5.69,13.15,1.52,12.52,25.44,897,2.13,422,6784.03,4.3,63.8,9.86
2,2016-01-30,9,Saturday,1,6,3.9,10.26,1.37,10.05,21.78,1613,2.02,797,10020.9,3.8,70.01,8.76
1,2016-01-30,12,Saturday,1,6,3.53,10.54,1.35,11.85,17.06,1296,1.35,963,12342.57,3.3,70.34,8.26
1,2016-01-30,17,Saturday,1,6,3.8,11.45,1.41,13.71,15.71,1398,1.4,996,13860.8,4.3,70.0,9.3
1,2016-01-30,19,Saturday,1,6,3.54,11.29,1.48,13.92,15.12,1608,1.39,1158,15993.76,3.8,69.99,8.0
2,2016-01-30,21,Saturday,1,6,3.88,11.41,1.61,13.3,17.28,2448,2.05,1197,17217.64,4.3,70.01,8.28
1,2016-01-30,22,Saturday,1,6,3.71,11.38,1.67,13.66,16.21,1507,1.42,1065,15337.77,4.3,69.99,7.93
1,2016-01-30,23,Saturday,1,6,4.11,11.96,1.76,14.08,17.28,1649,1.47,1124,16966.27,4.3,54.39,8.22
1,2016-01-31,0,Sunday,1,7,4.55,12.31,1.7,13.94,19.3,1476,1.42,1040,15977.07,3.8,53.8,8.14
2,2016-01-31,2,Sunday,1,7,4.88,12.08,1.63,12.29,22.27,1902,2.0,950,14310.91,4.3,66.36,8.63
2,2016-01-31,4,Sunday,1,7,5.92,13.3,1.54,12.07,27.12,945,2.07,457,7400.51,4.3,70.01,10.2
2,2016-01-31,9,Sunday,1,7,3.82,9.92,1.21,9.14,23.69,1240,2.02,614,7425.67,3.8,64.34,8.14
1,2016-01-31,12,Sunday,1,7,4.15,11.3,1.54,12.01,19.19,1108,1.28,864,11973.92,3.8,70.0,9.82
1,2016-01-31,17,Sunday,1,7,4.51,12.38,1.64,13.98,17.54,1171,1.35,869,13272.63,3.8,70.0,11.62
1,2016-01-31,19,Sunday,1,7,4.72,12.15,1.66,12.71,19.69,1037,1.29,805,12127.68,3.8,70.0,11.69
2,2016-01-31,21,Sunday,1,7,5.05,12.28,1.76,11.63,23.79,1388,1.97,703,10934.49,4.8,70.01,11.02
1,2016-01-31,22,Sunday,1,7,5.16,12.29,1.76,11.45,24.86,826,1.31,630,9834.15,4.8,70.0,10.9
1,2016-01-31,23,Sunday,1,7,6.34,13.95,1.91,11.94,28.21,551,1.21,455,8020.9,4.3,70.01,12.76
2,2016-02-01,1,Monday,0,1,6.53,14.06,1.45,12.08,30.17,306,1.88,163,2767.44,5.3,61.01,11.0
2,2016-02-01,3,Monday,0,1,4.86,11.21,1.13,9.48,28.94,155,2.07,75,1028.92,4.8,38.76,8.38
1,2016-02-01,5,Monday,0,1,6.61,14.13,1.82,11.1,30.04,201,1.1,182,3225.86,4.3,70.0,16.23
1,2016-02-01,6,Monday,0,1,4.59,11.08,1.49,10.17,24.74,528,1.07,495,6744.56,3.8,70.0,11.9
1,2016-02-01,7,Monday,0,1,3.86,10.72,1.54,11.63,19.02,901,1.14,792,10483.39,3.8,70.0,8.9
1,2016-02-01,8,Monday,0,1,3.69,11.46,1.75,13.77,15.02,1073,1.16,926,13176.72,3.8,71.8,10.18
2,2016-02-01,10,Monday,0,1,4.67,12.91,1.77,14.48,17.14,1533,1.99,769,12219.21,3.8,70.01,12.97
1,2016-02-01,11,Monday,0,1,3.83,11.68,1.58,13.78,15.31,796,1.17,680,9734.68,3.8,70.34,10.19
2,2016-02-01,13,Monday,0,1,4.27,12.29,1.59,13.98,16.63,1693,2.03,834,12487.15,3.8,70.01,11.36
2,2016-02-01,14,Monday,0,1,4.29,12.18,1.71,13.71,16.44,1707,2.01,850,12808.77,3.8,70.01,12.39
2,2016-02-01,15,Monday,0,1,4.19,12.03,1.53,14.13,15.82,2050,2.06,993,14604.14,3.8,70.01,11.53
2,2016-02-01,16,Monday,0,1,3.45,10.64,1.58,12.92,15.32,1798,1.95,921,13078.47,4.8,63.41,9.27
1,2016-02-01,18,Monday,0,1,3.43,10.72,1.61,13.03,15.26,1217,1.18,1031,14702.4,4.8,68.34,8.04
1,2016-02-01,20,Monday,0,1,4.6,11.61,1.83,11.42,21.96,1108,1.17,946,14177.66,4.3,69.99,10.59
2,2016-02-02,0,Tuesday,0,2,5.52,12.62,1.76,11.18,27.66,673,1.92,351,5535.57,4.8,67.61,10.58
1,2016-02-02,1,Tuesday,0,2,4.79,11.48,1.38,9.79,27.14,201,1.14,177,2522.28,4.8,52.8,8.98
1,2016-02-02,10,Tuesday,0,2,3.76,12.1,1.76,14.9,13.96,886,1.14,779,11682.71,3.8,70.59,10.54
2,2016-02-02,12,Tuesday,0,2,3.84,12.11,1.68,14.62,14.8,1616,1.99,814,12095.36,3.8,68.34,10.3
1,2016-02-02,13,Tuesday,0,2,3.85,11.73,1.56,13.65,15.26,877,1.17,752,10811.02,3.8,69.99,10.51
1,2016-02-02,14,Tuesday,0,2,3.84,11.71,1.61,13.77,15.26,980,1.2,819,11769.54,3.8,69.99,10.47
1,2016-02-02,15,Tuesday,0,2,3.99,11.95,1.58,13.89,15.49,1099,1.22,900,13293.57,3.8,69.99,11.08
1,2016-02-02,16,Tuesday,0,2,3.41,10.65,1.64,12.87,15.35,843,1.2,705,10049.82,4.8,56.64,8.98
2,2016-02-02,17,Tuesday,0,2,3.43,10.67,1.68,12.93,15.57,2055,1.95,1054,15092.13,4.8,65.21,8.47
2,2016-02-02,19,Tuesday,0,2,4.08,11.13,1.86,12.32,18.7,2642,2.12,1249,18769.44,4.8,63.34,9.39
2,2016-02-02,22,Tuesday,0,2,4.89,12.23,2.05,12.39,22.26,2326,2.07,1124,17711.31,4.8,70.01,10.34
2,2016-02-02,23,Tuesday,0,2,4.99,11.87,1.83,11.19,24.74,1452,1.99,729,11035.9,4.8,64.34,9.78
2,2016-02-03,0,Wednesday,0,3,4.93,11.68,1.89,10.92,25.46,984,2.1,469,7032.86,4.8,51.34,9.16
1,2016-02-03,1,Wednesday,0,3,5.52,12.46,1.59,10.72,27.75,310,1.26,247,3800.13,4.3,67.34,10.2
1,2016-02-03,3,Wednesday,0,3,5.13,12.48,1.35,10.76,27.32,125,1.25,100,1525.29,4.3,60.35,10.07
1,2016-02-03,10,Wednesday,0,3,3.83,12.19,1.81,15.1,14.6,887,1.14,777,11682.14,3.8,60.95,9.68
2,2016-02-03,12,Wednesday,0,3,3.64,11.91,1.65,14.79,13.99,2189,2.1,1040,15195.52,3.8,70.01,10.54
1,2016-02-03,13,Wednesday,0,3,3.42,11.66,1.54,14.6,13.37,971,1.15,848,12008.22,3.8,69.99,9.9
1,2016-02-03,14,Wednesday,0,3,3.57,11.82,1.67,15.12,13.07,1148,1.19,966,14013.16,4.3,69.99,9.95
1,2016-02-03,15,Wednesday,0,3,3.43,11.81,1.59,15.53,12.63,1145,1.24,921,13307.8,3.8,68.84,9.85
1,2016-02-03,16,Wednesday,0,3,3.3,11.44,1.62,15.04,13.01,898,1.22,735,11032.8,4.3,68.34,9.17
2,2016-02-03,17,Wednesday,0,3,3.42,11.64,1.63,15.41,13.32,1727,1.91,902,13737.32,4.88,58.61,9.1
2,2016-02-03,19,Wednesday,0,3,3.71,10.71,1.82,12.4,16.98,2267,1.94,1168,16908.46,4.8,56.81,8.42
2,2016-02-03,22,Wednesday,0,3,4.91,12.02,1.96,11.87,22.93,2082,1.99,1047,16180.4,4.3,70.01,10.07
2,2016-02-03,23,Wednesday,0,3,5.89,13.41,2.18,12.24,26.37,1554,2.02,770,13181.55,4.4,70.01,11.43
2,2016-02-04,1,Thursday,0,4,5.38,12.17,1.54,10.69,28.57,496,1.87,265,4004.09,4.8,64.34,9.54
2,2016-02-04,3,Thursday,0,4,5.64,12.63,1.31,11.05,28.68,281,2.49,113,1744.44,4.3,40.61,8.62
1,2016-02-04,5,Thursday,0,4,5.55,12.37,1.37,10.11,29.07,214,1.1,195,2978.97,3.8,68.34,12.56
1,2016-02-04,6,Thursday,0,4,4.38,10.67,1.57,9.95,24.1,530,1.05,505,6697.81,4.3,68.84,10.03
1,2016-02-04,7,Thursday,0,4,3.75,10.51,1.53,11.56,18.38,987,1.1,897,11682.11,4.3,69.99,8.65
1,2016-02-04,8,Thursday,0,4,3.54,11.31,1.79,13.89,14.66,1207,1.12,1074,15133.52,3.8,69.99,9.56
2,2016-02-04,10,Thursday,0,4,3.61,11.6,1.61,14.15,14.75,1923,2.07,931,13237.47,3.8,70.01,9.76
1,2016-02-04,11,Thursday,0,4,3.43,11.87,1.81,15.12,13.42,920,1.16,795,11646.73,3.8,70.34,9.57
2,2016-02-04,13,Thursday,0,4,4.44,12.9,1.88,14.99,16.07,1914,2.02,949,15169.05,4.3,70.01,12.27
2,2016-02-04,14,Thursday,0,4,4.04,12.05,1.76,14.37,15.23,2068,2.09,990,14789.95,3.8,70.01,11.52
2,2016-02-04,15,Thursday,0,4,4.09,12.28,1.75,14.71,14.89,2041,2.02,1009,15310.14,4.3,70.01,12.13
2,2016-02-04,16,Thursday,0,4,3.62,10.95,1.59,13.06,15.82,1712,2.04,840,12255.75,4.8,59.12,9.9
1,2016-02-04,18,Thursday,0,4,3.37,10.82,1.69,13.41,14.62,1309,1.2,1088,15718.13,4.8,66.35,8.27
1,2016-02-04,20,Thursday,0,4,4.43,11.89,1.91,13.05,18.53,1339,1.19,1123,17180.72,4.3,70.0,9.91
1,2016-02-05,0,Friday,0,5,4.95,12.08,1.79,11.98,22.87,743,1.25,593,9021.79,4.3,68.34,9.61
2,2016-02-05,2,Friday,0,5,4.85,11.43,1.46,10.67,25.55,591,2.05,288,4130.75,4.3,56.0,8.7
2,2016-02-05,4,Friday,0,5,5.26,11.91,1.03,10.64,27.66,326,2.31,141,2030.18,4.3,51.34,9.22
2,2016-02-05,9,Friday,0,5,3.49,11.2,1.68,13.61,15.03,2049,2.01,1019,14129.55,3.8,70.01,9.31
1,2016-02-05,12,Friday,0,5,3.72,11.08,1.61,12.49,16.25,918,1.16,790,10839.72,3.8,69.99,9.99
1,2016-02-05,17,Friday,0,5,3.52,10.5,1.53,12.01,16.79,1162,1.21,957,13436.03,4.3,62.49,8.36
1,2016-02-05,19,Friday,0,5,3.72,10.83,1.68,12.16,17.47,1519,1.25,1217,17587.45,4.8,60.99,8.16
2,2016-02-05,21,Friday,0,5,4.32,11.5,1.62,12.2,19.76,2677,2.01,1332,19441.51,4.3,70.01,9.4
1,2016-02-05,22,Friday,0,5,4.13,11.37,1.71,12.42,18.76,1535,1.38,1109,16070.17,4.3,69.99,8.6
1,2016-02-05,23,Friday,0,5,4.41,11.77,1.8,12.59,19.8,1531,1.41,1082,16208.35,4.3,70.34,8.89
1,2016-02-06,2,Saturday,1,6,4.83,11.96,1.65,11.78,22.86,975,1.32,737,11011.91,4.3,63.35,8.57
1,2016-02-06,4,Saturday,1,6,5.89,13.4,1.57,11.97,27.16,390,1.27,308,5065.13,4.3,70.0,10.5
2,2016-02-06,5,Saturday,1,6,6.81,14.6,1.3,11.83,31.3,335,2.04,164,2877.95,4.8,70.01,12.89
2,2016-02-06,6,Saturday,1,6,6.29,13.58,1.48,10.66,31.18,432,2.08,208,3375.22,4.3,70.01,14.33
2,2016-02-06,7,Saturday,1,6,5.07,11.59,1.55,9.34,29.15,670,2.02,332,4748.46,3.8,70.01,13.2
2,2016-02-06,8,Saturday,1,6,4.72,11.32,1.4,10.13,25.36,1046,2.07,505,6961.22,3.3,70.01,10.53
1,2016-02-06,9,Saturday,1,6,3.55,9.67,1.25,9.35,21.49,749,1.18,637,7508.88,3.8,69.99,7.3
2,2016-02-06,11,Saturday,1,6,3.61,10.17,1.37,10.69,19.28,2073,2.04,1014,12643.93,3.8,70.01,8.12
2,2016-02-06,18,Saturday,1,6,3.77,10.93,1.45,12.66,17.05,2715,2.02,1346,17850.05,3.8,70.01,8.43
2,2016-02-06,20,Saturday,1,6,3.93,11.26,1.5,12.73,17.59,2469,2.13,1158,16365.4,4.3,70.01,8.9
1,2016-02-06,21,Saturday,1,6,4.06,11.56,1.54,12.88,17.8,1315,1.41,933,13549.1,3.8,67.34,8.88
1,2016-02-07,2,Sunday,1,7,4.59,11.47,1.65,11.23,22.91,1157,1.39,830,12001.93,4.3,56.0,8.1
1,2016-02-07,4,Sunday,1,7,5.51,12.78,1.38,11.46,26.13,484,1.33,363,5637.57,4.3,68.34,10.24
2,2016-02-07,5,Sunday,1,7,6.51,14.03,1.51,10.69,33.13,323,2.03,159,2701.8,5.3,70.01,12.38
2,2016-02-07,6,Sunday,1,7,5.59,12.32,1.29,9.56,31.86,282,1.77,159,2347.08,3.8,70.01,11.77
2,2016-02-07,7,Sunday,1,7,6.34,13.69,1.46,9.95,32.53,388,1.9,204,3369.68,3.8,70.01,14.89
2,2016-02-07,8,Sunday,1,7,4.33,10.48,1.31,8.57,27.2,767,1.95,393,5027.77,3.8,70.01,9.83
1,2016-02-07,9,Sunday,1,7,3.92,9.95,1.36,8.81,24.34,627,1.25,502,6164.99,3.8,69.99,8.37
2,2016-02-07,11,Sunday,1,7,3.78,10.07,1.33,9.91,21.36,1994,2.07,961,11853.55,3.8,70.01,8.29
2,2016-02-07,18,Sunday,1,7,4.33,11.11,1.59,11.19,21.21,2509,1.99,1260,17321.93,4.3,70.01,10.48
2,2016-02-07,20,Sunday,1,7,4.8,11.35,1.53,9.85,25.69,1423,2.12,670,9660.52,4.3,70.01,11.36
1,2016-02-07,21,Sunday,1,7,4.96,11.71,1.68,10.37,25.61,859,1.29,664,9919.06,4.8,69.99,11.07
1,2016-02-08,0,Monday,0,1,5.22,12.05,1.59,10.4,27.38,383,1.19,323,4858.09,4.3,69.99,10.04
2,2016-02-08,4,Monday,0,1,7.8,16.03,2.12,11.56,34.86,238,2.31,103,2095.42,4.3,70.01,15.92
2,2016-02-08,9,Monday,0,1,3.73,11.23,1.68,12.99,16.0,1944,1.95,998,13935.89,3.8,70.01,10.0
1,2016-02-08,12,Monday,0,1,3.26,10.13,1.29,11.57,15.53,874,1.2,730,9054.87,4.3,68.34,8.26
1,2016-02-08,17,Monday,0,1,3.56,10.67,1.67,12.4,16.52,925,1.17,791,11332.42,4.8,63.99,8.56
1,2016-02-08,19,Monday,0,1,3.91,10.53,1.65,10.88,19.38,1133,1.16,979,13791.58,5.3,59.19,8.74
2,2016-02-08,21,Monday,0,1,4.74,11.51,1.89,11.11,23.65,2332,2.11,1103,16427.28,4.8,70.01,9.38
1,2016-02-08,22,Monday,0,1,4.87,11.64,1.81,10.88,24.05,878,1.2,729,10922.51,4.3,69.99,10.08
1,2016-02-08,23,Monday,0,1,5.89,13.13,2.12,11.21,27.37,648,1.18,547,9233.55,4.8,70.0,11.84
2,2016-02-09,1,Tuesday,0,2,6.01,13.13,1.7,11.08,29.3,435,2.01,216,3507.99,4.8,70.01,11.5
2,2016-02-09,3,Tuesday,0,2,6.27,13.48,1.25,11.27,31.19,164,2.19,75,1213.36,5.3,47.3,10.14
1,2016-02-09,5,Tuesday,0,2,5.52,12.78,1.56,9.74,29.7,204,1.1,185,2956.01,4.8,70.01,13.07
1,2016-02-09,6,Tuesday,0,2,4.34,10.6,1.42,9.51,24.67,542,1.11,489,6403.15,4.3,69.99,10.95
1,2016-02-09,7,Tuesday,0,2,3.61,10.33,1.52,11.27,18.46,992,1.12,882,11287.35,3.8,68.34,8.76
1,2016-02-09,8,Tuesday,0,2,3.64,11.21,1.68,13.24,15.75,1125,1.12,1000,13850.84,3.8,69.99,9.13
2,2016-02-09,10,Tuesday,0,2,3.6,11.41,1.69,13.61,15.13,1787,2.0,893,12582.95,3.8,70.01,9.72
1,2016-02-09,11,Tuesday,0,2,3.64,11.65,1.56,14.16,14.45,876,1.15,760,10830.64,3.8,70.0,10.02
2,2016-02-09,13,Tuesday,0,2,4.09,12.3,1.71,14.34,15.55,1834,2.03,902,13633.34,3.8,70.34,11.67
2,2016-02-09,14,Tuesday,0,2,3.95,11.91,1.57,14.16,15.42,1939,2.09,926,13448.06,3.8,70.01,10.17
2,2016-02-09,15,Tuesday,0,2,3.91,11.43,1.55,13.16,16.04,1927,2.11,915,12900.98,3.8,70.01,10.74
2,2016-02-09,16,Tuesday,0,2,3.57,10.52,1.57,12.01,16.77,1757,2.07,850,11983.41,4.3,70.01,9.34
1,2016-02-09,18,Tuesday,0,2,3.64,10.96,1.71,12.78,16.16,1295,1.18,1099,16075.27,4.8,63.39,8.53
1,2016-02-09,20,Tuesday,0,2,4.43,11.46,1.86,11.73,20.61,1139,1.17,975,14437.02,4.8,69.99,9.76
2,2016-02-10,0,Wednesday,0,3,5.14,11.89,1.76,10.82,26.73,914,1.95,469,7064.17,4.8,51.0,8.49
1,2016-02-10,1,Wednesday,0,3,5.77,13.04,1.8,11.46,26.95,278,1.23,226,3679.04,4.3,69.99,11.46
1,2016-02-10,3,Wednesday,0,3,5.32,12.14,1.3,10.45,28.25,119,1.27,94,1401.6,4.8,58.34,9.19
1,2016-02-10,10,Wednesday,0,3,3.98,12.35,1.7,15.0,14.55,871,1.12,778,11796.21,3.8,69.99,10.53
2,2016-02-10,12,Wednesday,0,3,3.65,11.55,1.67,13.79,14.81,1985,2.03,976,13918.81,3.8,70.01,10.12
1,2016-02-10,13,Wednesday,0,3,4.15,12.34,1.73,14.48,15.34,964,1.19,809,12290.41,3.8,70.01,11.62
1,2016-02-10,14,Wednesday,0,3,4.08,12.06,1.63,14.06,15.61,1074,1.19,906,13377.86,3.8,70.0,11.15
1,2016-02-10,15,Wednesday,0,3,4.06,11.9,1.66,13.93,15.33,1091,1.22,892,13150.19,3.3,70.01,11.58
1,2016-02-10,16,Wednesday,0,3,3.65,10.91,1.59,12.68,16.05,955,1.2,797,11612.02,4.8,68.34,9.92
2,2016-02-10,17,Wednesday,0,3,3.67,10.86,1.69,12.76,16.31,2180,1.93,1127,16448.15,4.8,56.76,9.29
2,2016-02-10,19,Wednesday,0,3,3.68,10.39,1.67,11.46,18.08,2801,2.0,1401,19646.79,4.8,59.81,8.34
2,2016-02-10,22,Wednesday,0,3,5.13,12.51,2.02,12.38,22.75,2509,2.0,1255,20143.5,4.3,70.01,10.47
2,2016-02-10,23,Wednesday,0,3,5.15,12.29,1.83,11.64,24.19,1754,2.03,863,13477.74,4.3,70.01,10.24
2,2016-02-11,1,Thursday,0,4,5.02,11.73,1.6,10.68,26.6,598,2.25,266,3913.53,4.3,68.34,9.55
2,2016-02-11,3,Thursday,0,4,5.38,12.06,1.07,10.08,28.66,235,2.06,114,1645.25,4.3,52.8,9.32
1,2016-02-11,5,Thursday,0,4,5.89,12.93,1.73,10.0,29.49,199,1.05,190,3130.24,3.8,70.0,15.52
1,2016-02-11,6,Thursday,0,4,4.22,10.46,1.62,9.43,24.35,568,1.08,527,6956.91,3.8,69.99,11.37
1,2016-02-11,7,Thursday,0,4,3.61,10.34,1.53,11.32,18.14,1007,1.14,883,11346.61,3.8,70.0,9.06
1,2016-02-11,8,Thursday,0,4,3.43,11.0,1.6,13.3,14.71,1176,1.13,1042,14094.32,3.8,67.34,8.65
2,2016-02-11,10,Thursday,0,4,3.64,11.75,1.61,14.39,14.49,2116,2.07,1023,14689.29,3.8,70.01,9.69
1,2016-02-11,11,Thursday,0,4,3.41,11.57,1.68,14.39,13.58,982,1.14,860,12255.64,4.3,69.99,9.9
2,2016-02-11,13,Thursday,0,4,3.92,12.12,1.75,14.52,14.74,2237,2.16,1034,15551.7,3.8,70.01,11.75
2,2016-02-11,14,Thursday,0,4,3.77,11.9,1.64,14.58,14.43,2260,2.03,1112,16246.18,3.8,70.01,10.73
2,2016-02-11,15,Thursday,0,4,3.87,12.19,1.72,15.22,14.34,2259,2.02,1118,16824.24,3.8,70.01,10.71
2,2016-02-11,16,Thursday,0,4,3.59,11.35,1.64,14.19,14.78,1801,2.03,889,13307.36,4.8,68.81,9.84
1,2016-02-11,18,Thursday,0,4,3.41,10.87,1.68,13.43,14.58,1453,1.21,1204,17405.12,4.8,68.19,8.19
1,2016-02-11,20,Thursday,0,4,4.17,11.44,1.82,12.57,18.0,1490,1.19,1248,18433.05,3.8,69.99,10.1
1,2016-02-12,2,Friday,0,5,4.83,11.63,1.53,10.77,24.72,296,1.32,225,3258.75,4.8,54.1,8.32
1,2016-02-12,4,Friday,0,5,6.63,14.18,1.71,11.23,31.42,190,1.22,156,2751.58,3.8,69.99,12.93
2,2016-02-12,5,Friday,0,5,7.38,15.92,2.09,12.34,31.71,397,2.04,195,3881.14,5.3,70.01,17.31
2,2016-02-12,6,Friday,0,5,4.55,11.07,1.57,10.22,24.76,1072,1.92,559,7671.05,3.8,70.01,11.29
2,2016-02-12,7,Friday,0,5,3.79,10.67,1.62,11.53,19.0,2058,2.01,1023,13566.67,3.8,70.01,9.83
2,2016-02-12,8,Friday,0,5,3.76,11.6,1.71,14.04,15.5,2447,2.03,1208,17250.71,3.8,70.01,9.88
1,2016-02-12,9,Friday,0,5,3.36,11.44,1.69,14.17,13.49,1042,1.12,929,13092.36,3.8,69.99,9.43
2,2016-02-12,11,Friday,0,5,3.85,12.32,1.63,15.16,14.51,2017,2.01,1003,15011.69,3.8,70.01,10.52
2,2016-02-12,18,Friday,0,5,3.81,11.53,1.8,14.12,15.5,2591,2.01,1286,19732.05,4.8,63.41,9.68
2,2016-02-12,20,Friday,0,5,4.17,11.77,1.71,13.55,17.34,2633,2.05,1284,19218.7,4.3,70.01,9.98
1,2016-02-12,21,Friday,0,5,4.4,12.2,1.83,13.65,17.93,1433,1.36,1050,16290.32,4.8,69.99,9.9
2,2016-02-13,0,Saturday,1,6,4.73,12.17,1.63,12.76,20.71,2257,2.06,1098,16727.39,4.3,70.01,9.84
1,2016-02-13,1,Saturday,1,6,4.57,11.75,1.64,12.16,21.44,1118,1.38,812,11965.41,4.3,69.99,7.84
1,2016-02-13,3,Saturday,1,6,5.33,12.55,1.65,11.83,24.93,652,1.31,497,7748.21,4.8,54.8,8.82
1,2016-02-13,10,Saturday,1,6,3.81,10.24,1.32,9.93,21.0,1001,1.28,782,9829.41,3.8,69.99,9.61
2,2016-02-13,12,Saturday,1,6,3.52,10.27,1.27,11.1,18.18,2689,2.04,1320,16410.3,3.8,70.01,8.32
1,2016-02-13,13,Saturday,1,6,3.53,10.78,1.31,12.14,16.62,1511,1.35,1121,14618.5,4.3,70.34,8.99
1,2016-02-13,14,Saturday,1,6,3.71,10.87,1.31,12.11,16.8,1484,1.39,1070,14066.39,3.8,69.99,9.58
1,2016-02-13,15,Saturday,1,6,3.3,10.25,1.32,11.77,16.09,1532,1.38,1110,13848.72,3.8,70.0,8.2
1,2016-02-13,16,Saturday,1,6,3.56,10.6,1.32,11.94,16.96,1420,1.4,1012,13165.54,3.8,70.0,9.25
2,2016-02-13,17,Saturday,1,6,3.58,10.94,1.34,12.82,16.58,2472,1.98,1248,16489.82,3.8,70.01,8.73
2,2016-02-13,19,Saturday,1,6,3.67,11.99,1.56,15.0,14.93,3177,2.06,1541,22247.32,3.3,70.01,8.63
2,2016-02-13,22,Saturday,1,6,4.12,11.56,1.56,12.91,18.15,2496,2.01,1244,18005.08,4.3,70.01,8.93
2,2016-02-13,23,Saturday,1,6,4.3,11.79,1.51,13.0,18.83,2588,2.08,1242,18292.46,4.3,70.01,9.02
2,2016-02-14,1,Sunday,1,7,4.82,11.92,1.58,11.93,22.56,1705,1.98,862,12825.76,4.3,63.36,8.68
2,2016-02-14,3,Sunday,1,7,5.28,12.38,1.55,11.66,25.38,1021,2.08,491,7527.38,4.3,60.96,9.16
1,2016-02-14,6,Sunday,1,7,6.01,13.02,1.1,9.55,32.07,169,1.11,152,2313.82,3.8,69.99,12.55
1,2016-02-14,7,Sunday,1,7,5.06,11.59,1.36,9.08,28.63,260,1.1,237,3298.5,4.3,69.99,12.35
1,2016-02-14,8,Sunday,1,7,4.42,10.69,1.31,8.62,25.84,473,1.21,390,5052.99,3.8,69.99,11.61
2,2016-02-14,10,Sunday,1,7,3.82,9.81,1.3,8.99,23.36,1841,1.99,927,11163.87,3.3,70.01,8.99
1,2016-02-14,11,Sunday,1,7,3.66,9.9,1.2,9.6,20.88,1206,1.36,886,10717.14,3.3,70.0,8.93
2,2016-02-14,13,Sunday,1,7,3.88,11.12,1.42,12.04,18.58,2685,2.13,1262,17055.96,3.8,70.01,9.55
2,2016-02-14,14,Sunday,1,7,3.94,11.37,1.41,12.7,17.57,2471,2.06,1202,16514.57,3.0,70.01,9.82
2,2016-02-14,15,Sunday,1,7,4.19,11.5,1.37,12.33,18.73,2339,2.08,1125,15658.86,3.8,70.01,10.41
2,2016-02-14,16,Sunday,1,7,4.28,11.79,1.53,12.82,18.57,2447,2.09,1173,16880.51,3.8,70.01,10.92
1,2016-02-14,18,Sunday,1,7,3.73,11.43,1.55,13.38,16.22,1530,1.42,1074,15054.2,3.8,69.99,8.81
1,2016-02-14,20,Sunday,1,7,3.9,10.92,1.5,11.78,18.67,1295,1.42,913,12592.52,4.3,70.0,8.71
1,2016-02-15,2,Monday,0,1,5.25,12.1,1.46,10.69,27.28,432,1.33,326,4854.79,4.3,63.34,8.49
1,2016-02-15,4,Monday,0,1,6.01,13.37,1.25,11.01,29.46,207,1.31,158,2552.8,4.8,52.8,10.86
2,2016-02-15,5,Monday,0,1,6.97,14.46,2.01,10.73,33.75,290,2.07,140,2578.42,4.3,70.01,14.59
2,2016-02-15,6,Monday,0,1,5.42,12.23,1.61,9.39,30.07,520,1.93,269,4054.51,3.8,70.97,13.97
2,2016-02-15,7,Monday,0,1,4.62,10.78,1.45,8.57,27.93,837,2.04,411,5489.0,3.8,70.01,11.75
2,2016-02-15,8,Monday,0,1,3.92,9.97,1.4,9.15,23.41,1373,1.98,692,8592.34,3.8,70.01,9.1
1,2016-02-15,9,Monday,0,1,3.96,10.42,1.51,9.8,21.75,792,1.18,669,8679.93,3.3,70.0,10.19
2,2016-02-15,11,Monday,0,1,4.04,10.74,1.39,10.83,20.24,2128,2.04,1042,13775.76,3.8,70.01,9.95
2,2016-02-15,18,Monday,0,1,3.85,10.54,1.54,12.0,17.51,2343,1.99,1180,15431.17,3.8,70.01,9.49
2,2016-02-15,20,Monday,0,1,4.21,10.59,1.59,10.36,21.56,2020,2.01,1006,13674.24,4.3,70.01,9.99
1,2016-02-15,21,Monday,0,1,4.57,11.23,1.61,10.63,22.42,894,1.28,698,9987.86,4.3,69.99,11.07
2,2016-02-16,0,Tuesday,0,2,7.67,16.03,2.38,13.13,30.85,791,2.05,385,7839.78,4.3,70.01,14.47
1,2016-02-16,1,Tuesday,0,2,7.55,15.79,2.28,12.75,30.79,263,1.32,199,3919.36,4.3,70.01,14.3
1,2016-02-16,3,Tuesday,0,2,7.89,16.37,2.05,12.92,32.56,102,1.34,76,1518.92,4.8,68.34,14.0
1,2016-02-16,10,Tuesday,0,2,3.85,11.82,1.67,14.26,14.95,881,1.19,738,10729.8,3.8,69.99,10.25
2,2016-02-16,12,Tuesday,0,2,3.85,11.96,1.6,14.54,14.83,2190,2.14,1021,14942.54,3.8,70.01,10.73
1,2016-02-16,13,Tuesday,0,2,3.14,10.77,1.38,13.53,13.41,1193,1.23,967,12645.25,3.8,70.0,8.12
1,2016-02-16,14,Tuesday,0,2,3.19,11.0,1.38,14.08,13.08,1252,1.26,990,13222.53,3.8,69.99,9.21
1,2016-02-16,15,Tuesday,0,2,3.29,10.83,1.43,13.59,14.37,1048,1.23,850,11281.39,3.8,68.34,8.46
1,2016-02-16,16,Tuesday,0,2,3.75,11.18,1.59,13.41,16.24,774,1.22,636,9459.82,4.3,67.59,10.32
2,2016-02-16,17,Tuesday,0,2,3.71,11.45,1.7,14.2,15.47,1809,1.99,907,13698.63,4.8,65.94,9.12
2,2016-02-16,19,Tuesday,0,2,3.97,11.02,1.74,12.31,18.07,2266,2.02,1121,16503.69,4.3,65.76,8.92
2,2016-02-16,22,Tuesday,0,2,5.31,12.69,2.03,12.16,23.86,2013,2.02,995,16236.14,4.3,70.01,11.21
2,2016-02-16,23,Tuesday,0,2,5.74,13.09,2.05,11.94,26.26,1513,1.95,775,12997.24,4.3,70.01,11.37
1,2016-02-17,2,Wednesday,0,3,5.44,12.64,1.53,11.37,26.9,206,1.23,167,2583.4,4.8,54.95,9.07
1,2016-02-17,4,Wednesday,0,3,7.98,16.45,2.05,12.3,33.9,125,1.15,109,2200.33,4.8,69.99,15.42
2,2016-02-17,5,Wednesday,0,3,6.81,14.31,2.04,10.63,32.77,396,1.97,201,3704.31,4.3,70.01,15.53
2,2016-02-17,6,Wednesday,0,3,4.42,10.57,1.39,9.46,25.85,931,1.95,478,6236.15,3.8,70.01,10.5
2,2016-02-17,7,Wednesday,0,3,4.14,11.14,1.62,11.76,19.75,1779,2.01,887,12238.46,3.8,65.84,9.77
2,2016-02-17,8,Wednesday,0,3,3.98,11.91,1.78,14.12,15.95,2209,2.01,1099,16138.32,3.8,70.01,10.03
1,2016-02-17,9,Wednesday,0,3,3.5,11.46,1.68,13.96,14.13,1033,1.12,926,13131.43,3.8,69.99,9.9
2,2016-02-17,11,Wednesday,0,3,3.93,12.1,1.67,14.38,15.19,1900,2.03,938,13974.31,4.3,70.01,10.81
2,2016-02-17,18,Wednesday,0,3,3.55,11.09,1.69,13.59,15.42,2589,2.0,1295,19024.07,4.8,61.01,8.06
2,2016-02-17,20,Wednesday,0,3,4.46,11.48,1.81,11.82,20.75,2515,1.98,1268,18707.16,4.3,70.01,9.94
1,2016-02-17,21,Wednesday,0,3,4.31,11.31,1.86,11.7,20.34,1297,1.21,1068,15654.1,4.3,70.0,9.36
2,2016-02-18,0,Thursday,0,4,5.17,12.08,1.87,11.2,25.56,1160,2.05,566,8681.69,4.8,70.01,9.7
1,2016-02-18,1,Thursday,0,4,5.07,11.88,1.56,10.81,25.52,374,1.21,308,4562.63,5.15,55.84,9.39
1,2016-02-18,3,Thursday,0,4,6.29,13.89,1.33,11.85,29.39,158,1.18,134,2241.23,4.8,63.34,10.42
1,2016-02-18,10,Thursday,0,4,3.97,12.62,1.71,15.53,14.36,937,1.16,805,12410.38,3.8,69.99,10.69
2,2016-02-18,12,Thursday,0,4,3.65,11.71,1.54,14.3,14.54,2174,2.19,992,14145.9,3.8,70.01,9.81
1,2016-02-18,13,Thursday,0,4,3.53,11.23,1.58,13.42,14.48,1012,1.19,847,11715.42,3.8,69.99,9.79
1,2016-02-18,14,Thursday,0,4,4.06,12.25,1.61,14.56,15.0,1128,1.21,931,13922.83,3.8,70.0,11.45
1,2016-02-18,15,Thursday,0,4,3.97,12.04,1.61,14.42,14.91,1134,1.26,903,13365.05,4.3,69.99,10.93
1,2016-02-18,16,Thursday,0,4,3.87,11.54,1.68,13.77,15.65,972,1.25,779,11916.6,4.3,63.35,10.41
2,2016-02-18,17,Thursday,0,4,3.54,11.02,1.61,13.44,15.47,2096,1.96,1069,15638.25,4.8,61.61,8.95
2,2016-02-18,19,Thursday,0,4,3.46,10.37,1.6,12.06,16.66,2646,1.94,1367,18948.77,4.8,57.92,7.68
2,2016-02-18,22,Thursday,0,4,5.18,12.89,2.0,13.24,21.69,2827,2.02,1399,22948.67,4.8,70.01,10.87
2,2016-02-18,23,Thursday,0,4,5.1,12.47,1.91,12.36,22.92,2338,2.0,1170,18487.44,4.3,70.01,9.93
1,2016-02-19,2,Friday,0,5,5.55,12.79,1.46,11.29,27.47,330,1.22,271,4237.2,4.8,58.34,9.06
1,2016-02-19,4,Friday,0,5,6.85,14.75,1.36,12.09,30.97,191,1.19,161,2846.19,4.3,68.34,11.7
2,2016-02-19,5,Friday,0,5,6.42,13.78,1.83,10.55,31.25,374,1.99,188,3271.95,4.3,70.01,14.25
2,2016-02-19,6,Friday,0,5,4.74,11.05,1.47,9.37,26.79,1011,2.04,495,6755.68,4.3,70.01,11.48
2,2016-02-19,7,Friday,0,5,3.95,10.86,1.59,11.52,19.52,1812,2.03,891,11963.34,3.8,70.01,9.31
2,2016-02-19,8,Friday,0,5,3.67,11.13,1.67,12.85,16.61,2341,2.03,1156,15938.24,4.3,70.01,8.94
1,2016-02-19,9,Friday,0,5,3.72,11.49,1.63,13.21,15.49,1046,1.14,917,12981.84,3.8,70.34,9.9
2,2016-02-19,11,Friday,0,5,3.84,11.94,1.65,14.59,14.87,1880,2.01,937,13702.12,3.8,70.01,10.25
2,2016-02-19,18,Friday,0,5,3.87,11.55,1.78,14.03,15.83,2918,2.05,1424,21785.58,4.8,69.39,8.89
2,2016-02-19,20,Friday,0,5,4.27,11.75,1.74,12.99,18.44,2547,1.92,1325,19813.48,4.3,70.01,10.05
1,2016-02-19,21,Friday,0,5,4.48,12.1,1.69,13.17,19.08,1471,1.34,1097,16757.61,3.8,69.99,9.62
2,2016-02-20,0,Saturday,1,6,4.79,12.46,1.79,13.28,20.79,2428,2.02,1204,18860.95,4.3,70.01,9.6
1,2016-02-20,1,Saturday,1,6,4.92,12.35,1.64,12.59,21.9,1181,1.33,886,13598.73,4.3,70.0,9.28
1,2016-02-20,3,Saturday,1,6,5.02,12.05,1.54,11.27,24.66,705,1.31,540,8083.85,4.3,62.15,8.82
1,2016-02-20,10,Saturday,1,6,3.68,10.24,1.34,10.48,19.91,963,1.23,784,9819.8,3.8,63.8,8.52
2,2016-02-20,12,Saturday,1,6,3.95,11.16,1.38,12.19,18.58,2356,2.12,1109,15011.68,4.3,70.01,9.23
1,2016-02-20,13,Saturday,1,6,3.66,10.9,1.32,12.16,17.1,1321,1.33,993,13110.23,3.8,69.99,9.04
1,2016-02-20,14,Saturday,1,6,4.0,11.5,1.54,12.99,16.92,1164,1.31,888,12464.42,3.8,69.99,9.87
1,2016-02-20,15,Saturday,1,6,4.27,12.18,1.51,13.84,17.16,1215,1.37,890,13112.69,3.8,69.99,10.8
1,2016-02-20,16,Saturday,1,6,3.93,11.53,1.43,13.33,16.67,1214,1.34,906,12709.56,3.8,69.99,9.97
2,2016-02-20,17,Saturday,1,6,4.02,11.49,1.42,13.34,17.15,2343,2.04,1148,15866.34,3.8,70.01,9.43
2,2016-02-20,19,Saturday,1,6,3.72,11.29,1.44,13.62,16.14,2601,1.9,1372,18714.04,3.8,70.01,8.58
2,2016-02-20,22,Saturday,1,6,4.26,11.91,1.69,13.46,18.57,2612,2.06,1268,18970.14,4.3,70.01,8.71
2,2016-02-20,23,Saturday,1,6,4.58,12.32,1.65,13.8,19.29,2706,2.02,1341,20621.9,4.8,70.01,8.67
1,2016-02-21,2,Sunday,1,7,4.93,12.18,1.77,12.15,22.77,1209,1.41,855,13114.07,4.3,59.75,8.34
1,2016-02-21,4,Sunday,1,7,5.78,13.22,1.47,12.02,26.56,535,1.3,411,6597.63,4.8,51.8,9.29
2,2016-02-21,5,Sunday,1,7,8.28,17.27,1.77,13.36,33.57,398,2.07,192,3980.4,4.3,70.01,15.85
2,2016-02-21,6,Sunday,1,7,6.22,13.51,1.41,11.03,31.49,357,1.88,190,3030.25,4.3,70.01,11.32
2,2016-02-21,7,Sunday,1,7,6.22,13.65,1.78,10.27,32.16,405,1.79,226,3750.87,4.3,68.34,13.46
2,2016-02-21,8,Sunday,1,7,4.4,10.57,1.38,8.89,27.0,847,1.92,442,5741.03,3.8,70.01,9.68
1,2016-02-21,9,Sunday,1,7,4.73,11.35,1.49,9.66,26.23,606,1.28,475,6607.29,3.8,69.99,11.07
2,2016-02-21,11,Sunday,1,7,3.96,10.51,1.36,10.53,21.31,2006,2.03,986,12684.69,4.3,68.34,8.75
2,2016-02-21,18,Sunday,1,7,4.43,12.01,1.59,13.33,18.33,2314,1.94,1193,17471.78,3.8,70.34,11.27
2,2016-02-21,20,Sunday,1,7,4.76,11.7,1.65,11.66,22.09,1782,1.98,899,13448.12,4.3,70.01,10.97
1,2016-02-21,21,Sunday,1,7,4.76,11.64,1.71,11.24,22.83,981,1.29,763,11418.37,4.8,69.99,10.48
2,2016-02-22,0,Monday,0,1,6.06,13.3,1.52,11.37,29.46,474,1.78,266,4345.27,5.3,70.01,11.29
1,2016-02-22,1,Monday,0,1,6.13,13.74,1.45,11.75,29.03,232,1.26,184,3055.41,4.3,59.75,10.69
1,2016-02-22,3,Monday,0,1,5.98,13.31,1.31,11.13,29.23,139,1.29,108,1729.9,5.3,49.75,10.16
1,2016-02-22,10,Monday,0,1,4.18,12.05,1.68,13.7,16.71,837,1.15,726,10790.62,3.8,70.01,11.48
2,2016-02-22,12,Monday,0,1,4.45,12.03,1.66,12.7,18.58,1565,1.99,788,11691.78,4.3,70.01,11.49
1,2016-02-22,13,Monday,0,1,4.6,12.39,1.56,13.14,18.3,880,1.19,738,11198.82,3.8,69.99,12.26
1,2016-02-22,14,Monday,0,1,4.06,11.49,1.5,12.73,17.04,976,1.19,818,11492.49,3.8,69.99,11.47
1,2016-02-22,15,Monday,0,1,4.04,11.63,1.58,13.12,16.36,1033,1.24,834,11980.26,4.3,70.0,10.97
1,2016-02-22,16,Monday,0,1,3.43,10.13,1.44,11.39,16.62,839,1.21,694,9398.15,4.8,59.79,9.06
2,2016-02-22,17,Monday,0,1,3.76,10.66,1.66,12.0,17.58,1981,1.99,996,14333.31,4.8,61.61,9.23
2,2016-02-22,19,Monday,0,1,3.87,10.41,1.62,10.91,19.8,2494,1.98,1257,17553.37,4.8,59.21,7.99
2,2016-02-22,22,Monday,0,1,5.13,12.17,2.03,11.43,24.56,1906,1.92,992,15563.38,4.3,70.01,10.57
2,2016-02-22,23,Monday,0,1,5.7,12.89,1.91,11.48,26.94,1451,2.05,707,11533.9,4.3,70.01,11.16
1,2016-02-23,0,Tuesday,0,2,5.79,12.96,1.68,11.05,27.75,391,1.18,332,5344.27,4.8,69.99,11.28
2,2016-02-23,2,Tuesday,0,2,5.27,12.06,1.55,10.74,28.08,349,2.41,145,2177.66,4.8,46.54,9.15
2,2016-02-23,4,Tuesday,0,2,7.07,14.7,1.67,11.34,32.78,177,2.49,71,1281.79,4.8,64.34,13.43
2,2016-02-23,9,Tuesday,0,2,3.64,11.59,1.69,14.21,14.83,2246,2.0,1121,15963.34,3.8,70.01,9.4
1,2016-02-23,12,Tuesday,0,2,3.37,11.39,1.57,14.22,13.36,1201,1.18,1015,14164.84,4.3,69.99,9.43
1,2016-02-23,17,Tuesday,0,2,3.27,11.44,1.83,15.08,13.38,1114,1.21,924,14019.08,4.3,66.84,8.87
1,2016-02-23,19,Tuesday,0,2,3.59,10.78,1.75,12.86,15.76,1376,1.2,1151,16651.92,4.8,63.99,8.75
2,2016-02-23,21,Tuesday,0,2,4.56,11.85,1.94,12.6,20.05,2694,1.98,1358,20741.81,4.3,70.01,10.35
1,2016-02-23,22,Tuesday,0,2,4.84,12.6,1.95,13.37,20.35,1053,1.22,864,13824.88,3.8,67.34,10.48
1,2016-02-23,23,Tuesday,0,2,5.68,13.57,2.09,13.34,22.85,825,1.2,688,11873.04,4.3,70.01,12.28
2,2016-02-24,1,Wednesday,0,3,5.72,12.8,1.79,11.16,27.73,593,2.07,286,4591.18,4.8,67.34,10.64
2,2016-02-24,3,Wednesday,0,3,5.68,12.9,1.57,11.59,27.45,248,2.46,101,1614.41,5.3,70.01,10.77
1,2016-02-24,5,Wednesday,0,3,6.22,13.45,1.94,10.45,30.34,193,1.06,182,3137.92,4.8,69.99,15.63
1,2016-02-24,6,Wednesday,0,3,4.2,10.58,1.48,9.75,23.06,595,1.08,553,7243.14,4.3,69.99,10.97
1,2016-02-24,7,Wednesday,0,3,3.6,10.48,1.52,11.82,17.47,1068,1.12,952,12325.57,3.8,70.0,8.85
1,2016-02-24,8,Wednesday,0,3,3.26,10.77,1.67,13.16,14.32,1194,1.12,1064,14192.25,4.3,69.99,8.64
2,2016-02-24,10,Wednesday,0,3,3.31,11.31,1.59,14.36,13.31,2055,2.07,993,13789.16,3.8,65.0,9.38
1,2016-02-24,11,Wednesday,0,3,3.24,11.58,1.64,14.84,12.49,1068,1.18,902,12801.65,4.3,69.99,9.55
2,2016-02-24,13,Wednesday,0,3,3.61,12.07,1.7,15.28,13.29,1990,2.02,984,14528.36,3.8,70.01,10.51
2,2016-02-24,14,Wednesday,0,3,3.62,11.94,1.65,15.16,13.54,1980,2.05,964,14093.76,3.8,70.61,10.11
2,2016-02-24,15,Wednesday,0,3,3.47,11.16,1.57,14.05,14.1,1734,2.0,866,11899.08,3.8,70.01,9.53
2,2016-02-24,16,Wednesday,0,3,3.66,11.17,1.68,13.74,15.04,1655,1.98,835,12426.38,3.8,66.41,9.95
1,2016-02-24,18,Wednesday,0,3,3.45,10.95,1.77,13.61,14.93,1312,1.19,1104,16146.09,4.8,63.39,8.29
1,2016-02-24,20,Wednesday,0,3,4.53,11.91,1.92,12.88,18.88,1219,1.2,1019,15667.95,4.3,70.0,10.62
2,2016-02-25,0,Thursday,0,4,5.71,13.0,2.07,12.12,26.53,850,1.87,455,7501.88,4.3,70.01,10.82
1,2016-02-25,1,Thursday,0,4,7.22,15.29,2.03,12.74,30.15,330,1.2,275,5196.04,4.8,64.34,12.65
1,2016-02-25,3,Thursday,0,4,7.54,15.79,1.73,12.27,32.18,172,1.29,133,2561.37,5.15,66.34,14.19
1,2016-02-25,10,Thursday,0,4,3.81,12.03,1.77,14.63,14.44,864,1.13,765,11377.07,3.3,69.99,10.6
2,2016-02-25,12,Thursday,0,4,4.29,12.51,1.77,14.53,15.94,1930,2.02,957,14802.03,3.8,70.01,11.95
1,2016-02-25,13,Thursday,0,4,4.08,12.27,1.65,14.48,15.29,977,1.15,846,12711.08,3.8,69.99,11.17
1,2016-02-25,14,Thursday,0,4,4.14,12.52,1.73,15.29,14.91,1123,1.2,938,14410.12,3.8,69.99,11.22
1,2016-02-25,15,Thursday,0,4,3.75,11.94,1.63,15.24,13.63,1209,1.2,1005,14767.59,3.8,69.99,10.32
1,2016-02-25,16,Thursday,0,4,3.45,11.12,1.65,13.97,14.43,971,1.19,817,12069.67,4.8,59.34,9.72
2,2016-02-25,17,Thursday,0,4,3.88,11.73,1.77,14.62,15.28,2082,1.91,1088,16930.92,4.8,66.41,10.39
2,2016-02-25,19,Thursday,0,4,3.69,10.81,1.71,12.58,16.78,2696,1.98,1361,19711.03,4.8,58.55,8.21
2,2016-02-25,22,Thursday,0,4,4.9,12.63,1.98,13.38,20.37,2712,1.99,1361,21925.18,4.3,70.01,10.47
2,2016-02-25,23,Thursday,0,4,5.33,13.07,2.0,13.25,22.44,2400,2.06,1165,19302.47,4.3,71.81,10.71
2,2016-02-26,1,Friday,0,5,5.38,12.42,1.57,11.42,25.79,1003,2.07,484,7456.5,4.3,64.34,9.67
2,2016-02-26,3,Friday,0,5,6.08,13.58,1.33,12.0,27.74,427,2.12,201,3272.99,4.3,63.34,10.26
1,2016-02-26,5,Friday,0,5,6.35,13.83,1.92,10.88,30.52,214,1.15,186,3237.25,4.8,70.0,14.67
1,2016-02-26,6,Friday,0,5,4.84,11.48,1.72,10.18,25.32,565,1.08,521,7510.97,3.8,70.0,12.76
1,2016-02-26,7,Friday,0,5,3.7,10.41,1.54,11.1,18.51,971,1.14,851,11018.31,4.3,70.0,9.58
1,2016-02-26,8,Friday,0,5,3.68,11.36,1.71,13.55,15.17,1168,1.11,1050,14783.75,3.8,69.99,9.69
2,2016-02-26,10,Friday,0,5,3.81,11.69,1.51,13.91,15.37,2029,1.99,1019,14520.34,3.8,70.01,10.2
1,2016-02-26,11,Friday,0,5,3.67,11.53,1.5,13.97,14.42,1012,1.16,873,12230.99,3.8,69.99,9.65
2,2016-02-26,13,Friday,0,5,4.18,12.0,1.68,13.79,16.65,1915,2.01,952,14088.07,3.8,70.01,10.85
2,2016-02-26,14,Friday,0,5,3.85,11.75,1.54,14.31,14.9,2111,1.95,1083,15510.01,3.8,70.01,10.56
2,2016-02-26,15,Friday,0,5,3.51,11.29,1.43,14.17,14.23,1957,1.98,987,13591.77,3.8,70.01,9.72
2,2016-02-26,16,Friday,0,5,3.61,11.32,1.63,14.11,15.45,1633,1.95,836,12498.63,4.8,58.55,9.82
1,2016-02-26,18,Friday,0,5,3.6,11.31,1.63,13.96,14.88,1517,1.26,1207,17959.13,4.8,57.99,8.55
1,2016-02-26,20,Friday,0,5,4.24,11.68,1.73,13.04,17.91,1518,1.31,1159,17271.03,4.3,69.99,9.9
1,2016-02-27,0,Saturday,1,6,4.92,12.84,1.88,13.82,20.29,1342,1.33,1010,16358.62,3.8,69.99,9.81
2,2016-02-27,2,Saturday,1,6,4.68,11.62,1.64,11.55,22.67,1727,2.21,782,11420.2,4.3,60.34,8.26
2,2016-02-27,4,Saturday,1,6,6.41,14.32,1.44,13.06,27.47,819,2.19,374,6419.74,4.3,70.01,10.96
2,2016-02-27,9,Saturday,1,6,3.65,9.7,1.31,9.32,22.29,1651,2.06,803,9577.42,3.8,70.01,7.99
1,2016-02-27,12,Saturday,1,6,3.55,10.35,1.36,11.15,17.87,1220,1.32,927,11754.17,3.3,69.99,8.66
1,2016-02-27,17,Saturday,1,6,3.55,10.7,1.37,12.28,16.64,1457,1.41,1037,13590.94,3.8,69.99,8.91
1,2016-02-27,19,Saturday,1,6,3.65,11.14,1.44,13.16,15.74,1643,1.38,1193,16252.13,3.8,70.01,8.74
2,2016-02-27,21,Saturday,1,6,4.11,11.46,1.5,12.75,18.27,2374,2.05,1156,16623.26,4.3,70.01,9.06
1,2016-02-27,22,Saturday,1,6,3.93,11.35,1.48,12.96,17.38,1649,1.49,1110,15751.33,4.3,63.3,8.26
1,2016-02-27,23,Saturday,1,6,4.46,12.25,1.68,13.92,18.17,1709,1.42,1203,18428.88,3.8,71.19,9.09
2,2016-02-28,1,Sunday,1,7,4.74,11.95,1.67,12.32,21.87,2399,2.01,1196,17899.56,4.3,54.36,8.31
2,2016-02-28,3,Sunday,1,7,5.05,11.99,1.65,11.3,24.9,1439,1.99,723,10845.49,4.3,70.01,9.05
1,2016-02-28,5,Sunday,1,7,7.07,15.02,1.51,12.05,32.27,203,1.25,162,2928.78,4.8,70.01,13.28
1,2016-02-28,6,Sunday,1,7,7.2,15.02,1.58,11.03,34.02,192,1.18,163,2933.77,4.3,70.34,14.43
1,2016-02-28,7,Sunday,1,7,5.97,13.28,1.52,9.97,30.77,258,1.18,218,3516.56,4.3,69.99,14.62
1,2016-02-28,8,Sunday,1,7,4.51,10.7,1.35,8.49,27.24,466,1.27,367,4848.28,3.8,69.99,11.08
2,2016-02-28,10,Sunday,1,7,4.2,10.54,1.4,9.55,23.79,1666,2.05,811,10505.76,3.8,70.01,9.97
1,2016-02-28,11,Sunday,1,7,3.89,10.48,1.42,10.35,20.92,1034,1.31,788,10158.18,3.8,69.99,8.71
2,2016-02-28,13,Sunday,1,7,4.52,11.93,1.59,12.48,19.56,2051,2.05,1000,14664.55,3.8,70.01,11.41
2,2016-02-28,14,Sunday,1,7,4.74,12.49,1.66,13.53,18.85,2052,2.07,990,15214.99,3.8,70.01,12.09
2,2016-02-28,15,Sunday,1,7,4.65,12.5,1.62,13.92,18.24,1917,2.01,956,14587.45,3.8,70.34,12.16
2,2016-02-28,16,Sunday,1,7,4.63,12.43,1.62,13.84,18.29,1999,2.11,948,14418.06,3.8,70.01,11.58
1,2016-02-28,18,Sunday,1,7,4.5,12.08,1.68,13.4,18.5,1206,1.37,883,13156.42,3.8,69.99,10.93
1,2016-02-28,20,Sunday,1,7,5.2,12.69,1.8,12.29,22.56,818,1.29,634,10220.1,4.3,70.01,12.22
2,2016-02-29,0,Monday,0,1,5.8,12.92,1.95,11.26,29.15,1171,1.95,599,9775.4,4.8,70.01,10.25
1,2016-02-29,1,Monday,0,1,5.72,12.77,1.54,10.99,28.94,225,1.28,176,2746.09,4.3,58.5,9.36
1,2016-02-29,3,Monday,0,1,7.54,16.04,1.31,13.15,31.15,122,1.26,97,1846.43,4.3,68.34,13.32
1,2016-02-29,10,Monday,0,1,3.75,12.1,1.71,14.81,14.79,899,1.13,796,11827.62,3.8,70.0,10.54
2,2016-02-29,12,Monday,0,1,3.9,11.39,1.46,12.96,16.5,1505,1.91,788,10938.34,3.8,70.01,10.23
1,2016-02-29,13,Monday,0,1,4.15,11.72,1.49,12.98,17.16,783,1.15,680,9687.13,3.3,70.0,10.45
1,2016-02-29,14,Monday,0,1,4.44,12.18,1.57,13.16,17.8,1038,1.2,867,12909.78,3.3,70.0,11.69
1,2016-02-29,15,Monday,0,1,3.91,11.32,1.49,12.78,16.64,967,1.22,795,11087.32,3.8,70.01,10.78
1,2016-02-29,16,Monday,0,1,3.65,10.4,1.57,11.4,17.7,886,1.23,720,10048.86,4.3,60.95,9.42
2,2016-02-29,17,Monday,0,1,4.07,11.1,1.72,12.21,18.37,2018,1.98,1019,15208.24,4.8,63.41,10.12
2,2016-02-29,19,Monday,0,1,3.75,10.09,1.65,10.5,20.06,2556,2.07,1233,16843.48,4.8,60.96,8.33
2,2016-02-29,22,Monday,0,1,5.27,12.39,2.01,11.45,25.06,1685,1.97,855,13614.66,4.8,70.01,11.11
2,2016-02-29,23,Monday,0,1,5.6,12.81,1.78,11.41,26.51,1185,2.04,582,9393.19,4.3,70.01,11.41
2,2016-03-01,1,Tuesday,0,2,5.21,11.76,1.42,10.15,28.83,399,1.86,214,3101.53,5.3,52.8,8.68
2,2016-03-01,3,Tuesday,0,2,6.03,13.22,1.17,11.27,30.65,184,2.09,88,1397.26,4.8,44.1,9.62
1,2016-03-01,5,Tuesday,0,2,5.58,12.44,1.82,9.42,30.81,184,1.08,171,2742.44,4.8,69.99,14.35
1,2016-03-01,6,Tuesday,0,2,4.47,10.96,1.6,9.95,24.23,526,1.07,492,6704.14,3.8,70.0,11.38
1,2016-03-01,7,Tuesday,0,2,3.78,10.72,1.51,11.82,18.24,907,1.12,813,10688.99,3.8,64.17,8.63
1,2016-03-01,8,Tuesday,0,2,3.61,11.41,1.71,13.94,14.82,1080,1.11,974,13707.19,3.8,70.01,9.0
2,2016-03-01,10,Tuesday,0,2,3.78,11.79,1.67,14.22,14.92,1869,2.12,880,12774.6,3.8,70.01,10.24
1,2016-03-01,11,Tuesday,0,2,3.66,11.67,1.59,14.06,14.46,808,1.15,700,10000.67,3.8,65.34,9.57
2,2016-03-01,13,Tuesday,0,2,4.06,11.95,1.64,13.72,16.21,1649,1.98,831,12194.32,3.8,70.01,10.88
2,2016-03-01,14,Tuesday,0,2,3.91,11.56,1.55,13.46,15.83,2055,2.14,960,13620.06,3.8,70.01,10.59
2,2016-03-01,15,Tuesday,0,2,3.9,11.49,1.6,13.39,15.84,1978,2.07,955,13546.5,3.8,70.01,11.13
2,2016-03-01,16,Tuesday,0,2,3.6,10.72,1.61,12.57,16.39,1714,2.04,841,12059.93,4.3,68.21,8.92
1,2016-03-01,18,Tuesday,0,2,3.64,11.3,1.66,13.87,15.19,1355,1.2,1132,16903.99,4.3,63.36,8.4
1,2016-03-01,20,Tuesday,0,2,4.32,11.23,1.73,11.5,20.66,1194,1.17,1021,14719.19,4.3,69.99,8.88
1,2016-03-02,0,Wednesday,0,3,5.21,12.2,1.87,11.21,25.65,459,1.18,390,6052.85,4.3,69.99,10.24
2,2016-03-02,2,Wednesday,0,3,4.95,11.53,1.48,10.57,26.76,426,2.1,203,2930.65,5.3,65.34,8.41
2,2016-03-02,4,Wednesday,0,3,6.09,13.25,1.36,11.25,29.85,202,2.22,91,1469.44,5.3,53.3,10.98
2,2016-03-02,9,Wednesday,0,3,3.34,11.16,1.69,13.9,14.5,2218,2.07,1072,14803.34,3.8,63.41,9.03
1,2016-03-02,12,Wednesday,0,3,3.62,11.89,1.64,14.56,13.75,1063,1.17,905,13182.5,3.3,69.99,10.82
1,2016-03-02,17,Wednesday,0,3,3.43,10.91,1.64,13.46,14.99,1172,1.19,982,14247.84,4.3,64.0,8.73
1,2016-03-02,19,Wednesday,0,3,3.76,10.89,1.7,12.51,16.85,1382,1.16,1188,17186.69,4.8,61.84,8.19
2,2016-03-02,21,Wednesday,0,3,4.59,11.79,1.9,12.22,20.98,2923,2.05,1426,21655.33,4.3,70.01,9.87
1,2016-03-02,22,Wednesday,0,3,4.89,12.4,2.04,12.75,21.44,1288,1.22,1058,16824.81,4.3,70.0,10.42
1,2016-03-02,23,Wednesday,0,3,5.33,12.9,1.9,12.69,22.94,917,1.21,759,12352.91,4.8,65.8,10.72
1,2016-03-03,2,Thursday,0,4,4.93,11.64,1.58,10.44,26.39,215,1.26,171,2488.22,4.8,53.8,8.87
1,2016-03-03,4,Thursday,0,4,6.22,13.9,1.39,10.97,31.31,149,1.19,125,2110.65,5.3,63.35,11.42
2,2016-03-03,5,Thursday,0,4,6.26,13.56,2.06,10.44,30.89,425,2.09,203,3521.43,4.8,70.01,15.28
2,2016-03-03,6,Thursday,0,4,4.12,10.14,1.46,9.18,24.95,1094,2.03,539,6800.02,3.8,70.01,9.51
2,2016-03-03,7,Thursday,0,4,3.84,10.88,1.58,11.93,19.02,2137,1.94,1101,14777.51,3.8,70.01,8.68
2,2016-03-03,8,Thursday,0,4,3.49,11.38,1.59,14.13,14.82,2382,1.93,1232,17072.01,3.8,70.61,8.42
1,2016-03-03,9,Thursday,0,4,3.31,11.56,1.69,14.67,13.4,1064,1.1,968,13729.38,3.8,60.34,8.69
2,2016-03-03,11,Thursday,0,4,3.63,11.79,1.65,14.55,14.17,2151,2.09,1029,14866.68,3.8,70.01,9.99
2,2016-03-03,18,Thursday,0,4,3.66,11.18,1.75,13.47,15.7,2757,1.95,1413,21036.89,4.8,60.41,8.75
2,2016-03-03,20,Thursday,0,4,4.38,11.68,1.79,12.7,19.34,3024,2.08,1457,21805.77,4.8,70.01,9.49
1,2016-03-03,21,Thursday,0,4,4.84,12.33,1.89,12.8,20.61,1456,1.23,1186,18702.84,3.8,64.8,10.38
1,2016-03-04,0,Friday,0,5,5.15,12.55,1.87,12.46,22.73,786,1.25,631,10053.47,4.3,69.99,10.47
2,2016-03-04,2,Friday,0,5,5.66,12.78,1.38,11.65,26.68,539,1.95,276,4288.49,4.3,51.3,9.22
2,2016-03-04,4,Friday,0,5,7.27,15.49,1.75,12.96,29.82,342,2.09,164,3128.25,4.8,70.01,13.23
2,2016-03-04,9,Friday,0,5,3.48,11.37,1.71,14.19,14.19,2321,2.04,1136,15942.15,3.8,70.01,9.52
1,2016-03-04,12,Friday,0,5,3.6,11.5,1.62,13.68,14.86,1140,1.16,979,13833.88,3.8,70.0,9.82
1,2016-03-04,17,Friday,0,5,3.55,11.05,1.47,13.35,15.38,1160,1.25,928,13466.32,4.8,54.99,8.48
1,2016-03-04,19,Friday,0,5,3.67,10.88,1.65,12.61,16.49,1647,1.29,1275,18363.67,4.3,60.35,8.05
2,2016-03-04,21,Friday,0,5,4.4,11.77,1.82,12.7,19.17,2662,2.04,1306,19687.46,4.3,70.01,9.89
1,2016-03-04,22,Friday,0,5,4.49,12.04,1.78,13.14,19.23,1489,1.33,1120,17082.35,4.3,69.99,9.07
1,2016-03-04,23,Friday,0,5,4.88,12.96,1.79,14.06,19.43,1569,1.39,1132,18355.05,4.3,69.99,10.27
1,2016-03-05,2,Saturday,1,6,4.59,11.52,1.72,11.56,22.32,962,1.41,680,9921.99,4.3,62.75,8.73
1,2016-03-05,4,Saturday,1,6,5.54,12.64,1.42,11.11,26.92,475,1.36,348,5411.34,4.3,63.35,10.21
2,2016-03-05,5,Saturday,1,6,6.14,13.56,1.35,11.07,29.7,384,2.17,177,2898.26,4.8,66.84,12.33
2,2016-03-05,6,Saturday,1,6,6.18,13.38,1.62,10.05,32.24,422,1.99,212,3449.4,4.3,70.01,14.18
2,2016-03-05,7,Saturday,1,6,4.69,11.11,1.41,9.02,27.65,663,1.98,335,4560.28,3.8,70.01,11.65
2,2016-03-05,8,Saturday,1,6,4.5,11.02,1.53,9.92,24.39,1134,2.01,563,7595.9,3.8,70.01,10.26
1,2016-03-05,9,Saturday,1,6,3.78,10.24,1.39,10.08,20.66,819,1.23,667,8412.85,3.8,69.99,9.42
2,2016-03-05,11,Saturday,1,6,3.64,10.43,1.4,11.3,18.55,2423,2.09,1159,14802.18,3.8,70.01,8.41
2,2016-03-05,18,Saturday,1,6,3.84,11.34,1.46,13.39,16.56,2983,1.99,1499,20575.49,3.8,70.01,9.39
2,2016-03-05,20,Saturday,1,6,3.65,10.64,1.44,12.05,17.43,2467,2.03,1215,16388.1,4.3,70.01,8.31
1,2016-03-05,21,Saturday,1,6,3.92,11.29,1.53,12.77,17.53,1565,1.42,1099,15635.69,4.3,69.99,8.55
2,2016-03-06,0,Sunday,1,7,4.41,11.58,1.62,12.39,20.48,2675,2.05,1303,18994.27,4.3,70.01,8.5
1,2016-03-06,1,Sunday,1,7,4.57,11.74,1.71,12.11,21.31,1496,1.42,1056,15616.51,4.3,51.84,7.91
1,2016-03-06,3,Sunday,1,7,5.14,12.2,1.52,11.24,25.07,834,1.36,612,9246.67,4.3,63.34,9.23
1,2016-03-06,10,Sunday,1,7,3.88,10.18,1.27,9.61,22.19,995,1.28,777,9658.21,3.8,69.99,8.7
2,2016-03-06,12,Sunday,1,7,4.29,11.42,1.46,11.75,20.08,2108,2.02,1044,14510.03,3.8,70.01,10.5
1,2016-03-06,13,Sunday,1,7,4.06,11.31,1.44,12.15,18.53,1260,1.33,949,13090.12,3.8,69.99,10.14
1,2016-03-06,14,Sunday,1,7,4.27,12.13,1.51,13.49,17.61,1296,1.35,963,14170.23,3.8,69.99,11.18
1,2016-03-06,15,Sunday,1,7,4.32,12.11,1.68,13.76,17.47,1293,1.32,980,14612.88,3.3,70.0,11.01
1,2016-03-06,16,Sunday,1,7,4.54,12.52,1.6,14.1,17.92,1205,1.38,873,13380.44,3.8,69.99,11.68
2,2016-03-06,17,Sunday,1,7,4.6,12.51,1.64,13.97,18.16,2196,2.03,1083,16484.41,3.8,70.01,11.86
2,2016-03-06,19,Sunday,1,7,4.55,11.74,1.62,12.42,20.01,1900,1.94,980,14193.33,3.8,70.01,11.14
2,2016-03-06,22,Sunday,1,7,6.03,13.66,1.97,12.31,26.12,1240,1.99,624,10801.96,4.8,70.01,13.49
2,2016-03-06,23,Sunday,1,7,6.27,13.92,1.86,12.14,28.14,856,1.95,439,7678.29,4.8,70.01,12.73
1,2016-03-07,0,Monday,0,1,6.34,13.87,1.78,11.44,29.31,383,1.28,300,5156.88,4.8,69.99,13.1
2,2016-03-07,2,Monday,0,1,6.4,13.88,1.21,12.2,29.56,254,2.27,112,1835.46,4.3,44.8,9.11
2,2016-03-07,4,Monday,0,1,7.79,16.19,1.48,12.96,33.75,244,2.09,117,2271.79,4.8,58.01,12.85
2,2016-03-07,9,Monday,0,1,3.85,12.19,1.81,14.93,15.28,2341,2.16,1085,16312.7,3.8,70.34,10.64
1,2016-03-07,12,Monday,0,1,4.23,12.31,1.57,13.81,16.32,917,1.21,758,11376.1,3.8,70.0,11.91
1,2016-03-07,17,Monday,0,1,3.9,11.31,1.71,13.13,16.86,1041,1.21,857,12908.99,4.8,59.79,9.54
1,2016-03-07,19,Monday,0,1,3.62,10.03,1.62,10.62,19.17,1235,1.23,1005,13651.61,4.3,63.99,7.82
2,2016-03-07,21,Monday,0,1,5.08,12.16,1.94,11.53,24.0,2070,1.97,1050,16488.17,3.8,70.01,10.36
1,2016-03-07,22,Monday,0,1,5.26,12.73,2.01,12.14,23.89,980,1.27,774,12595.18,4.3,70.0,10.99
1,2016-03-07,23,Monday,0,1,5.5,12.82,2.01,11.53,25.67,619,1.24,501,8253.98,5.3,63.35,11.05
1,2016-03-08,0,Tuesday,0,2,5.54,12.73,1.79,11.27,26.87,381,1.19,320,5110.13,4.8,69.99,10.76
2,2016-03-08,2,Tuesday,0,2,5.62,12.65,1.35,10.71,28.77,255,2.02,126,1960.62,4.3,70.01,11.11
2,2016-03-08,4,Tuesday,0,2,6.71,13.95,1.39,10.15,35.15,160,1.95,82,1400.97,4.3,65.34,12.63
2,2016-03-08,9,Tuesday,0,2,3.55,11.28,1.69,13.59,15.08,2158,2.07,1044,14555.55,3.8,70.01,9.13
1,2016-03-08,12,Tuesday,0,2,3.55,11.61,1.68,14.09,14.27,922,1.17,788,11266.85,3.8,69.99,9.62
1,2016-03-08,17,Tuesday,0,2,3.68,11.26,1.7,13.57,15.48,985,1.18,835,12541.15,5.3,61.6,9.55
1,2016-03-08,19,Tuesday,0,2,3.84,10.76,1.77,11.99,17.92,1320,1.2,1097,15877.98,4.8,68.19,8.61
2,2016-03-08,21,Tuesday,0,2,4.71,11.75,1.92,11.83,22.2,2676,1.99,1344,20339.27,4.3,70.01,9.27
1,2016-03-08,22,Tuesday,0,2,5.11,12.57,2.08,12.42,22.51,1165,1.23,944,15266.03,4.3,69.99,10.43
1,2016-03-08,23,Tuesday,0,2,5.47,13.07,1.93,12.73,24.17,885,1.24,713,11765.13,4.3,63.95,10.21
1,2016-03-09,2,Wednesday,0,3,5.38,12.37,1.51,11.1,27.21,189,1.29,147,2237.77,4.3,41.6,8.42
1,2016-03-09,4,Wednesday,0,3,6.61,14.06,1.35,11.28,32.54,146,1.15,127,2165.92,4.8,58.34,11.47
2,2016-03-09,5,Wednesday,0,3,5.85,12.72,1.67,9.54,31.69,385,2.18,177,2851.11,4.3,70.01,13.48
2,2016-03-09,6,Wednesday,0,3,4.73,11.22,1.57,9.88,25.99,995,1.89,527,7319.48,3.8,70.01,11.77
2,2016-03-09,7,Wednesday,0,3,3.98,10.97,1.68,11.89,19.18,2014,2.03,990,13539.9,3.8,70.01,9.71
2,2016-03-09,8,Wednesday,0,3,3.59,11.34,1.71,13.87,15.1,2126,2.02,1050,14719.58,3.8,70.01,9.41
1,2016-03-09,9,Wednesday,0,3,3.75,11.82,1.78,14.39,14.68,963,1.11,868,12725.11,3.8,70.0,9.69
2,2016-03-09,11,Wednesday,0,3,4.07,12.34,1.71,14.78,15.16,1814,2.04,889,13485.43,3.3,70.01,11.08
2,2016-03-09,18,Wednesday,0,3,3.5,10.84,1.72,13.19,15.17,2448,2.01,1215,17627.53,4.8,54.18,8.55
2,2016-03-09,20,Wednesday,0,3,4.36,11.49,1.73,12.26,19.87,2580,2.0,1291,18996.56,4.3,70.01,9.45
1,2016-03-09,21,Wednesday,0,3,4.64,11.95,1.88,12.67,20.23,1372,1.23,1116,17081.4,4.3,65.34,9.61
2,2016-03-10,1,Thursday,0,4,5.75,13.02,1.64,11.75,27.25,650,1.91,340,5470.51,4.3,68.34,9.75
2,2016-03-10,3,Thursday,0,4,5.95,13.17,1.5,11.22,29.66,280,1.93,145,2348.19,5.8,70.01,10.06
1,2016-03-10,5,Thursday,0,4,6.29,13.54,2.0,10.33,31.2,221,1.1,200,3478.24,4.8,70.01,15.82
1,2016-03-10,6,Thursday,0,4,4.54,10.99,1.51,9.85,24.95,562,1.08,519,7048.88,4.3,70.0,11.41
1,2016-03-10,7,Thursday,0,4,4.07,11.22,1.7,12.3,18.57,935,1.12,838,11728.11,3.8,70.0,10.57
1,2016-03-10,8,Thursday,0,4,3.85,11.68,1.79,13.91,15.58,995,1.11,894,12960.21,3.8,69.99,10.18
2,2016-03-10,10,Thursday,0,4,4.03,12.22,1.75,14.57,15.35,1904,2.02,943,14249.0,4.3,70.01,10.81
1,2016-03-10,11,Thursday,0,4,3.69,11.98,1.57,14.7,14.21,962,1.15,834,12144.53,3.8,70.34,10.03
2,2016-03-10,13,Thursday,0,4,4.29,12.74,1.79,15.11,15.47,1897,1.99,951,14929.72,3.8,70.01,12.17
2,2016-03-10,14,Thursday,0,4,4.36,13.2,1.82,16.11,15.15,2128,2.1,1012,16399.41,3.3,70.01,12.24
2,2016-03-10,15,Thursday,0,4,4.24,12.83,1.72,15.62,14.82,1999,2.12,941,14785.43,3.8,71.81,12.24
2,2016-03-10,16,Thursday,0,4,3.84,11.65,1.62,14.29,15.47,1550,1.94,798,12196.27,4.8,65.21,10.05
1,2016-03-10,18,Thursday,0,4,3.53,11.23,1.7,13.97,14.68,1350,1.21,1119,16659.51,4.3,66.39,8.68
1,2016-03-10,20,Thursday,0,4,4.41,11.85,1.83,13.01,18.85,1467,1.21,1211,18410.62,4.3,70.0,9.57
2,2016-03-11,1,Friday,0,5,5.31,12.45,1.69,11.71,25.36,1033,2.17,477,7413.16,4.8,69.34,9.25
2,2016-03-11,3,Friday,0,5,5.76,13.08,1.64,12.06,26.38,495,2.2,225,3625.93,4.3,63.36,10.18
1,2016-03-11,5,Friday,0,5,6.25,13.56,2.09,10.53,30.43,225,1.13,200,3493.64,4.8,70.0,16.16
1,2016-03-11,6,Friday,0,5,5.05,11.89,1.71,10.67,25.16,568,1.07,533,7887.47,4.3,69.99,13.37
1,2016-03-11,7,Friday,0,5,4.0,11.14,1.58,12.13,18.71,915,1.11,822,11280.32,3.8,69.99,9.72
1,2016-03-11,8,Friday,0,5,3.82,11.67,1.64,13.76,15.47,1072,1.13,949,13563.77,3.3,69.99,9.33
2,2016-03-11,10,Friday,0,5,3.97,12.19,1.65,14.65,14.98,1737,1.98,877,13075.53,3.8,70.01,10.59
1,2016-03-11,11,Friday,0,5,3.94,12.33,1.58,14.98,14.36,1003,1.18,848,12713.57,3.8,70.0,10.8
2,2016-03-11,13,Friday,0,5,4.44,12.8,1.73,14.92,16.04,1941,2.07,937,14698.52,3.8,70.01,12.02
2,2016-03-11,14,Friday,0,5,4.24,12.45,1.64,15.0,15.39,2011,2.03,991,15089.53,3.8,70.01,11.41
2,2016-03-11,15,Friday,0,5,4.29,12.83,1.67,16.08,14.89,1956,2.12,921,14450.18,3.8,70.01,11.96
2,2016-03-11,16,Friday,0,5,3.97,12.08,1.67,15.2,15.22,1494,1.92,779,12318.44,4.8,62.21,10.29
1,2016-03-11,18,Friday,0,5,3.58,11.05,1.63,13.47,15.24,1505,1.25,1202,17606.75,4.8,54.8,8.69
1,2016-03-11,20,Friday,0,5,4.05,11.4,1.69,12.85,17.75,1502,1.31,1147,16711.69,4.3,68.84,8.97
2,2016-03-12,1,Saturday,1,6,4.84,12.06,1.7,12.3,22.11,2103,2.1,1001,15151.28,4.3,68.81,8.71
2,2016-03-12,3,Saturday,1,6,5.15,12.19,1.6,11.6,24.79,1195,2.06,581,8819.64,4.8,53.34,8.43
1,2016-03-12,5,Saturday,1,6,7.76,16.18,1.9,12.61,32.95,173,1.23,141,2776.99,4.3,63.35,14.24
1,2016-03-12,6,Saturday,1,6,7.26,15.51,1.73,12.03,31.81,250,1.16,215,3968.94,4.3,69.99,14.61
1,2016-03-12,7,Saturday,1,6,5.05,11.86,1.44,9.63,27.29,328,1.12,292,4242.82,3.8,69.99,13.47
1,2016-03-12,8,Saturday,1,6,4.4,11.0,1.43,10.14,23.64,584,1.16,504,6778.77,3.8,69.99,10.21
2,2016-03-12,10,Saturday,1,6,3.93,10.63,1.38,11.05,20.12,1922,1.98,970,12568.74,3.8,70.01,8.73
1,2016-03-12,11,Saturday,1,6,3.93,11.07,1.37,11.97,18.2,1136,1.28,885,11846.1,3.8,70.34,9.17
2,2016-03-12,13,Saturday,1,6,4.05,11.66,1.43,13.28,17.14,2311,2.09,1106,15587.92,4.3,70.01,9.54
2,2016-03-12,14,Saturday,1,6,4.16,11.81,1.46,13.5,17.13,2192,1.99,1104,15742.24,3.8,70.01,10.68
2,2016-03-12,15,Saturday,1,6,4.14,11.84,1.46,13.69,17.02,2242,2.07,1084,15511.84,3.3,70.01,9.9
2,2016-03-12,16,Saturday,1,6,4.29,12.09,1.59,13.77,17.27,2112,2.16,977,14401.47,3.8,70.01,11.17
1,2016-03-12,18,Saturday,1,6,3.74,11.17,1.39,13.32,16.29,1658,1.41,1179,15981.04,3.8,70.0,8.76
1,2016-03-12,20,Saturday,1,6,3.83,11.33,1.48,13.23,17.0,1466,1.43,1023,14507.1,3.8,69.99,8.24
2,2016-03-13,0,Sunday,1,7,4.86,12.44,1.76,13.32,20.78,2660,2.07,1288,20068.03,4.3,70.01,8.98
1,2016-03-13,1,Sunday,1,7,4.14,10.9,1.55,11.25,20.93,1069,1.38,776,10746.17,3.8,58.54,7.38
1,2016-03-13,3,Sunday,1,7,5.53,13.26,1.75,13.14,23.73,1142,1.36,842,13795.18,4.3,69.99,10.01
1,2016-03-13,10,Sunday,1,7,4.17,10.5,1.29,9.64,23.57,905,1.27,715,9147.99,3.8,69.99,9.03
2,2016-03-13,12,Sunday,1,7,4.41,11.66,1.49,11.95,20.28,2148,2.01,1067,15140.45,3.8,70.01,10.77
1,2016-03-13,13,Sunday,1,7,4.21,11.54,1.5,12.32,18.95,1211,1.32,917,12893.47,3.8,70.0,10.44
1,2016-03-13,14,Sunday,1,7,4.71,12.57,1.61,13.69,18.75,1287,1.34,964,14763.52,3.8,69.99,11.53
1,2016-03-13,15,Sunday,1,7,4.45,12.13,1.62,13.42,18.24,1328,1.37,966,14352.11,3.8,70.34,11.37
1,2016-03-13,16,Sunday,1,7,4.62,12.47,1.65,13.85,18.35,1214,1.34,903,13806.75,4.3,70.0,11.7
2,2016-03-13,17,Sunday,1,7,4.93,12.76,1.75,13.78,19.43,2011,2.0,1004,15728.41,3.8,70.01,12.39
2,2016-03-13,19,Sunday,1,7,4.55,11.61,1.55,12.01,20.75,1914,2.09,916,13053.95,3.8,70.01,10.87
2,2016-03-13,22,Sunday,1,7,5.92,13.4,1.83,11.96,26.42,1300,2.05,633,10650.08,4.3,70.01,12.44
2,2016-03-13,23,Sunday,1,7,7.08,15.12,2.1,12.56,29.74,954,1.91,500,9503.03,4.3,70.01,13.88
1,2016-03-14,0,Monday,0,1,5.58,12.62,1.7,11.19,27.35,412,1.27,325,5147.35,4.3,69.99,10.32
2,2016-03-14,2,Monday,0,1,6.73,14.44,1.5,12.14,30.45,228,2.04,112,1956.31,4.3,70.01,11.47
2,2016-03-14,4,Monday,0,1,7.03,14.72,1.7,11.46,32.76,232,2.15,108,1983.89,5.3,70.01,14.2
2,2016-03-14,9,Monday,0,1,3.75,11.77,1.72,14.64,14.41,2063,1.93,1070,15620.89,3.8,70.01,10.98
1,2016-03-14,12,Monday,0,1,3.74,11.51,1.43,13.37,15.04,1079,1.25,865,12082.09,3.8,70.34,10.81
1,2016-03-14,17,Monday,0,1,3.28,10.29,1.57,12.34,15.41,1177,1.25,943,13075.92,4.8,56.84,8.38
1,2016-03-14,19,Monday,0,1,3.48,10.36,1.63,11.83,16.99,1254,1.19,1055,14637.79,4.8,58.59,8.1
2,2016-03-14,21,Monday,0,1,4.48,11.29,1.81,11.36,21.51,2257,1.97,1148,16773.23,4.3,70.01,9.89
1,2016-03-14,22,Monday,0,1,4.77,11.86,1.74,11.86,22.16,1004,1.24,808,12163.48,3.8,69.99,9.32
1,2016-03-14,23,Monday,0,1,5.67,13.06,2.13,11.92,25.44,758,1.22,622,10448.2,4.3,69.99,11.49
1,2016-03-15,2,Tuesday,0,2,5.15,11.89,1.57,10.37,28.23,160,1.15,139,2051.72,4.8,39.95,8.12
1,2016-03-15,4,Tuesday,0,2,6.98,14.66,1.88,11.34,32.64,106,1.09,97,1767.95,5.3,69.99,13.11
2,2016-03-15,5,Tuesday,0,2,6.09,13.09,1.87,10.24,31.22,368,2.08,177,2972.78,4.3,70.01,14.54
2,2016-03-15,6,Tuesday,0,2,4.38,10.61,1.56,9.7,24.67,955,1.94,493,6508.33,3.8,63.36,10.14
2,2016-03-15,7,Tuesday,0,2,3.78,10.7,1.58,11.81,18.45,1885,1.97,957,12685.35,3.8,70.01,8.92
2,2016-03-15,8,Tuesday,0,2,3.81,11.68,1.7,14.2,15.41,2430,2.03,1198,17201.7,4.3,70.01,9.48
1,2016-03-15,9,Tuesday,0,2,3.47,11.43,1.64,14.15,14.14,1007,1.13,892,12543.19,3.8,69.39,9.42
2,2016-03-15,11,Tuesday,0,2,4.06,12.5,1.7,15.18,14.59,1861,2.05,906,13858.4,3.8,70.01,11.05
2,2016-03-15,18,Tuesday,0,2,3.8,11.34,1.72,13.33,16.47,2520,1.89,1334,20102.8,4.8,60.41,8.63
2,2016-03-15,20,Tuesday,0,2,4.48,11.55,1.81,12.0,20.64,2505,1.99,1258,18671.65,4.3,70.01,9.48
1,2016-03-15,21,Tuesday,0,2,4.57,11.72,1.76,12.06,20.98,1279,1.24,1028,15393.17,4.3,70.0,9.5
1,2016-03-16,2,Wednesday,0,3,5.96,13.33,1.44,11.4,27.88,217,1.23,177,2854.18,4.8,64.56,10.38
1,2016-03-16,4,Wednesday,0,3,6.17,13.81,1.59,11.15,30.35,146,1.23,119,2023.67,5.3,69.99,12.9
2,2016-03-16,5,Wednesday,0,3,6.17,13.27,2.12,9.97,31.82,393,2.11,186,3207.72,5.3,70.01,14.7
2,2016-03-16,6,Wednesday,0,3,5.3,12.3,1.72,11.16,25.24,1050,1.92,548,8357.81,3.8,70.01,14.02
2,2016-03-16,7,Wednesday,0,3,4.04,11.23,1.64,12.47,18.84,1962,2.02,971,13457.67,3.8,70.01,9.28
2,2016-03-16,8,Wednesday,0,3,3.72,11.7,1.75,14.32,15.24,2380,2.1,1136,16405.21,3.8,69.34,9.56
1,2016-03-16,9,Wednesday,0,3,3.64,12.15,1.79,15.42,13.85,1056,1.11,952,14233.55,3.8,69.99,9.68
2,2016-03-16,11,Wednesday,0,3,3.99,12.67,1.76,15.69,14.46,1956,2.05,952,14745.78,3.8,70.01,10.65
2,2016-03-16,18,Wednesday,0,3,3.46,11.26,1.73,14.25,14.47,3005,2.0,1499,22380.9,4.8,64.61,8.65
2,2016-03-16,20,Wednesday,0,3,4.49,11.77,1.86,12.47,19.82,2659,2.03,1312,19945.12,4.3,70.01,10.1
1,2016-03-16,21,Wednesday,0,3,5.0,12.57,2.03,12.97,21.1,1366,1.23,1109,17998.59,4.3,69.99,11.04
2,2016-03-17,0,Thursday,0,4,5.51,12.89,1.85,12.19,25.17,1109,1.95,569,9233.45,3.8,70.01,10.85
1,2016-03-17,1,Thursday,0,4,6.09,13.7,1.63,12.33,26.98,330,1.2,275,4621.45,4.3,69.99,11.23
1,2016-03-17,3,Thursday,0,4,5.47,12.76,1.26,10.87,27.51,163,1.21,135,2084.57,4.3,53.3,10.24
1,2016-03-17,10,Thursday,0,4,4.25,13.53,1.8,16.82,14.66,837,1.16,721,11890.32,4.3,68.34,11.21
2,2016-03-17,12,Thursday,0,4,3.9,12.17,1.63,14.41,15.35,1741,2.01,866,12850.44,3.8,70.01,11.45
1,2016-03-17,13,Thursday,0,4,4.31,12.89,1.68,15.01,16.04,973,1.23,794,12487.07,3.8,69.99,12.23
1,2016-03-17,14,Thursday,0,4,4.33,13.12,1.76,15.79,15.31,1178,1.27,930,14881.75,3.8,70.34,11.98
1,2016-03-17,15,Thursday,0,4,4.26,13.24,1.7,16.67,14.57,1003,1.25,805,13003.35,3.8,69.99,11.75
1,2016-03-17,16,Thursday,0,4,4.05,12.87,1.79,15.99,14.78,843,1.25,675,11274.38,4.8,69.99,11.11
2,2016-03-17,17,Thursday,0,4,3.77,12.34,1.72,15.91,14.31,1987,1.91,1039,16703.97,4.8,65.21,10.2
2,2016-03-17,19,Thursday,0,4,3.99,11.13,1.73,12.45,17.89,2699,1.95,1383,20489.59,4.8,60.3,8.8
2,2016-03-17,22,Thursday,0,4,5.22,13.12,2.0,13.87,21.07,2646,1.97,1341,22339.01,4.3,70.01,10.41
2,2016-03-17,23,Thursday,0,4,5.6,13.63,2.08,13.96,22.28,2549,2.02,1265,21802.0,4.3,70.01,11.75
2,2016-03-18,0,Friday,0,5,5.02,12.26,1.76,12.21,23.18,1843,2.05,898,13889.31,4.3,70.01,10.54
1,2016-03-18,1,Friday,0,5,5.12,12.31,1.68,11.69,24.22,693,1.27,546,8416.45,4.8,69.99,9.87
1,2016-03-18,3,Friday,0,5,6.22,13.95,1.66,12.15,28.14,361,1.34,270,4607.45,4.3,60.8,10.72
1,2016-03-18,10,Friday,0,5,3.8,11.93,1.58,14.34,14.64,974,1.17,832,12140.53,3.8,69.99,10.35
2,2016-03-18,12,Friday,0,5,4.06,12.45,1.62,14.93,15.46,1923,1.98,971,14703.03,3.8,70.34,10.25
1,2016-03-18,13,Friday,0,5,4.14,12.29,1.61,14.37,15.51,1137,1.22,929,13926.14,4.3,70.0,11.24
1,2016-03-18,14,Friday,0,5,3.77,11.81,1.45,14.43,14.5,1251,1.25,1002,14347.38,3.3,69.99,10.16
1,2016-03-18,15,Friday,0,5,3.79,12.19,1.56,15.44,13.87,1084,1.28,847,12601.63,3.8,70.0,10.83
1,2016-03-18,16,Friday,0,5,3.99,12.59,1.73,15.74,14.55,900,1.25,722,11821.03,5.3,69.99,11.32
2,2016-03-18,17,Friday,0,5,3.72,11.73,1.59,14.69,15.2,2149,1.98,1087,16676.48,4.8,63.36,9.04
2,2016-03-18,19,Friday,0,5,3.61,10.89,1.58,12.88,16.57,2681,1.92,1399,20119.4,4.8,61.01,7.6
2,2016-03-18,22,Friday,0,5,4.51,12.21,1.77,13.57,19.06,2606,1.98,1315,20289.51,4.3,70.01,9.59
2,2016-03-18,23,Friday,0,5,4.9,12.72,1.8,13.64,20.39,2611,2.03,1289,20627.76,4.3,70.01,10.49
2,2016-03-19,0,Saturday,1,6,5.16,13.04,1.83,13.9,21.04,2477,1.96,1262,20574.19,4.3,70.01,10.37
1,2016-03-19,1,Saturday,1,6,4.93,12.35,1.71,12.51,22.08,1191,1.37,872,13458.36,4.8,63.36,9.14
1,2016-03-19,3,Saturday,1,6,5.27,12.48,1.48,11.77,24.72,708,1.39,510,7805.9,4.3,51.3,8.58
1,2016-03-19,10,Saturday,1,6,3.79,10.41,1.28,10.68,19.94,1025,1.26,815,10264.09,3.8,69.99,8.42
2,2016-03-19,12,Saturday,1,6,3.73,10.81,1.33,12.05,17.92,2521,2.06,1221,15964.67,3.8,70.01,8.42
1,2016-03-19,13,Saturday,1,6,3.73,11.15,1.49,12.69,16.81,1242,1.33,934,12713.38,3.8,69.99,9.3
1,2016-03-19,14,Saturday,1,6,4.03,11.77,1.35,13.59,16.56,1342,1.37,980,13826.64,3.8,69.99,10.16
1,2016-03-19,15,Saturday,1,6,3.72,11.13,1.45,12.91,16.42,1363,1.4,976,13189.65,3.8,70.01,9.54
1,2016-03-19,16,Saturday,1,6,3.72,10.89,1.4,12.36,16.99,1307,1.37,954,12701.54,3.8,69.99,9.03
2,2016-03-19,17,Saturday,1,6,3.99,11.35,1.43,12.93,17.83,2349,2.0,1175,16152.93,3.8,70.01,9.37
2,2016-03-19,19,Saturday,1,6,3.97,11.63,1.47,13.66,16.85,2769,1.98,1401,19681.56,3.8,70.01,8.81
2,2016-03-19,22,Saturday,1,6,4.23,11.57,1.58,12.81,18.64,2700,2.08,1298,18875.64,4.3,70.01,9.22
2,2016-03-19,23,Saturday,1,6,4.51,12.23,1.68,13.69,18.74,2856,2.01,1419,21737.29,4.8,70.01,9.1
2,2016-03-20,0,Sunday,1,7,4.51,11.83,1.69,12.75,20.46,2672,2.02,1324,19728.89,4.3,66.34,8.64
1,2016-03-20,1,Sunday,1,7,4.81,12.17,1.67,12.38,22.0,1417,1.37,1036,15745.79,4.3,69.99,9.2
1,2016-03-20,3,Sunday,1,7,5.39,12.72,1.69,12.13,24.95,962,1.44,669,10571.63,4.3,57.36,8.84
1,2016-03-20,10,Sunday,1,7,4.09,10.87,1.41,10.48,21.92,931,1.26,739,9850.12,3.8,69.99,10.29
2,2016-03-20,12,Sunday,1,7,4.04,10.77,1.43,10.98,20.45,2366,1.98,1193,15840.6,3.8,68.34,9.89
1,2016-03-20,13,Sunday,1,7,3.91,10.72,1.43,11.13,19.31,1320,1.35,979,12901.13,3.3,69.99,9.74
1,2016-03-20,14,Sunday,1,7,4.17,11.19,1.47,11.71,19.48,1315,1.37,960,13172.59,3.8,70.34,10.54
1,2016-03-20,15,Sunday,1,7,4.36,11.57,1.51,12.21,19.49,1280,1.39,923,13086.34,4.3,70.0,10.56
1,2016-03-20,16,Sunday,1,7,4.31,11.56,1.5,12.33,19.2,1296,1.38,941,13414.74,3.8,69.99,10.98
2,2016-03-20,17,Sunday,1,7,4.68,11.95,1.57,12.12,20.58,2403,2.03,1182,17325.61,3.8,70.01,12.04
2,2016-03-20,19,Sunday,1,7,4.34,11.19,1.57,11.33,20.69,1899,1.95,972,13425.1,3.8,70.01,11.11
2,2016-03-20,22,Sunday,1,7,5.32,12.4,1.73,11.66,24.52,1525,2.04,748,11808.34,4.3,70.01,11.82
2,2016-03-20,23,Sunday,1,7,6.27,13.84,1.81,11.67,27.86,1033,1.99,519,8982.93,4.3,70.01,13.71
1,2016-03-21,2,Monday,0,1,5.84,13.2,1.09,11.76,27.81,162,1.29,126,1963.71,4.3,46.3,8.82
1,2016-03-21,4,Monday,0,1,6.08,13.23,1.69,10.61,31.25,133,1.18,113,1898.51,4.3,68.34,12.73
2,2016-03-21,5,Monday,0,1,6.85,14.57,1.85,11.12,31.88,474,2.35,202,3724.83,4.3,70.01,16.25
2,2016-03-21,6,Monday,0,1,4.42,10.69,1.46,9.75,24.89,957,2.1,455,6034.71,4.3,70.01,10.88
2,2016-03-21,7,Monday,0,1,4.18,10.95,1.53,11.09,21.03,1605,1.89,850,11500.86,3.8,70.01,10.65
2,2016-03-21,8,Monday,0,1,3.8,11.24,1.71,13.07,16.92,2052,1.92,1068,14872.02,4.3,70.01,9.4
1,2016-03-21,9,Monday,0,1,3.67,11.27,1.64,13.28,15.78,965,1.16,834,11627.12,3.8,70.0,10.04
2,2016-03-21,11,Monday,0,1,4.34,11.98,1.71,13.08,18.15,1544,1.99,775,11528.2,3.8,70.01,11.54
2,2016-03-21,18,Monday,0,1,3.6,10.4,1.55,11.54,18.0,2450,2.03,1207,16744.82,4.8,56.34,7.85
2,2016-03-21,20,Monday,0,1,4.54,11.48,1.73,11.53,21.81,2290,1.91,1196,17550.9,4.3,70.01,9.94
1,2016-03-21,21,Monday,0,1,4.83,11.93,1.83,11.71,22.36,1152,1.27,904,13840.6,4.3,70.0,10.6
1,2016-03-22,2,Tuesday,0,2,5.38,12.34,1.54,10.97,27.97,165,1.19,139,2132.51,3.8,50.75,9.3
1,2016-03-22,4,Tuesday,0,2,6.2,13.63,1.4,10.59,31.15,121,1.21,100,1665.41,4.3,69.99,12.73
2,2016-03-22,5,Tuesday,0,2,5.83,12.64,1.78,9.73,32.3,357,2.16,165,2668.2,4.8,70.01,13.33
2,2016-03-22,6,Tuesday,0,2,4.35,10.57,1.38,9.56,25.24,920,1.92,479,6221.81,4.3,70.01,11.1
2,2016-03-22,7,Tuesday,0,2,3.98,10.59,1.56,11.04,20.43,1893,2.05,924,12148.7,3.8,70.01,9.76
2,2016-03-22,8,Tuesday,0,2,3.64,11.33,1.67,13.63,15.53,2478,2.11,1176,16389.02,3.8,70.01,8.99
1,2016-03-22,9,Tuesday,0,2,3.68,12.1,1.7,15.46,13.72,973,1.12,869,12844.46,3.8,71.79,9.74
2,2016-03-22,11,Tuesday,0,2,3.83,12.11,1.54,14.68,14.78,1946,2.11,922,13570.95,3.8,66.34,10.33
2,2016-03-22,18,Tuesday,0,2,3.54,10.93,1.64,13.01,16.27,2338,1.97,1187,17212.17,4.8,63.36,8.19
2,2016-03-22,20,Tuesday,0,2,4.51,11.66,1.75,12.18,20.33,2592,2.05,1264,18856.12,4.3,70.01,9.98
1,2016-03-22,21,Tuesday,0,2,4.84,12.23,1.97,12.47,21.57,1270,1.24,1025,16113.5,4.3,68.34,10.02
1,2016-03-23,2,Wednesday,0,3,5.09,11.77,1.31,10.04,27.7,178,1.13,158,2298.69,4.8,53.8,9.47
1,2016-03-23,4,Wednesday,0,3,6.25,13.52,1.88,10.82,31.39,153,1.18,130,2254.01,5.3,63.35,12.47
2,2016-03-23,5,Wednesday,0,3,6.16,13.3,1.74,10.07,30.89,360,1.99,181,3059.09,4.8,70.01,15.81
2,2016-03-23,6,Wednesday,0,3,4.66,11.05,1.64,9.94,25.5,932,2.0,466,6427.46,4.3,70.01,10.93
2,2016-03-23,7,Wednesday,0,3,3.88,10.4,1.54,10.78,20.58,1620,1.89,855,11090.38,3.8,70.01,8.79
2,2016-03-23,8,Wednesday,0,3,3.63,11.15,1.68,13.34,15.8,2080,1.96,1060,14621.91,3.8,70.01,8.93
1,2016-03-23,9,Wednesday,0,3,3.8,12.14,1.8,14.87,14.46,986,1.12,881,13149.71,3.8,70.34,9.93
2,2016-03-23,11,Wednesday,0,3,3.93,12.41,1.68,15.16,14.84,1858,2.08,893,13488.21,4.3,70.01,10.76
2,2016-03-23,18,Wednesday,0,3,3.77,11.48,1.75,13.89,15.94,2548,1.98,1290,19598.85,4.8,69.41,9.04
2,2016-03-23,20,Wednesday,0,3,4.5,11.77,1.81,12.45,20.32,2374,1.99,1190,17973.54,4.8,70.01,9.75
1,2016-03-23,21,Wednesday,0,3,4.69,12.21,1.88,12.84,20.27,1414,1.27,1117,17459.22,4.3,69.99,10.19
1,2016-03-24,0,Thursday,0,4,5.01,12.21,1.71,12.09,23.71,690,1.26,549,8424.45,3.8,60.35,8.9
2,2016-03-24,2,Thursday,0,4,5.36,12.28,1.53,11.12,26.73,480,2.13,225,3416.41,4.8,58.34,9.68
2,2016-03-24,4,Thursday,0,4,7.79,15.97,1.97,12.09,34.44,275,2.08,132,2613.56,4.3,70.01,14.28
2,2016-03-24,9,Thursday,0,4,3.66,11.66,1.67,14.26,14.79,2110,1.98,1064,15224.6,3.8,70.01,9.62
1,2016-03-24,12,Thursday,0,4,3.68,11.94,1.55,14.75,13.98,1027,1.21,846,12276.46,3.8,69.99,9.85
1,2016-03-24,17,Thursday,0,4,3.96,12.35,1.63,15.57,14.8,1127,1.28,881,14150.81,4.8,68.19,10.71
1,2016-03-24,19,Thursday,0,4,3.47,10.63,1.66,12.44,16.23,1436,1.25,1145,16224.07,4.8,65.15,8.3
2,2016-03-24,21,Thursday,0,4,4.43,11.96,1.81,13.13,19.19,2902,2.06,1409,21462.73,4.3,70.01,9.89
1,2016-03-24,22,Thursday,0,4,4.85,12.88,1.87,14.09,19.55,1393,1.34,1041,16866.09,4.8,69.99,9.82
1,2016-03-24,23,Thursday,0,4,4.85,12.59,1.83,13.42,20.63,1259,1.3,970,15425.72,4.3,64.55,10.03
1,2016-03-25,2,Friday,0,5,5.45,12.77,1.66,11.49,26.11,477,1.28,373,5916.05,4.3,69.99,10.08
1,2016-03-25,4,Friday,0,5,6.92,14.93,1.66,12.25,30.38,258,1.25,207,3776.39,4.8,70.34,13.55
2,2016-03-25,5,Friday,0,5,7.61,15.73,2.25,11.73,34.31,365,2.12,172,3468.47,5.3,70.01,16.59
2,2016-03-25,6,Friday,0,5,6.52,14.13,2.11,11.7,28.7,584,1.97,296,5217.74,4.3,70.01,16.12
2,2016-03-25,7,Friday,0,5,4.51,11.03,1.54,10.38,23.76,1107,1.96,566,7743.66,4.3,70.01,10.23
2,2016-03-25,8,Friday,0,5,4.58,11.87,1.72,12.02,20.53,1800,2.08,865,12673.44,4.3,70.01,11.26
1,2016-03-25,9,Friday,0,5,3.77,11.01,1.5,12.21,17.09,886,1.17,760,10229.7,3.8,69.99,9.02
2,2016-03-25,11,Friday,0,5,4.42,12.15,1.51,13.26,18.14,2044,2.1,972,14380.38,3.8,70.01,10.83
2,2016-03-25,18,Friday,0,5,3.72,10.84,1.49,12.29,17.9,2428,2.01,1206,17186.65,4.8,67.01,7.72
2,2016-03-25,20,Friday,0,5,4.01,11.13,1.46,12.22,18.72,2328,2.01,1161,16311.82,4.3,70.01,8.84
1,2016-03-25,21,Friday,0,5,4.64,12.42,1.66,13.38,19.2,1478,1.47,1004,15667.36,3.8,70.01,10.27
1,2016-03-26,0,Saturday,1,6,4.52,11.75,1.6,12.36,20.94,1502,1.42,1059,15620.77,4.3,63.34,8.33
2,2016-03-26,2,Saturday,1,6,5.33,12.59,1.78,12.13,24.48,1739,2.1,827,13009.04,4.3,70.01,9.33
2,2016-03-26,4,Saturday,1,6,5.8,13.03,1.36,11.46,28.15,813,2.2,369,5833.32,4.3,70.01,10.01
2,2016-03-26,9,Saturday,1,6,4.47,11.09,1.4,10.18,23.96,1492,2.07,722,9773.35,3.8,70.01,10.61
1,2016-03-26,12,Saturday,1,6,3.86,10.92,1.23,11.9,18.53,1252,1.41,885,11566.6,3.3,69.99,8.48
1,2016-03-26,17,Saturday,1,6,3.82,11.2,1.25,12.85,17.36,1405,1.51,932,12546.66,3.8,69.99,8.89
1,2016-03-26,19,Saturday,1,6,3.68,11.3,1.33,13.32,16.17,1703,1.54,1103,15056.2,3.8,70.0,8.61
2,2016-03-26,21,Saturday,1,6,3.88,10.95,1.37,12.14,18.56,2211,2.02,1093,14987.82,4.3,70.61,8.6
1,2016-03-26,22,Saturday,1,6,4.11,11.68,1.57,13.28,18.01,1555,1.5,1034,15122.79,4.3,69.99,8.24
1,2016-03-26,23,Saturday,1,6,4.35,11.83,1.58,13.14,18.9,1469,1.46,1003,14870.82,4.3,57.35,8.36
1,2016-03-27,0,Sunday,1,7,4.5,11.82,1.55,12.64,20.38,1315,1.46,900,13288.63,3.84,54.8,8.34
2,2016-03-27,2,Sunday,1,7,5.26,12.44,1.61,11.89,24.68,1619,2.1,770,11867.47,4.3,69.0,9.11
2,2016-03-27,4,Sunday,1,7,5.58,12.59,1.33,10.94,27.86,873,2.19,398,6106.39,4.8,60.41,9.74
2,2016-03-27,9,Sunday,1,7,4.4,10.6,1.25,9.02,26.32,1206,2.08,581,7496.97,4.3,63.36,9.56
1,2016-03-27,12,Sunday,1,7,3.93,10.61,1.28,10.75,20.62,1097,1.4,785,10063.22,3.8,69.99,9.04
1,2016-03-27,17,Sunday,1,7,4.67,12.07,1.55,12.58,20.12,1109,1.44,770,11395.58,4.3,69.99,11.4
1,2016-03-27,19,Sunday,1,7,5.03,12.64,1.61,13.15,20.83,1058,1.36,776,11996.01,4.3,69.99,11.76
2,2016-03-27,21,Sunday,1,7,5.1,12.25,1.68,12.21,23.11,1663,2.01,828,12865.74,4.3,70.01,11.27
1,2016-03-27,22,Sunday,1,7,5.67,13.32,1.87,12.58,24.23,909,1.38,661,11118.36,4.8,70.0,12.26
1,2016-03-27,23,Sunday,1,7,5.51,12.87,1.75,11.96,24.96,686,1.31,522,8431.1,4.3,69.99,11.07
2,2016-03-28,0,Monday,0,1,6.35,13.85,1.83,11.85,28.85,684,1.99,343,5897.97,4.3,70.01,12.08
1,2016-03-28,1,Monday,0,1,5.68,12.71,1.45,10.41,28.79,280,1.27,221,3457.25,4.3,70.0,11.96
1,2016-03-28,3,Monday,0,1,5.97,13.3,1.18,11.85,27.49,115,1.21,95,1509.73,4.3,42.8,9.52
1,2016-03-28,10,Monday,0,1,3.8,11.73,1.52,14.1,14.75,1192,1.25,957,13704.66,3.8,69.99,10.77
2,2016-03-28,12,Monday,0,1,4.14,12.05,1.55,13.72,16.52,1630,1.93,845,12470.44,3.8,70.01,11.22
1,2016-03-28,13,Monday,0,1,3.83,11.44,1.42,13.25,15.85,886,1.26,705,9803.3,3.8,70.0,9.74
1,2016-03-28,14,Monday,0,1,4.52,12.39,1.38,13.77,17.38,1007,1.33,755,11277.89,3.8,69.99,11.84
1,2016-03-28,15,Monday,0,1,4.01,11.59,1.48,12.93,16.72,943,1.28,737,10477.32,3.8,69.99,10.84
1,2016-03-28,16,Monday,0,1,3.94,11.19,1.51,12.6,17.78,876,1.29,677,9969.75,4.8,66.99,9.31
2,2016-03-28,17,Monday,0,1,4.06,11.33,1.71,12.69,17.97,1751,1.97,887,13413.42,5.3,62.76,9.86
2,2016-03-28,19,Monday,0,1,3.91,10.4,1.64,10.72,20.29,2381,2.06,1156,16130.63,4.8,62.76,8.61
2,2016-03-28,22,Monday,0,1,5.46,12.74,1.89,11.84,24.69,1780,2.03,876,14153.03,4.8,70.01,11.51
2,2016-03-28,23,Monday,0,1,5.67,13.03,1.86,11.83,25.77,1414,2.01,705,11599.11,4.3,70.01,11.17
2,2016-03-29,1,Tuesday,0,2,6.84,14.47,1.96,11.74,31.44,540,1.98,273,4949.76,4.8,70.01,12.7
2,2016-03-29,3,Tuesday,0,2,5.94,13.1,1.26,10.98,30.36,219,2.33,94,1488.21,4.3,63.36,10.64
1,2016-03-29,5,Tuesday,0,2,5.3,12.22,1.63,9.36,29.71,199,1.12,178,2753.39,3.8,70.01,12.98
1,2016-03-29,6,Tuesday,0,2,4.14,10.13,1.38,9.04,24.6,519,1.1,473,5970.39,4.3,69.99,10.55
1,2016-03-29,7,Tuesday,0,2,3.69,10.22,1.5,10.72,19.43,827,1.09,760,9655.0,3.8,62.16,8.52
1,2016-03-29,8,Tuesday,0,2,3.47,10.75,1.6,12.56,15.45,1057,1.11,955,12680.62,3.8,69.99,8.65
2,2016-03-29,10,Tuesday,0,2,4.03,12.29,1.7,14.74,15.22,1821,1.96,928,13987.26,3.8,70.01,10.64
1,2016-03-29,11,Tuesday,0,2,4.04,12.5,1.7,14.98,14.73,977,1.25,784,11995.44,3.8,69.99,10.98
2,2016-03-29,13,Tuesday,0,2,4.18,12.39,1.48,14.43,15.81,1879,2.1,895,13441.94,3.8,70.01,11.36
2,2016-03-29,14,Tuesday,0,2,4.28,12.68,1.7,15.06,15.36,1958,2.06,951,14748.71,4.3,70.01,11.64
2,2016-03-29,15,Tuesday,0,2,4.46,12.73,1.58,15.12,15.92,1847,2.05,901,13966.38,3.8,70.01,11.78
2,2016-03-29,16,Tuesday,0,2,3.97,11.93,1.53,14.5,15.7,1641,1.93,850,13173.71,4.8,63.41,10.06
1,2016-03-29,18,Tuesday,0,2,3.56,10.81,1.65,12.58,16.09,1436,1.22,1173,16934.87,4.8,67.59,8.6
1,2016-03-29,20,Tuesday,0,2,4.25,11.13,1.84,11.5,20.05,1370,1.19,1153,16717.37,4.3,69.99,10.11
2,2016-03-30,1,Wednesday,0,3,5.28,12.01,1.65,10.49,28.12,656,2.01,326,4955.26,4.3,56.0,9.55
2,2016-03-30,3,Wednesday,0,3,6.1,13.37,1.34,11.71,28.76,235,2.03,116,1867.86,4.8,53.81,10.42
1,2016-03-30,5,Wednesday,0,3,5.54,12.3,1.78,9.26,29.98,195,1.12,174,2718.75,4.8,69.99,14.74
1,2016-03-30,6,Wednesday,0,3,4.05,10.17,1.4,9.14,24.45,533,1.05,506,6340.11,4.3,69.99,9.8
1,2016-03-30,7,Wednesday,0,3,3.88,10.5,1.53,10.88,19.88,827,1.08,769,10016.31,3.8,69.99,8.78
1,2016-03-30,8,Wednesday,0,3,3.5,10.79,1.65,12.61,15.81,1090,1.11,981,13088.76,3.3,69.99,8.53
2,2016-03-30,10,Wednesday,0,3,4.05,12.38,1.69,14.81,15.33,1984,2.1,946,14367.6,3.8,70.01,10.78
1,2016-03-30,11,Wednesday,0,3,3.6,11.86,1.46,14.79,14.0,919,1.25,733,10489.83,3.8,61.0,8.81
2,2016-03-30,13,Wednesday,0,3,3.8,12.39,1.66,15.58,13.9,1976,2.06,959,14435.51,3.8,70.01,10.2
2,2016-03-30,14,Wednesday,0,3,4.24,12.92,1.75,15.73,14.81,1855,2.09,889,14069.36,3.8,70.01,11.8
2,2016-03-30,15,Wednesday,0,3,4.09,12.64,1.66,15.68,14.59,1827,1.96,931,14355.11,3.3,70.01,11.22
2,2016-03-30,16,Wednesday,0,3,3.95,12.27,1.72,15.34,15.15,1564,1.86,842,13575.44,4.8,68.21,10.65
1,2016-03-30,18,Wednesday,0,3,3.49,11.13,1.78,13.49,15.16,1246,1.22,1023,15193.23,5.3,65.3,8.49
1,2016-03-30,20,Wednesday,0,3,4.43,11.77,1.87,12.83,19.13,1461,1.22,1197,18117.53,3.8,70.34,9.82
1,2016-03-31,2,Thursday,0,4,5.52,12.6,1.5,11.21,27.6,256,1.24,206,3187.48,4.8,48.39,8.73
1,2016-03-31,4,Thursday,0,4,6.43,13.9,1.6,11.25,30.51,176,1.2,147,2534.31,4.8,70.01,12.35
2,2016-03-31,5,Thursday,0,4,7.7,15.96,2.12,12.02,32.27,319,2.06,155,3088.77,5.3,70.01,17.27
2,2016-03-31,6,Thursday,0,4,4.7,11.38,1.59,10.24,25.34,967,1.99,487,6846.15,3.8,70.01,11.83
2,2016-03-31,7,Thursday,0,4,3.81,10.75,1.55,11.56,19.43,1733,2.0,865,11477.58,3.8,70.01,8.89
2,2016-03-31,8,Thursday,0,4,3.65,11.44,1.66,13.82,15.63,2152,1.95,1104,15514.53,3.8,70.01,8.85
1,2016-03-31,9,Thursday,0,4,3.77,12.23,1.74,15.06,14.17,969,1.12,869,13022.79,3.8,69.39,9.64
2,2016-03-31,11,Thursday,0,4,3.89,12.42,1.62,15.48,14.22,1780,2.01,886,13334.14,3.8,71.21,10.53
2,2016-03-31,18,Thursday,0,4,3.68,11.43,1.79,13.83,15.72,2597,1.99,1303,19832.38,4.8,59.8,8.74
2,2016-03-31,20,Thursday,0,4,4.5,12.04,1.78,13.21,18.82,2658,2.03,1307,20085.84,4.8,66.34,10.07
1,2016-03-31,21,Thursday,0,4,4.71,12.49,1.9,13.7,19.24,1573,1.28,1227,19484.16,4.3,69.99,9.96
2,2016-04-01,0,Friday,0,5,5.17,12.45,1.74,12.3,23.68,1765,2.07,853,13329.5,4.3,70.01,9.99
1,2016-04-01,1,Friday,0,5,5.18,12.26,1.63,11.36,25.22,582,1.21,482,7355.23,4.3,68.34,9.71
1,2016-04-01,3,Friday,0,5,5.96,13.27,1.6,11.48,28.46,296,1.22,243,3989.84,4.3,48.39,10.33
1,2016-04-01,10,Friday,0,5,3.61,12.12,1.63,15.23,13.67,935,1.21,770,11334.3,3.8,69.99,9.6
2,2016-04-01,12,Friday,0,5,3.86,12.64,1.57,15.79,14.36,1915,2.05,936,14280.15,3.8,70.01,10.41
1,2016-04-01,13,Friday,0,5,4.63,13.55,1.71,15.94,15.51,975,1.27,770,12680.35,3.8,70.34,12.69
1,2016-04-01,14,Friday,0,5,4.0,12.35,1.5,15.04,14.67,1111,1.28,865,12947.14,3.8,69.99,10.71
1,2016-04-01,15,Friday,0,5,4.07,12.71,1.56,15.83,14.16,1142,1.29,883,13640.86,3.3,68.34,10.76
1,2016-04-01,16,Friday,0,5,3.66,11.96,1.54,15.3,14.17,994,1.31,760,11729.72,4.3,63.39,9.49
2,2016-04-01,17,Friday,0,5,3.9,11.98,1.73,14.88,15.42,2071,2.0,1036,16343.84,4.8,65.21,9.85
2,2016-04-01,19,Friday,0,5,3.51,11.18,1.62,13.74,15.38,2853,2.01,1417,20842.88,4.8,58.34,7.91
2,2016-04-01,22,Friday,0,5,4.76,12.93,1.79,14.37,19.07,2445,1.97,1240,20086.93,4.3,70.01,10.42
2,2016-04-01,23,Friday,0,5,4.87,13.06,1.82,14.55,19.18,2601,1.96,1328,21653.88,4.3,70.01,9.98
2,2016-04-02,1,Saturday,1,6,5.0,12.44,1.78,12.69,22.5,2277,2.06,1107,17312.14,4.3,70.01,9.31
2,2016-04-02,3,Saturday,1,6,4.99,12.01,1.65,11.66,23.88,1422,2.12,670,10076.74,4.3,55.01,9.12
1,2016-04-02,5,Saturday,1,6,7.01,15.1,1.3,12.45,30.48,200,1.18,170,3051.63,4.3,69.99,12.41
1,2016-04-02,6,Saturday,1,6,7.07,15.26,1.68,11.83,31.51,259,1.17,221,4038.74,4.3,70.0,14.98
1,2016-04-02,7,Saturday,1,6,4.73,11.25,1.55,9.44,26.71,373,1.15,323,4496.04,4.3,69.99,11.63
1,2016-04-02,8,Saturday,1,6,3.66,9.95,1.24,9.7,21.76,554,1.17,473,5737.53,4.3,63.34,8.43
2,2016-04-02,10,Saturday,1,6,3.62,10.33,1.34,11.17,18.39,2262,2.06,1100,13850.62,3.8,70.01,8.75
1,2016-04-02,11,Saturday,1,6,3.74,10.89,1.39,12.18,17.6,1122,1.27,882,11646.1,3.8,69.99,8.84
2,2016-04-02,13,Saturday,1,6,3.84,11.21,1.44,12.64,17.93,2140,1.95,1100,14961.06,3.8,70.01,9.23
2,2016-04-02,14,Saturday,1,6,3.81,11.1,1.36,12.37,17.57,2172,2.06,1053,14172.81,3.8,70.01,9.74
2,2016-04-02,15,Saturday,1,6,4.0,11.6,1.49,13.35,17.0,2203,2.12,1037,14600.36,3.3,70.01,9.84
2,2016-04-02,16,Saturday,1,6,4.12,11.85,1.41,13.62,17.27,1776,1.96,907,12942.98,4.3,70.01,10.34
1,2016-04-02,18,Saturday,1,6,3.68,11.52,1.48,13.98,15.91,1543,1.42,1087,15189.27,3.8,69.99,8.45
1,2016-04-02,20,Saturday,1,6,3.55,10.91,1.46,12.63,16.94,1518,1.42,1070,14714.66,4.3,70.0,7.81
2,2016-04-03,1,Sunday,1,7,4.77,12.09,1.71,12.69,21.26,2402,2.08,1153,17513.22,4.3,70.01,8.73
2,2016-04-03,3,Sunday,1,7,5.27,12.43,1.62,11.83,24.73,1484,2.11,704,10872.72,4.3,65.81,9.26
1,2016-04-03,5,Sunday,1,7,6.57,14.23,1.18,11.86,29.6,224,1.24,181,3078.97,4.3,64.34,12.1
1,2016-04-03,6,Sunday,1,7,6.61,14.05,1.6,10.79,32.25,225,1.22,185,3132.86,3.8,69.99,13.91
1,2016-04-03,7,Sunday,1,7,5.61,12.53,1.4,9.74,29.34,273,1.14,240,3636.47,3.8,69.99,13.63
1,2016-04-03,8,Sunday,1,7,4.61,11.06,1.35,9.36,26.44,481,1.23,390,5255.21,4.8,70.34,10.76
2,2016-04-03,10,Sunday,1,7,4.04,10.32,1.28,9.62,22.97,2014,2.04,985,12428.54,3.8,70.01,9.33
1,2016-04-03,11,Sunday,1,7,3.81,10.4,1.42,10.43,20.2,1197,1.3,924,11814.61,3.8,67.34,9.17
2,2016-04-03,13,Sunday,1,7,4.16,11.58,1.54,12.53,18.57,2281,1.95,1167,16572.28,3.8,70.01,11.08
2,2016-04-03,14,Sunday,1,7,4.38,12.36,1.56,14.14,17.61,2291,2.04,1124,16868.48,3.8,70.01,10.94
2,2016-04-03,15,Sunday,1,7,4.29,12.06,1.55,13.72,17.57,2155,2.1,1025,15061.51,3.8,70.01,11.23
2,2016-04-03,16,Sunday,1,7,4.65,12.66,1.65,14.23,18.01,2062,2.05,1005,15570.27,3.8,70.01,12.38
1,2016-04-03,18,Sunday,1,7,4.29,11.77,1.57,12.79,18.27,1206,1.36,886,12839.41,3.8,69.99,11.06
1,2016-04-03,20,Sunday,1,7,4.28,10.9,1.6,10.78,21.79,1053,1.29,814,11407.72,4.3,69.99,9.62
1,2016-04-04,2,Monday,0,1,4.9,11.36,1.38,9.77,27.78,148,1.19,124,1741.98,4.3,48.35,9.19
1,2016-04-04,4,Monday,0,1,7.01,14.93,1.5,12.09,32.2,118,1.22,97,1774.17,5.3,63.34,12.23
2,2016-04-04,5,Monday,0,1,6.38,13.73,1.96,10.91,31.69,373,1.88,198,3484.8,4.8,70.01,14.9
2,2016-04-04,6,Monday,0,1,5.08,11.74,1.58,10.45,26.52,1009,1.92,525,7601.29,3.8,70.01,12.19
2,2016-04-04,7,Monday,0,1,4.09,11.31,1.63,12.41,19.09,1811,1.97,918,12791.77,3.8,64.01,9.77
2,2016-04-04,8,Monday,0,1,3.85,11.85,1.79,14.66,15.1,2066,1.84,1120,16382.69,3.8,70.01,10.05
1,2016-04-04,9,Monday,0,1,3.39,11.26,1.63,14.2,13.76,1078,1.11,968,13446.75,3.8,69.99,9.86
2,2016-04-04,11,Monday,0,1,4.12,12.68,1.64,15.7,14.57,1776,2.0,886,13660.88,3.8,70.01,10.9
2,2016-04-04,18,Monday,0,1,3.35,10.16,1.54,12.03,16.0,2643,1.98,1334,18200.75,4.8,66.41,7.93
2,2016-04-04,20,Monday,0,1,4.61,11.41,1.75,11.19,22.14,2244,1.89,1190,17455.53,4.3,70.01,10.43
1,2016-04-04,21,Monday,0,1,4.91,11.97,1.87,11.46,22.95,1168,1.25,936,14401.69,4.3,70.0,11.12
2,2016-04-05,1,Tuesday,0,2,5.39,12.23,1.83,10.72,28.05,615,2.24,275,4243.63,4.3,64.8,10.2
2,2016-04-05,3,Tuesday,0,2,5.39,12.16,1.48,10.23,29.16,175,2.3,76,1146.82,5.8,44.16,8.69
1,2016-04-05,5,Tuesday,0,2,5.14,11.68,1.72,9.05,29.33,225,1.09,206,3091.85,4.3,69.99,12.69
1,2016-04-05,6,Tuesday,0,2,4.13,10.27,1.42,9.33,24.08,570,1.06,536,6825.63,3.8,69.99,9.62
1,2016-04-05,7,Tuesday,0,2,3.67,10.69,1.63,11.87,18.03,1001,1.11,904,11996.47,3.8,69.99,9.13
1,2016-04-05,8,Tuesday,0,2,3.36,11.52,1.7,14.67,13.48,1208,1.14,1059,14948.98,3.8,69.99,8.95
2,2016-04-05,10,Tuesday,0,2,3.65,12.6,1.74,16.45,13.24,1943,2.08,935,14370.44,3.8,70.01,10.55
1,2016-04-05,11,Tuesday,0,2,3.71,12.66,1.61,16.26,12.98,1015,1.19,850,12996.12,3.8,69.99,10.44
2,2016-04-05,13,Tuesday,0,2,4.3,13.17,1.72,15.92,14.81,2029,2.09,971,15610.82,3.8,70.01,12.18
2,2016-04-05,14,Tuesday,0,2,4.26,12.89,1.78,15.47,14.93,2025,2.05,988,15602.88,3.8,70.01,12.16
2,2016-04-05,15,Tuesday,0,2,4.04,12.48,1.64,15.33,14.57,2013,1.99,1014,15521.48,3.8,70.01,11.59
2,2016-04-05,16,Tuesday,0,2,4.17,12.69,1.9,15.9,14.91,1772,2.03,874,14596.56,5.3,67.61,11.4
1,2016-04-05,18,Tuesday,0,2,3.58,11.34,1.74,14.01,14.88,1299,1.21,1074,16096.32,4.8,64.34,8.73
1,2016-04-05,20,Tuesday,0,2,4.52,11.75,1.92,12.37,19.91,1419,1.19,1192,18111.53,4.3,69.99,10.23
2,2016-04-06,0,Wednesday,0,3,5.73,13.2,1.72,12.16,25.99,994,2.05,484,7912.3,3.8,63.96,10.46
1,2016-04-06,1,Wednesday,0,3,5.18,12.07,1.64,11.17,25.53,320,1.2,267,4023.8,5.3,65.34,9.42
1,2016-04-06,3,Wednesday,0,3,5.17,12.32,1.37,11.63,24.89,109,1.18,92,1384.81,4.3,42.6,9.11
1,2016-04-06,10,Wednesday,0,3,3.63,12.09,1.62,15.13,13.94,923,1.15,806,11814.36,3.8,69.99,9.44
2,2016-04-06,12,Wednesday,0,3,3.93,12.7,1.72,15.84,13.74,1828,2.04,897,13926.95,3.8,70.01,11.2
1,2016-04-06,13,Wednesday,0,3,3.81,12.41,1.63,15.25,13.83,998,1.2,833,12571.61,3.8,69.99,10.68
1,2016-04-06,14,Wednesday,0,3,3.93,12.61,1.7,15.74,13.81,1153,1.22,944,14495.76,3.8,70.0,10.83
1,2016-04-06,15,Wednesday,0,3,3.69,12.16,1.64,15.53,13.3,1106,1.21,916,13684.38,3.8,69.99,10.07
1,2016-04-06,16,Wednesday,0,3,3.72,11.96,1.7,15.15,14.26,907,1.24,730,11445.64,4.3,66.35,9.87
2,2016-04-06,17,Wednesday,0,3,3.44,11.12,1.62,13.97,14.73,2133,1.97,1085,15966.96,5.3,68.81,9.03
2,2016-04-06,19,Wednesday,0,3,3.7,10.75,1.7,12.28,17.22,2773,2.03,1363,19630.83,4.8,71.21,8.4
2,2016-04-06,22,Wednesday,0,3,5.16,12.91,2.04,13.46,21.7,2452,2.06,1191,19648.45,4.3,70.01,10.58
2,2016-04-06,23,Wednesday,0,3,5.25,12.79,1.82,12.91,22.65,1948,2.07,942,15157.12,4.3,58.34,10.15
2,2016-04-07,1,Thursday,0,4,5.14,12.08,1.54,10.91,26.14,620,1.88,330,4947.91,4.3,56.21,9.3
2,2016-04-07,3,Thursday,0,4,6.6,14.41,1.62,12.1,29.89,206,1.82,113,1989.78,4.8,70.01,12.06
1,2016-04-07,5,Thursday,0,4,6.2,13.51,1.84,10.4,30.36,229,1.11,207,3565.05,4.3,69.99,15.31
1,2016-04-07,6,Thursday,0,4,4.26,10.44,1.37,9.28,24.7,529,1.09,485,6272.88,4.3,69.99,10.88
1,2016-04-07,7,Thursday,0,4,3.9,11.05,1.71,11.92,18.85,978,1.11,878,12053.31,3.3,70.59,9.62
1,2016-04-07,8,Thursday,0,4,3.51,11.26,1.68,13.66,14.64,1150,1.13,1015,14090.51,3.3,63.64,8.99
2,2016-04-07,10,Thursday,0,4,3.89,12.25,1.81,15.06,14.63,1906,2.04,934,14130.47,3.8,70.01,10.6
1,2016-04-07,11,Thursday,0,4,3.75,12.68,1.8,16.24,13.12,966,1.17,827,12835.69,3.8,69.99,10.29
2,2016-04-07,13,Thursday,0,4,3.78,12.79,1.77,16.6,12.76,2183,2.12,1032,16179.23,3.8,70.01,11.96
2,2016-04-07,14,Thursday,0,4,3.79,12.67,1.63,16.87,12.93,2083,2.02,1033,15883.94,4.3,70.01,10.79
2,2016-04-07,15,Thursday,0,4,3.73,12.08,1.74,15.61,13.42,1745,1.99,875,13069.12,3.3,70.01,10.93
2,2016-04-07,16,Thursday,0,4,3.72,11.76,1.64,14.82,14.43,1524,2.01,758,11686.61,4.8,68.81,10.1
1,2016-04-07,18,Thursday,0,4,3.43,11.0,1.73,13.44,14.99,1349,1.2,1125,16482.29,4.8,65.19,7.78
1,2016-04-07,20,Thursday,0,4,4.48,12.13,1.89,13.41,18.51,1336,1.22,1091,16951.25,4.3,70.0,9.89
1,2016-04-08,0,Friday,0,5,4.85,12.04,1.77,11.93,22.72,790,1.2,657,10004.3,4.3,63.35,9.13
2,2016-04-08,2,Friday,0,5,5.34,12.25,1.45,11.02,26.56,525,1.86,283,4274.09,4.8,54.36,8.75
2,2016-04-08,4,Friday,0,5,7.24,15.13,1.99,12.1,32.42,289,1.9,152,2852.25,4.3,70.01,13.13
2,2016-04-08,9,Friday,0,5,3.71,11.76,1.76,14.41,14.55,2113,1.88,1122,16326.92,3.8,70.01,10.11
1,2016-04-08,12,Friday,0,5,3.88,12.32,1.6,15.06,14.3,1149,1.21,953,14335.26,3.8,70.0,10.66
1,2016-04-08,17,Friday,0,5,3.29,10.97,1.58,13.96,14.42,1141,1.24,919,13282.2,4.3,58.59,8.31
1,2016-04-08,19,Friday,0,5,3.66,11.06,1.64,13.11,16.0,1578,1.25,1258,18381.87,4.8,62.79,8.19
2,2016-04-08,21,Friday,0,5,4.37,11.74,1.71,12.78,18.99,2748,2.04,1348,20083.49,4.3,70.01,9.81
1,2016-04-08,22,Friday,0,5,4.56,12.41,1.73,13.88,18.54,1617,1.39,1167,18241.66,4.8,70.0,9.88
1,2016-04-08,23,Friday,0,5,4.82,12.88,1.9,14.35,19.04,1701,1.41,1204,19530.13,3.8,69.99,10.05
2,2016-04-09,1,Saturday,1,6,4.76,11.85,1.69,11.85,22.34,2156,2.06,1048,15614.08,4.3,70.01,8.71
2,2016-04-09,3,Saturday,1,6,5.4,12.67,1.67,12.08,25.08,1304,2.08,628,9869.85,4.8,62.16,9.2
1,2016-04-09,5,Saturday,1,6,7.31,15.39,1.7,11.63,32.09,164,1.15,143,2678.9,4.8,69.99,15.04
1,2016-04-09,6,Saturday,1,6,5.28,12.05,1.55,9.49,29.29,245,1.11,221,3257.29,3.8,69.99,12.5
1,2016-04-09,7,Saturday,1,6,4.5,10.76,1.4,9.07,26.44,406,1.1,369,4873.95,4.0,69.99,10.63
1,2016-04-09,8,Saturday,1,6,4.15,10.39,1.3,9.27,24.14,623,1.22,511,6529.39,3.8,69.99,9.65
2,2016-04-09,10,Saturday,1,6,3.65,9.9,1.26,9.83,20.52,2086,1.99,1047,12699.33,3.8,70.01,8.29
1,2016-04-09,11,Saturday,1,6,3.5,10.23,1.3,11.01,18.07,1218,1.3,939,11693.98,3.8,69.99,8.32
2,2016-04-09,13,Saturday,1,6,3.59,11.14,1.42,13.26,15.77,2951,2.06,1434,19367.19,3.8,70.01,9.31
2,2016-04-09,14,Saturday,1,6,3.48,11.14,1.39,13.71,15.23,2542,2.05,1243,16692.55,3.8,70.34,8.3
2,2016-04-09,15,Saturday,1,6,3.74,11.66,1.46,14.42,15.08,2457,2.03,1210,17032.06,3.8,70.01,9.61
2,2016-04-09,16,Saturday,1,6,3.99,11.73,1.46,13.96,16.17,2079,2.03,1026,14548.19,3.8,70.01,10.32
1,2016-04-09,18,Saturday,1,6,3.53,10.72,1.4,12.61,16.04,1634,1.41,1156,15129.21,4.3,69.99,7.9
1,2016-04-09,20,Saturday,1,6,3.99,11.12,1.57,12.2,18.37,1428,1.41,1013,14294.18,4.3,70.01,8.9
2,2016-04-10,0,Sunday,1,7,4.74,12.08,1.74,12.72,21.04,2728,2.09,1308,19896.98,4.3,70.01,8.75
1,2016-04-10,1,Sunday,1,7,4.69,11.89,1.64,12.21,21.71,1389,1.41,984,14656.79,4.3,51.64,8.24
1,2016-04-10,3,Sunday,1,7,4.96,12.09,1.57,11.53,23.94,929,1.4,664,10000.63,4.3,68.34,9.28
1,2016-04-10,10,Sunday,1,7,4.04,10.5,1.43,10.09,21.78,1006,1.28,784,10111.51,3.8,69.99,9.43
2,2016-04-10,12,Sunday,1,7,4.31,11.64,1.53,12.49,19.09,2382,2.05,1163,16538.19,3.8,70.01,10.42
1,2016-04-10,13,Sunday,1,7,4.64,12.93,1.75,14.71,17.9,1319,1.38,955,15070.55,3.3,70.0,11.7
1,2016-04-10,14,Sunday,1,7,4.74,13.22,1.68,15.45,17.08,1264,1.38,918,14738.77,3.3,69.99,12.11
1,2016-04-10,15,Sunday,1,7,4.52,12.85,1.64,14.98,16.77,1122,1.32,849,13282.21,3.8,70.0,12.07
1,2016-04-10,16,Sunday,1,7,4.48,12.61,1.67,14.81,17.31,1219,1.34,912,14090.87,3.8,69.99,11.18
2,2016-04-10,17,Sunday,1,7,4.57,12.3,1.53,13.9,18.64,2090,2.03,1028,15344.75,3.8,70.01,11.02
2,2016-04-10,19,Sunday,1,7,4.7,12.05,1.66,12.68,20.33,2094,2.03,1034,15264.22,3.8,70.34,11.24
2,2016-04-10,22,Sunday,1,7,5.32,12.77,1.77,12.02,24.32,1484,1.94,763,12303.8,4.8,70.01,11.89
2,2016-04-10,23,Sunday,1,7,6.26,13.98,1.87,12.15,28.02,1012,1.94,522,9164.5,4.8,70.01,12.55
2,2016-04-11,1,Monday,0,1,6.52,13.99,1.3,11.45,30.93,406,2.23,182,3067.89,4.3,70.01,11.51
2,2016-04-11,3,Monday,0,1,6.46,13.99,1.44,11.62,29.48,150,1.9,79,1332.29,4.8,53.81,11.5
1,2016-04-11,5,Monday,0,1,6.8,14.44,1.95,11.03,31.47,239,1.04,230,4196.93,4.8,69.99,15.73
1,2016-04-11,6,Monday,0,1,4.76,11.49,1.52,10.13,25.19,550,1.08,508,7208.54,3.8,70.0,12.36
1,2016-04-11,7,Monday,0,1,4.05,11.06,1.56,11.96,19.23,951,1.14,835,11395.56,3.8,67.59,9.82
1,2016-04-11,8,Monday,0,1,3.67,11.23,1.67,13.33,15.63,1107,1.15,963,13375.77,4.3,70.59,9.18
2,2016-04-11,10,Monday,0,1,4.44,13.24,1.83,15.79,15.35,1664,1.91,869,14183.07,3.8,70.01,12.61
1,2016-04-11,11,Monday,0,1,3.94,12.37,1.65,15.01,14.6,882,1.23,719,10854.68,3.8,69.99,10.87
2,2016-04-11,13,Monday,0,1,4.06,11.89,1.69,13.55,16.58,1587,1.99,799,11739.65,3.8,70.01,10.94
2,2016-04-11,14,Monday,0,1,4.19,11.9,1.51,13.43,16.53,1768,1.98,895,12991.8,3.8,70.01,11.48
2,2016-04-11,15,Monday,0,1,4.07,11.85,1.43,13.82,16.23,1761,2.01,876,12585.06,3.8,70.01,10.46
2,2016-04-11,16,Monday,0,1,3.79,11.08,1.55,12.97,16.7,1634,1.95,837,12282.82,4.8,64.01,9.59
1,2016-04-11,18,Monday,0,1,3.75,11.37,1.74,13.5,15.75,1458,1.21,1206,18185.66,4.3,69.99,9.34
1,2016-04-11,20,Monday,0,1,4.72,11.8,1.84,11.66,21.84,1118,1.2,931,14174.29,4.3,69.99,10.52
1,2016-04-12,0,Tuesday,0,2,5.63,13.06,1.75,11.67,26.56,421,1.16,362,5906.93,4.3,62.84,10.65
2,2016-04-12,2,Tuesday,0,2,5.86,13.05,1.6,11.41,28.56,317,2.17,146,2355.74,4.3,62.34,9.73
2,2016-04-12,4,Tuesday,0,2,8.22,16.93,1.8,13.0,33.7,219,2.05,107,2225.42,5.3,70.01,16.32
2,2016-04-12,9,Tuesday,0,2,3.46,12.23,1.76,16.2,12.64,2155,1.92,1125,16865.21,3.8,70.01,9.92
1,2016-04-12,12,Tuesday,0,2,3.53,12.19,1.59,15.64,12.81,1015,1.17,868,12881.6,3.8,70.0,10.65
1,2016-04-12,17,Tuesday,0,2,3.59,11.06,1.76,13.3,15.31,1092,1.24,878,13017.8,5.3,69.99,9.41
1,2016-04-12,19,Tuesday,0,2,3.7,10.59,1.63,11.75,17.67,1355,1.19,1137,16051.74,4.8,67.09,8.11
2,2016-04-12,21,Tuesday,0,2,4.72,12.01,1.92,12.43,21.35,2811,2.05,1369,21101.19,4.3,70.01,9.83
1,2016-04-12,22,Tuesday,0,2,4.7,12.13,1.92,12.51,21.1,1184,1.2,984,15286.4,4.3,69.99,10.05
1,2016-04-12,23,Tuesday,0,2,5.22,12.65,1.76,12.46,23.02,932,1.22,764,12117.81,3.8,69.99,10.41
2,2016-04-13,1,Wednesday,0,3,5.16,11.97,1.63,10.99,26.7,585,2.07,282,4223.47,4.3,58.34,8.65
2,2016-04-13,3,Wednesday,0,3,5.21,12.06,1.34,10.46,28.12,299,2.34,128,1887.07,5.3,50.74,8.95
1,2016-04-13,5,Wednesday,0,3,5.49,12.25,1.67,9.73,29.92,187,1.14,164,2555.1,4.8,69.99,12.55
1,2016-04-13,6,Wednesday,0,3,4.42,10.83,1.5,9.62,24.68,562,1.09,516,6929.75,3.8,70.01,11.53
1,2016-04-13,7,Wednesday,0,3,3.69,10.75,1.54,12.07,17.84,1001,1.1,914,12117.17,3.8,69.99,8.58
1,2016-04-13,8,Wednesday,0,3,3.44,11.3,1.72,14.08,14.09,1177,1.13,1042,14533.68,3.8,69.99,8.86
2,2016-04-13,10,Wednesday,0,3,3.99,12.54,1.66,15.47,14.57,2012,2.05,980,14986.37,3.8,70.01,10.85
1,2016-04-13,11,Wednesday,0,3,3.65,12.53,1.71,16.03,13.06,1002,1.17,860,13110.7,3.8,69.99,10.25
2,2016-04-13,13,Wednesday,0,3,4.32,13.36,1.8,16.53,14.63,1949,2.02,963,15713.11,3.8,70.01,12.22
2,2016-04-13,14,Wednesday,0,3,4.19,12.89,1.74,15.95,14.39,1956,2.03,962,15164.56,3.8,70.01,11.35
2,2016-04-13,15,Wednesday,0,3,4.1,12.71,1.73,15.87,14.08,1967,2.11,932,14577.15,4.3,70.01,11.98
2,2016-04-13,16,Wednesday,0,3,3.64,11.78,1.73,15.11,14.33,1611,2.03,794,12285.04,4.8,67.61,10.11
1,2016-04-13,18,Wednesday,0,3,3.47,11.03,1.72,13.59,14.84,1295,1.19,1086,15973.5,4.3,65.79,8.54
1,2016-04-13,20,Wednesday,0,3,4.32,11.67,1.88,12.66,18.97,1512,1.2,1257,18947.67,4.3,69.99,10.17
2,2016-04-14,1,Thursday,0,4,5.34,12.42,1.5,11.75,25.59,709,2.05,346,5287.78,4.3,63.34,8.93
2,2016-04-14,3,Thursday,0,4,5.7,12.75,1.38,10.95,28.76,261,1.99,131,2020.85,4.3,62.8,9.91
1,2016-04-14,5,Thursday,0,4,6.19,13.54,1.92,10.06,31.3,218,1.1,198,3414.57,4.8,69.99,15.7
1,2016-04-14,6,Thursday,0,4,4.44,10.76,1.48,9.54,24.65,537,1.05,510,6822.37,3.8,69.99,11.11
1,2016-04-14,7,Thursday,0,4,3.71,10.72,1.52,11.9,17.97,1018,1.12,911,11996.33,4.3,70.0,8.2
1,2016-04-14,8,Thursday,0,4,3.6,11.77,1.76,14.78,14.27,1125,1.11,1016,14761.57,3.8,69.99,9.23
2,2016-04-14,10,Thursday,0,4,3.96,12.71,1.71,15.86,14.34,2035,2.05,995,15421.38,3.8,70.34,10.43
1,2016-04-14,11,Thursday,0,4,3.77,12.42,1.85,15.61,13.36,971,1.19,815,12512.58,4.3,69.99,10.74
2,2016-04-14,13,Thursday,0,4,4.17,12.71,1.74,15.31,14.81,1912,2.05,934,14588.68,3.8,70.01,11.68
2,2016-04-14,14,Thursday,0,4,4.0,12.83,1.72,16.19,13.96,2198,2.11,1044,16360.16,3.8,70.01,11.31
2,2016-04-14,15,Thursday,0,4,3.92,12.66,1.62,16.4,13.4,1949,2.06,944,14500.38,3.8,70.01,10.51
2,2016-04-14,16,Thursday,0,4,3.76,12.18,1.81,15.59,13.85,1661,2.0,831,13330.77,4.3,62.81,11.21
1,2016-04-14,18,Thursday,0,4,3.51,11.86,1.77,15.19,13.98,1340,1.2,1117,17443.99,4.8,61.6,9.4
1,2016-04-14,20,Thursday,0,4,4.19,11.68,1.86,13.08,17.8,1450,1.22,1193,17984.28,4.3,69.99,9.67
1,2016-04-15,0,Friday,0,5,5.21,12.78,1.83,12.74,22.66,919,1.26,727,11665.48,4.3,69.99,10.68
2,2016-04-15,2,Friday,0,5,5.46,12.62,1.59,11.37,26.83,700,2.2,318,4964.36,4.3,70.01,10.17
2,2016-04-15,4,Friday,0,5,7.68,16.21,1.79,12.86,33.06,433,2.16,200,3950.92,4.8,70.01,13.26
2,2016-04-15,9,Friday,0,5,3.8,11.92,1.75,14.37,15.09,2209,2.07,1069,15758.85,3.8,70.01,10.65
1,2016-04-15,12,Friday,0,5,4.07,12.84,1.64,15.72,14.19,1079,1.22,885,13774.85,3.8,70.34,11.33
1,2016-04-15,17,Friday,0,5,3.65,12.11,1.64,15.8,13.97,1119,1.25,896,14078.4,4.8,60.35,9.16
1,2016-04-15,19,Friday,0,5,3.45,10.73,1.63,12.81,15.69,1697,1.29,1311,18645.54,4.8,61.59,7.63
2,2016-04-15,21,Friday,0,5,4.59,12.2,1.67,13.39,19.09,2841,2.07,1371,21011.73,4.3,70.34,10.08
1,2016-04-15,22,Friday,0,5,4.39,12.27,1.77,13.84,18.09,1681,1.37,1223,18926.44,4.3,70.01,9.55
1,2016-04-15,23,Friday,0,5,4.75,12.95,1.8,14.74,18.62,1650,1.41,1170,18924.62,4.8,69.99,9.52
2,2016-04-16,0,Saturday,1,6,5.02,13.01,1.88,14.13,20.66,2477,2.05,1210,19760.75,4.3,70.01,10.21
1,2016-04-16,1,Saturday,1,6,4.88,12.47,1.69,12.97,21.24,1266,1.35,940,14588.42,4.3,69.99,9.39
1,2016-04-16,3,Saturday,1,6,5.38,12.79,1.65,12.08,24.13,772,1.37,564,8938.03,4.3,68.34,10.13
1,2016-04-16,10,Saturday,1,6,3.75,10.48,1.39,10.94,19.6,1044,1.26,827,10633.79,3.8,61.55,8.63
2,2016-04-16,12,Saturday,1,6,4.03,11.66,1.46,13.28,17.76,2445,1.95,1256,17716.55,3.8,70.01,9.28
1,2016-04-16,13,Saturday,1,6,3.96,11.77,1.47,13.68,16.52,1405,1.34,1047,14900.55,3.8,69.99,10.2
1,2016-04-16,14,Saturday,1,6,4.09,12.16,1.42,14.19,16.56,1265,1.32,955,13970.2,3.8,69.99,10.09
1,2016-04-16,15,Saturday,1,6,3.8,11.65,1.43,14.0,15.78,1284,1.38,931,13076.65,3.8,69.99,9.27
1,2016-04-16,16,Saturday,1,6,3.88,11.81,1.38,14.18,16.02,1252,1.42,883,12531.68,4.3,69.99,9.46
2,2016-04-16,17,Saturday,1,6,4.17,12.04,1.41,14.3,17.17,2243,1.99,1128,16263.38,3.8,70.01,9.32
2,2016-04-16,19,Saturday,1,6,3.92,12.02,1.48,14.84,15.79,2904,2.05,1420,20452.45,3.8,70.01,8.97
2,2016-04-16,22,Saturday,1,6,4.28,11.85,1.62,13.46,18.28,2765,1.99,1389,20658.0,4.3,70.01,8.65
2,2016-04-16,23,Saturday,1,6,4.62,12.54,1.7,14.28,18.49,2807,2.04,1378,21603.05,4.3,70.01,9.04
1,2016-04-17,2,Sunday,1,7,4.91,12.03,1.73,11.92,22.83,1122,1.35,832,12574.16,3.8,63.35,8.74
1,2016-04-17,4,Sunday,1,7,5.85,13.33,1.46,11.7,27.2,501,1.35,372,6041.07,3.8,70.0,10.37
2,2016-04-17,5,Sunday,1,7,7.58,16.03,1.67,12.92,30.74,337,2.03,166,3229.08,4.8,70.34,15.89
2,2016-04-17,6,Sunday,1,7,7.16,15.06,1.9,11.65,33.01,332,2.0,166,3033.94,4.3,70.01,13.89
2,2016-04-17,7,Sunday,1,7,6.16,13.48,1.71,10.81,30.0,619,1.83,338,5583.74,3.8,70.01,14.58
2,2016-04-17,8,Sunday,1,7,4.76,11.35,1.52,9.65,26.62,994,1.97,505,7075.36,4.3,70.01,11.71
1,2016-04-17,9,Sunday,1,7,4.14,10.5,1.45,9.63,23.47,867,1.32,656,8515.9,3.8,70.34,10.09
2,2016-04-17,11,Sunday,1,7,4.26,11.3,1.41,11.81,20.29,2265,2.06,1099,15072.56,3.8,70.01,9.79
2,2016-04-17,18,Sunday,1,7,4.63,12.61,1.58,14.19,18.33,2154,1.93,1118,17121.35,3.8,70.01,11.7
2,2016-04-17,20,Sunday,1,7,4.89,12.34,1.72,12.95,20.76,1994,2.05,975,15218.62,4.8,70.01,11.75
1,2016-04-17,21,Sunday,1,7,4.88,12.4,1.84,12.82,21.36,1022,1.32,773,12185.41,4.3,69.99,10.89
2,2016-04-18,0,Monday,0,1,6.4,14.0,1.71,11.78,29.06,788,2.15,367,6323.5,4.3,70.01,13.01
1,2016-04-18,1,Monday,0,1,5.59,12.62,1.51,10.79,28.03,235,1.22,193,3003.21,4.8,69.99,11.36
1,2016-04-18,3,Monday,0,1,6.02,13.33,1.56,11.35,29.81,146,1.42,103,1684.69,4.3,47.79,10.02
1,2016-04-18,10,Monday,0,1,3.99,12.42,1.65,15.18,14.76,884,1.2,738,11148.22,4.3,63.36,10.29
2,2016-04-18,12,Monday,0,1,4.47,13.19,1.74,15.58,15.86,1621,2.0,812,13106.95,3.8,70.01,11.95
1,2016-04-18,13,Monday,0,1,4.27,12.62,1.53,14.75,15.7,989,1.24,795,12144.17,4.3,69.99,11.53
1,2016-04-18,14,Monday,0,1,4.42,12.72,1.63,14.76,15.93,1031,1.21,850,13206.59,3.8,69.99,12.19
1,2016-04-18,15,Monday,0,1,4.07,12.18,1.59,14.84,15.1,1067,1.25,854,12767.78,3.8,69.99,11.08
1,2016-04-18,16,Monday,0,1,3.52,10.97,1.45,13.16,15.51,992,1.26,789,11335.44,4.8,61.0,8.84
2,2016-04-18,17,Monday,0,1,4.03,11.58,1.72,13.56,16.82,2198,2.02,1088,16703.59,4.8,60.36,10.03
2,2016-04-18,19,Monday,0,1,3.94,10.64,1.68,11.36,19.26,2477,1.97,1257,17949.41,4.8,61.01,8.86
2,2016-04-18,22,Monday,0,1,5.13,12.42,1.93,12.18,23.41,1929,1.92,1005,15930.8,4.3,70.01,10.83
2,2016-04-18,23,Monday,0,1,5.58,13.06,1.91,12.44,25.26,1344,2.03,663,10936.22,4.3,70.01,10.32
1,2016-04-19,4,Tuesday,0,2,5.89,12.92,1.48,10.51,30.83,144,1.22,118,1884.67,3.8,63.35,10.8
2,2016-04-19,5,Tuesday,0,2,6.19,13.54,1.83,10.64,30.5,364,2.01,181,3118.54,4.3,70.01,14.7
2,2016-04-19,6,Tuesday,0,2,4.57,11.02,1.55,10.02,25.35,1002,1.81,553,7507.68,3.8,70.01,10.27
2,2016-04-19,7,Tuesday,0,2,4.19,11.41,1.7,12.36,19.47,1970,2.04,968,13747.77,4.1,70.01,9.79
2,2016-04-19,8,Tuesday,0,2,3.7,11.96,1.68,15.03,14.36,2261,2.01,1125,16413.93,3.8,71.81,9.55
1,2016-04-19,9,Tuesday,0,2,3.51,11.74,1.63,14.76,13.54,972,1.11,874,12576.0,3.3,69.99,10.07
2,2016-04-19,11,Tuesday,0,2,4.03,13.11,1.78,16.65,13.98,1678,2.02,831,13272.73,3.8,70.01,10.84
2,2016-04-19,18,Tuesday,0,2,3.69,11.7,1.84,14.69,14.91,2642,2.04,1292,20010.59,4.8,66.41,9.07
2,2016-04-19,20,Tuesday,0,2,4.53,12.06,1.92,13.09,19.41,2564,2.07,1239,19223.83,4.8,70.01,10.55
1,2016-04-19,21,Tuesday,0,2,4.79,12.63,1.97,13.53,19.88,1372,1.25,1096,17701.37,4.3,70.0,11.21
2,2016-04-20,0,Wednesday,0,3,5.2,12.3,1.75,11.61,25.34,1116,2.13,524,8096.47,3.8,70.01,9.88
1,2016-04-20,1,Wednesday,0,3,5.24,12.42,1.48,11.04,25.88,276,1.15,239,3653.22,4.8,62.8,10.82
1,2016-04-20,3,Wednesday,0,3,5.11,11.96,1.32,10.74,27.5,154,1.23,125,1835.72,4.3,48.8,8.61
1,2016-04-20,10,Wednesday,0,3,3.84,12.61,1.68,15.7,13.92,938,1.16,809,12399.1,3.8,71.79,10.28
2,2016-04-20,12,Wednesday,0,3,3.8,12.47,1.74,15.63,13.8,1984,2.02,982,14948.32,3.8,70.01,10.18
1,2016-04-20,13,Wednesday,0,3,3.91,12.72,1.72,15.86,13.93,940,1.21,778,12062.64,3.8,70.01,10.45
1,2016-04-20,14,Wednesday,0,3,3.76,11.99,1.62,14.97,13.74,1058,1.21,875,12815.86,3.8,69.99,10.29
1,2016-04-20,15,Wednesday,0,3,3.88,12.68,1.68,16.42,13.19,1107,1.25,885,13754.28,3.8,69.99,11.13
1,2016-04-20,16,Wednesday,0,3,3.82,12.25,1.68,15.76,13.96,884,1.22,725,11582.42,4.8,59.84,10.65
2,2016-04-20,17,Wednesday,0,3,3.84,12.19,1.83,15.5,14.69,2050,1.92,1066,17118.29,4.8,66.41,10.24
2,2016-04-20,19,Wednesday,0,3,4.04,11.64,1.87,13.51,16.99,2559,1.99,1283,19848.96,4.8,65.76,9.42
2,2016-04-20,22,Wednesday,0,3,4.94,12.74,1.92,13.75,20.44,2488,2.02,1233,19935.68,3.8,70.01,10.17
2,2016-04-20,23,Wednesday,0,3,5.17,12.71,1.99,13.03,22.55,2028,2.06,983,15924.28,4.3,70.34,9.93
1,2016-04-21,0,Thursday,0,4,5.22,12.59,1.85,12.12,24.36,680,1.21,560,8902.82,4.3,64.17,10.13
2,2016-04-21,2,Thursday,0,4,5.45,12.45,1.73,11.24,27.1,448,2.17,206,3218.56,4.8,57.34,8.86
2,2016-04-21,4,Thursday,0,4,7.02,14.85,1.69,11.49,32.06,236,1.97,120,2199.32,5.3,70.01,14.37
2,2016-04-21,9,Thursday,0,4,3.63,12.5,1.81,16.41,13.27,2092,2.04,1024,15642.07,4.3,66.41,9.63
1,2016-04-21,12,Thursday,0,4,3.5,12.73,1.68,16.88,12.52,967,1.18,817,12612.85,3.8,63.35,10.1
1,2016-04-21,17,Thursday,0,4,3.53,12.26,1.7,16.25,13.31,762,1.24,615,9788.23,4.8,60.39,9.7
1,2016-04-21,19,Thursday,0,4,3.97,12.21,1.86,14.97,15.24,850,1.24,686,10976.41,4.3,59.3,9.46
2,2016-04-21,21,Thursday,0,4,4.93,13.07,1.96,14.58,19.16,2472,1.94,1275,21064.79,4.3,70.01,10.36
1,2016-04-21,22,Thursday,0,4,5.18,13.78,1.99,15.51,18.96,1477,1.29,1142,19717.66,4.3,68.34,10.88
1,2016-04-21,23,Thursday,0,4,5.06,13.45,2.09,15.03,19.83,1240,1.3,956,16252.82,3.8,63.35,10.07
1,2016-04-22,2,Friday,0,5,5.1,12.04,1.55,11.15,25.54,400,1.31,305,4570.2,4.3,46.55,8.4
1,2016-04-22,4,Friday,0,5,7.26,15.31,1.58,11.91,31.71,223,1.25,178,3339.33,4.8,69.99,13.61
2,2016-04-22,5,Friday,0,5,5.96,13.25,1.74,10.06,30.83,335,1.93,174,2921.96,4.3,70.01,14.93
2,2016-04-22,6,Friday,0,5,5.2,12.24,1.72,11.06,25.45,894,1.77,506,7661.7,4.3,70.01,12.46
2,2016-04-22,7,Friday,0,5,3.87,11.17,1.59,12.65,18.04,1756,1.94,904,12404.6,3.8,64.61,8.9
2,2016-04-22,8,Friday,0,5,3.9,12.31,1.76,15.23,15.01,2044,2.01,1016,15256.31,4.3,70.01,9.49
1,2016-04-22,9,Friday,0,5,3.56,12.26,1.79,15.87,13.33,948,1.11,855,12852.91,4.3,69.99,9.37
2,2016-04-22,11,Friday,0,5,3.81,12.52,1.58,15.79,13.87,1765,2.09,843,12746.41,3.8,70.01,10.54
2,2016-04-22,18,Friday,0,5,3.79,11.97,1.7,15.01,15.07,2183,1.93,1130,17666.41,4.8,59.84,9.07
2,2016-04-22,20,Friday,0,5,4.51,12.57,1.72,14.31,17.81,2191,2.08,1053,16632.27,4.3,70.01,10.88
1,2016-04-22,21,Friday,0,5,4.3,12.08,1.65,13.75,17.84,1416,1.4,1011,15370.52,4.3,72.34,9.9
2,2016-04-23,0,Saturday,1,6,4.84,12.48,1.78,13.42,20.36,2400,2.06,1165,18259.41,4.3,70.01,9.86
1,2016-04-23,1,Saturday,1,6,4.99,12.53,1.77,13.13,20.96,1147,1.35,848,13294.39,4.3,69.99,9.29
1,2016-04-23,3,Saturday,1,6,5.09,12.21,1.47,12.0,23.26,677,1.4,484,7287.02,4.3,62.84,8.97
1,2016-04-23,10,Saturday,1,6,4.01,11.35,1.44,12.45,18.44,972,1.28,758,10447.81,3.8,69.99,9.51
2,2016-04-23,12,Saturday,1,6,4.02,11.66,1.47,13.11,17.88,2095,2.12,987,13983.46,4.3,70.01,10.29
1,2016-04-23,13,Saturday,1,6,3.72,11.69,1.47,13.8,16.62,1149,1.34,855,12039.44,3.8,69.99,9.3
1,2016-04-23,14,Saturday,1,6,4.02,12.03,1.41,14.05,16.79,1138,1.41,806,11582.77,3.8,69.99,9.38
1,2016-04-23,15,Saturday,1,6,3.67,11.74,1.49,14.42,15.42,1095,1.37,797,11299.26,3.8,69.99,9.33
1,2016-04-23,16,Saturday,1,6,3.83,11.94,1.42,14.27,16.27,1098,1.44,762,10918.78,3.8,69.99,9.1
2,2016-04-23,17,Saturday,1,6,4.05,11.78,1.42,13.48,17.53,2086,2.02,1031,14624.93,3.8,70.01,10.03
2,2016-04-23,19,Saturday,1,6,3.64,10.96,1.42,12.73,17.2,2344,2.03,1157,15348.83,3.8,70.01,8.46
2,2016-04-23,22,Saturday,1,6,4.3,11.88,1.62,13.6,18.46,2414,2.01,1200,17900.7,4.3,67.34,8.28
2,2016-04-23,23,Saturday,1,6,4.48,12.17,1.65,13.71,18.79,2629,2.08,1262,19194.36,4.3,70.01,9.29
1,2016-04-24,2,Sunday,1,7,4.88,12.03,1.74,11.94,22.75,1010,1.38,734,11088.47,4.8,50.3,8.35
1,2016-04-24,4,Sunday,1,7,5.88,13.54,1.49,12.39,26.38,518,1.36,381,6250.14,4.8,69.99,10.15
2,2016-04-24,5,Sunday,1,7,6.81,14.7,1.57,11.36,31.84,353,2.05,172,3076.15,4.3,70.01,13.83
2,2016-04-24,6,Sunday,1,7,6.31,13.5,1.51,10.24,32.73,337,1.89,178,2869.72,4.3,70.01,12.81
2,2016-04-24,7,Sunday,1,7,5.57,12.27,1.55,9.59,30.84,527,1.94,271,4052.61,3.8,70.01,12.41
2,2016-04-24,8,Sunday,1,7,4.78,11.15,1.27,9.02,28.14,801,1.98,404,5475.74,3.8,68.34,10.95
1,2016-04-24,9,Sunday,1,7,4.07,10.38,1.24,9.62,23.86,605,1.27,476,5995.7,3.8,58.34,8.35
2,2016-04-24,11,Sunday,1,7,3.98,10.6,1.42,10.74,20.92,1871,2.01,930,12116.72,4.3,70.01,9.32
2,2016-04-24,18,Sunday,1,7,4.67,12.02,1.67,12.47,20.54,2071,2.0,1034,15268.91,3.8,70.01,11.54
2,2016-04-24,20,Sunday,1,7,4.77,11.93,1.68,12.28,21.6,2018,2.09,965,14609.31,4.3,70.01,10.42
1,2016-04-24,21,Sunday,1,7,5.1,12.25,1.79,11.69,23.01,999,1.35,742,11640.93,4.3,70.01,11.72
2,2016-04-25,1,Monday,0,1,5.58,12.68,1.44,10.58,28.69,338,1.82,186,2876.82,4.8,70.01,11.5
2,2016-04-25,3,Monday,0,1,6.22,13.41,1.1,10.74,31.04,177,2.33,76,1206.8,5.3,52.8,10.23
1,2016-04-25,5,Monday,0,1,6.25,13.29,1.66,9.74,33.75,211,1.15,184,3099.78,4.8,63.35,12.58
1,2016-04-25,6,Monday,0,1,4.5,10.84,1.52,9.54,25.52,520,1.09,475,6395.2,3.8,70.01,11.46
1,2016-04-25,7,Monday,0,1,4.15,11.02,1.69,11.26,20.54,782,1.09,717,9869.98,3.8,69.99,10.0
1,2016-04-25,8,Monday,0,1,3.76,11.28,1.69,13.13,16.24,1016,1.16,877,12248.31,3.8,69.99,9.69
2,2016-04-25,10,Monday,0,1,4.7,12.87,1.82,14.33,17.54,1467,1.95,752,12029.41,3.8,70.01,12.61
1,2016-04-25,11,Monday,0,1,4.41,12.72,1.61,14.55,16.09,824,1.2,684,10571.9,4.3,69.99,11.52
2,2016-04-25,13,Monday,0,1,4.32,12.23,1.61,13.83,17.08,1453,1.94,748,11200.89,4.3,70.01,11.57
2,2016-04-25,14,Monday,0,1,4.41,12.3,1.53,13.81,17.02,1659,1.97,841,12591.8,3.8,70.01,11.71
2,2016-04-25,15,Monday,0,1,4.61,12.68,1.63,14.51,16.87,1854,2.11,877,13629.41,3.8,70.01,12.71
2,2016-04-25,16,Monday,0,1,4.02,11.46,1.62,13.08,17.31,1548,2.01,772,11680.19,4.8,58.01,10.06
1,2016-04-25,18,Monday,0,1,3.65,10.61,1.53,11.8,17.65,1205,1.24,971,13715.13,4.8,60.95,8.19
1,2016-04-25,20,Monday,0,1,4.62,11.66,1.81,11.48,21.75,1135,1.25,908,13617.78,4.3,70.0,10.48
2,2016-04-26,0,Tuesday,0,2,5.3,12.44,1.57,11.61,25.69,802,2.05,392,6073.3,4.3,70.01,10.55
1,2016-04-26,1,Tuesday,0,2,5.96,13.53,1.72,11.97,27.77,273,1.22,223,3711.4,4.3,70.01,11.77
1,2016-04-26,3,Tuesday,0,2,5.82,12.93,1.18,11.27,28.26,141,1.24,114,1761.35,4.3,52.25,10.0
1,2016-04-26,10,Tuesday,0,2,3.57,11.65,1.61,14.3,14.18,827,1.14,725,10371.13,3.3,69.99,9.24
2,2016-04-26,12,Tuesday,0,2,3.79,11.75,1.6,13.94,15.23,1686,1.93,874,12650.92,3.8,58.55,9.92
1,2016-04-26,13,Tuesday,0,2,4.15,12.33,1.53,14.17,15.61,974,1.21,802,12020.37,3.8,69.99,11.18
1,2016-04-26,14,Tuesday,0,2,4.24,12.47,1.63,14.54,15.56,990,1.22,810,12334.19,3.8,69.99,11.34
1,2016-04-26,15,Tuesday,0,2,3.58,11.42,1.48,13.73,14.41,1129,1.26,894,12504.83,3.8,70.34,10.13
1,2016-04-26,16,Tuesday,0,2,3.19,10.81,1.57,13.55,14.03,1048,1.27,826,11803.13,4.8,68.19,8.64
2,2016-04-26,17,Tuesday,0,2,3.57,11.19,1.64,13.74,15.2,1988,1.99,999,14799.11,4.8,63.41,9.03
2,2016-04-26,19,Tuesday,0,2,3.71,10.49,1.66,11.46,18.6,2618,1.98,1319,18606.01,4.8,61.01,8.14
2,2016-04-26,22,Tuesday,0,2,5.0,12.54,1.93,12.84,22.04,2337,2.06,1137,18114.66,4.3,70.01,9.86
2,2016-04-26,23,Tuesday,0,2,6.0,13.72,2.01,12.49,26.17,1678,1.99,844,14658.68,4.8,70.01,11.85
1,2016-04-27,0,Wednesday,0,3,5.62,12.97,1.76,11.72,26.1,529,1.24,428,6942.24,4.3,69.99,10.88
2,2016-04-27,2,Wednesday,0,3,5.36,12.27,1.45,10.61,27.82,316,2.03,156,2353.81,4.8,49.34,9.27
2,2016-04-27,4,Wednesday,0,3,6.34,13.68,1.43,10.62,31.5,243,2.34,104,1744.06,4.8,70.01,12.67
2,2016-04-27,9,Wednesday,0,3,3.69,12.12,1.89,15.05,14.47,2128,2.02,1051,15792.14,3.8,70.01,9.75
1,2016-04-27,12,Wednesday,0,3,3.73,12.91,1.75,16.57,13.13,907,1.19,765,12043.08,3.8,69.99,10.59
1,2016-04-27,17,Wednesday,0,3,3.37,11.39,1.68,14.36,14.4,1027,1.22,841,12646.02,4.8,59.19,8.53
1,2016-04-27,19,Wednesday,0,3,3.72,10.91,1.66,12.38,17.3,1246,1.26,989,14339.09,4.3,61.55,8.44
2,2016-04-27,21,Wednesday,0,3,4.72,12.55,1.93,13.61,20.27,2491,1.94,1286,20533.79,3.8,70.01,9.88
1,2016-04-27,22,Wednesday,0,3,4.69,12.6,1.97,13.63,20.08,1232,1.25,982,15720.29,4.3,68.34,9.92
1,2016-04-27,23,Wednesday,0,3,5.09,12.88,1.85,13.31,21.86,982,1.24,792,12820.9,4.3,63.35,10.14
1,2016-04-28,2,Thursday,0,4,5.59,13.22,1.55,11.73,26.07,204,1.23,166,2665.06,4.3,55.3,10.43
1,2016-04-28,4,Thursday,0,4,6.31,13.85,1.57,11.33,30.26,164,1.21,136,2334.89,4.3,69.99,13.17
2,2016-04-28,5,Thursday,0,4,6.21,13.3,2.08,10.39,31.77,355,1.85,192,3341.78,4.8,70.01,14.21
2,2016-04-28,6,Thursday,0,4,4.65,11.21,1.53,9.87,25.56,976,1.88,520,7184.72,4.3,70.01,11.17
2,2016-04-28,7,Thursday,0,4,4.0,11.08,1.68,11.97,19.09,1732,1.94,892,12281.67,3.8,70.01,10.04
2,2016-04-28,8,Thursday,0,4,3.85,11.83,1.76,14.2,15.51,2212,2.05,1080,15706.99,3.3,70.01,9.8
1,2016-04-28,9,Thursday,0,4,3.75,12.12,1.68,14.91,14.49,978,1.11,884,13081.41,3.8,69.99,9.46
2,2016-04-28,11,Thursday,0,4,4.06,12.48,1.73,15.08,15.09,1904,2.05,928,14221.83,3.8,70.01,10.63
2,2016-04-28,18,Thursday,0,4,3.77,11.44,1.77,13.75,16.1,2686,1.96,1368,20731.46,4.8,53.89,8.56
2,2016-04-28,20,Thursday,0,4,4.23,11.37,1.73,12.19,19.48,2517,1.96,1286,18738.43,4.3,70.01,9.37
1,2016-04-28,21,Thursday,0,4,4.64,12.24,1.87,13.2,19.68,1466,1.27,1150,17906.69,4.3,63.34,9.22
1,2016-04-29,2,Friday,0,5,5.31,12.4,1.65,11.39,26.03,360,1.33,270,4154.54,4.3,53.19,9.04
1,2016-04-29,4,Friday,0,5,6.43,14.21,1.49,11.95,30.12,211,1.17,181,3126.36,4.3,69.99,12.8
2,2016-04-29,5,Friday,0,5,6.76,14.23,1.78,10.98,31.41,434,2.12,205,3642.51,3.8,70.01,15.33
2,2016-04-29,6,Friday,0,5,5.04,11.77,1.72,10.22,26.54,945,1.9,498,7318.13,4.3,70.01,12.58
2,2016-04-29,7,Friday,0,5,4.28,11.32,1.63,11.74,20.24,1691,1.97,858,11983.99,3.8,70.01,9.92
2,2016-04-29,8,Friday,0,5,3.89,11.41,1.72,13.02,16.56,2184,1.98,1103,15571.23,4.3,70.01,9.8
1,2016-04-29,9,Friday,0,5,3.91,11.92,1.68,13.93,15.45,982,1.13,868,12680.18,3.8,69.99,10.15
2,2016-04-29,11,Friday,0,5,3.88,11.78,1.58,13.95,15.82,1950,2.01,971,13934.33,3.8,70.01,9.63
2,2016-04-29,18,Friday,0,5,3.68,11.19,1.64,13.31,16.01,2658,1.97,1348,19873.72,4.8,59.84,8.23
2,2016-04-29,20,Friday,0,5,4.39,12.11,1.8,13.65,17.97,2563,1.99,1287,19839.98,4.3,70.01,10.4
1,2016-04-29,21,Friday,0,5,4.25,12.01,1.68,13.81,17.41,1552,1.39,1118,16874.25,4.3,70.0,9.18
1,2016-04-30,0,Saturday,1,6,4.97,13.1,1.72,14.33,19.64,1298,1.4,924,15010.78,4.3,69.99,10.28
2,2016-04-30,2,Saturday,1,6,4.96,12.14,1.61,11.99,23.27,1512,2.05,736,11123.26,4.3,54.8,8.72
2,2016-04-30,4,Saturday,1,6,5.94,13.38,1.42,11.93,27.15,708,2.22,319,5176.29,3.8,61.8,10.49
2,2016-04-30,9,Saturday,1,6,4.01,10.49,1.24,10.37,21.88,1625,2.05,793,10050.28,4.3,64.19,8.24
1,2016-04-30,12,Saturday,1,6,3.5,10.53,1.31,11.99,17.0,1208,1.32,913,11635.61,3.8,70.01,7.82
1,2016-04-30,17,Saturday,1,6,4.0,11.93,1.46,14.03,16.69,1384,1.4,992,14293.14,3.3,69.99,9.51
1,2016-04-30,19,Saturday,1,6,3.79,11.67,1.49,14.06,15.6,1781,1.46,1218,17250.62,3.8,69.99,8.7
2,2016-04-30,21,Saturday,1,6,4.18,11.6,1.54,13.09,18.33,2507,2.1,1192,17333.35,4.8,70.01,8.85
1,2016-04-30,22,Saturday,1,6,4.27,11.85,1.58,13.37,18.27,1653,1.43,1153,17099.89,4.3,70.0,8.99
1,2016-04-30,23,Saturday,1,6,4.46,12.22,1.64,13.85,18.4,1668,1.49,1121,17112.79,4.3,69.99,8.53
2,2016-05-01,1,Sunday,1,7,4.81,12.06,1.68,12.39,21.84,2281,1.96,1163,17550.07,4.3,59.34,8.63
2,2016-05-01,3,Sunday,1,7,5.15,12.13,1.59,11.4,25.22,1464,2.11,694,10461.68,4.3,51.34,8.5
1,2016-05-01,5,Sunday,1,7,7.13,15.26,1.43,12.66,30.53,187,1.31,143,2587.56,4.3,61.8,12.17
1,2016-05-01,6,Sunday,1,7,7.32,15.83,1.66,11.79,33.07,181,1.12,162,3034.23,4.3,69.99,15.09
1,2016-05-01,7,Sunday,1,7,5.34,12.37,1.68,10.58,27.35,260,1.2,216,3313.76,4.3,69.99,13.07
1,2016-05-01,8,Sunday,1,7,4.46,11.43,1.32,10.86,23.11,469,1.2,392,5378.74,3.8,69.99,10.45
2,2016-05-01,10,Sunday,1,7,3.79,10.26,1.36,10.49,20.61,1777,1.91,930,11720.41,3.8,70.34,9.08
1,2016-05-01,11,Sunday,1,7,4.1,11.02,1.46,11.5,19.73,1128,1.29,873,11815.77,3.8,69.99,10.55
2,2016-05-01,13,Sunday,1,7,4.02,10.79,1.39,11.34,19.71,2329,2.07,1127,14898.7,3.3,70.01,10.04
2,2016-05-01,14,Sunday,1,7,4.56,11.84,1.55,12.5,19.68,2062,1.99,1034,15034.04,3.8,70.01,11.93
2,2016-05-01,15,Sunday,1,7,4.58,11.99,1.51,12.65,19.6,2030,2.04,997,14567.81,3.8,70.01,11.63
2,2016-05-01,16,Sunday,1,7,4.14,11.17,1.43,12.09,18.83,2303,2.1,1096,14940.97,3.8,70.01,10.48
1,2016-05-01,18,Sunday,1,7,4.43,11.6,1.65,12.28,19.15,1256,1.37,918,13224.6,4.3,70.0,11.43
1,2016-05-01,20,Sunday,1,7,4.67,11.79,1.67,11.97,20.95,1015,1.36,746,11225.36,3.8,70.0,11.27
2,2016-05-02,0,Monday,0,1,7.28,15.28,1.86,12.4,31.29,657,1.94,338,6352.88,4.3,70.01,13.07
1,2016-05-02,1,Monday,0,1,5.37,12.52,1.33,10.59,27.72,231,1.25,185,2831.56,4.3,64.34,10.32
1,2016-05-02,10,Monday,0,1,4.09,12.36,1.66,14.7,15.41,877,1.19,740,11213.74,3.8,69.99,10.83
2,2016-05-02,12,Monday,0,1,4.68,13.26,1.81,15.21,16.31,1771,2.01,882,14373.85,3.8,70.01,12.85
1,2016-05-02,13,Monday,0,1,4.11,12.12,1.59,13.72,16.09,981,1.22,801,11844.63,3.8,69.99,11.24
1,2016-05-02,14,Monday,0,1,3.99,11.85,1.44,13.69,15.7,1015,1.23,824,11818.48,4.3,70.34,10.32
1,2016-05-02,15,Monday,0,1,4.13,11.9,1.54,13.67,15.86,1084,1.28,846,12358.8,3.8,70.34,11.4
1,2016-05-02,16,Monday,0,1,3.59,10.92,1.54,12.87,15.83,974,1.25,779,11263.86,4.8,55.6,8.74
2,2016-05-02,17,Monday,0,1,4.17,11.83,1.58,13.69,17.24,2127,2.1,1012,15610.74,5.3,60.36,9.89
2,2016-05-02,19,Monday,0,1,4.14,11.19,1.65,12.03,19.14,2245,2.0,1125,16639.28,4.8,62.16,9.07
2,2016-05-02,22,Monday,0,1,5.4,13.03,1.93,12.72,23.57,2089,2.01,1041,17148.06,4.8,70.01,10.91
2,2016-05-02,23,Monday,0,1,5.4,12.78,1.97,12.43,24.02,1521,1.91,797,13044.09,4.3,70.01,11.39
2,2016-05-03,0,Tuesday,0,2,5.29,12.5,1.84,12.06,24.29,937,1.97,476,7484.83,4.3,63.36,10.41
1,2016-05-03,1,Tuesday,0,2,5.7,12.92,1.74,11.66,26.1,327,1.17,279,4488.16,4.3,69.99,11.27
1,2016-05-03,3,Tuesday,0,2,6.44,14.22,1.43,12.8,27.02,151,1.36,111,1881.61,4.8,55.8,11.07
1,2016-05-03,10,Tuesday,0,2,3.47,12.27,1.64,16.33,12.31,1017,1.16,873,13008.76,3.3,69.99,9.85
2,2016-05-03,12,Tuesday,0,2,3.67,12.56,1.7,16.39,12.6,1985,2.05,968,14835.06,3.8,70.01,10.76
1,2016-05-03,13,Tuesday,0,2,3.89,12.81,1.69,16.41,13.06,1016,1.21,839,13063.88,3.8,69.99,10.57
1,2016-05-03,14,Tuesday,0,2,4.01,12.73,1.7,15.95,13.71,1230,1.22,1011,15726.02,3.8,69.99,11.72
1,2016-05-03,15,Tuesday,0,2,3.77,12.0,1.45,15.02,13.84,1156,1.27,913,13328.6,4.3,70.0,10.45
1,2016-05-03,16,Tuesday,0,2,3.55,11.43,1.56,14.2,14.4,918,1.2,762,11408.53,4.3,64.59,9.49
2,2016-05-03,17,Tuesday,0,2,3.82,11.85,1.69,14.68,15.1,2353,1.95,1205,18709.01,4.8,65.81,9.77
2,2016-05-03,19,Tuesday,0,2,4.05,11.38,1.78,12.94,17.71,2522,1.96,1289,19507.53,4.8,66.0,8.91
2,2016-05-03,22,Tuesday,0,2,4.91,12.58,1.92,13.36,20.97,2342,2.08,1127,18003.3,4.3,70.01,10.06
2,2016-05-03,23,Tuesday,0,2,5.51,13.29,1.89,13.35,23.14,1672,2.06,810,13517.17,4.8,70.01,10.84
2,2016-05-04,1,Wednesday,0,3,5.3,12.15,1.66,11.08,27.2,639,2.15,297,4518.03,4.8,70.01,8.76
2,2016-05-04,3,Wednesday,0,3,5.47,12.46,1.2,11.05,27.21,222,2.22,100,1507.54,4.3,49.84,9.22
1,2016-05-04,5,Wednesday,0,3,5.56,12.71,1.64,10.09,29.45,195,1.07,183,2913.01,4.3,69.99,14.02
1,2016-05-04,6,Wednesday,0,3,4.25,10.57,1.55,9.83,23.44,577,1.11,518,6837.9,3.8,69.99,9.97
1,2016-05-04,7,Wednesday,0,3,3.84,11.01,1.62,12.44,17.49,1032,1.1,934,12703.19,3.8,69.99,9.53
1,2016-05-04,8,Wednesday,0,3,3.78,12.02,1.88,14.83,14.5,1154,1.11,1042,15515.15,4.3,69.99,10.11
2,2016-05-04,10,Wednesday,0,3,3.81,12.51,1.75,15.82,14.12,1939,1.98,981,15031.64,3.8,63.41,10.25
1,2016-05-04,11,Wednesday,0,3,3.77,12.56,1.65,15.91,13.4,1028,1.15,891,13582.8,4.3,65.0,10.36
2,2016-05-04,13,Wednesday,0,3,3.95,12.76,1.7,16.01,13.83,2115,2.04,1037,16122.81,3.8,70.01,10.81
2,2016-05-04,14,Wednesday,0,3,3.95,12.83,1.86,16.82,13.07,2086,2.06,1013,15968.95,3.8,70.01,10.89
2,2016-05-04,15,Wednesday,0,3,3.6,12.19,1.68,16.16,12.72,1964,1.88,1043,15607.46,3.8,70.01,10.4
2,2016-05-04,16,Wednesday,0,3,3.47,11.52,1.63,15.04,13.65,1696,2.05,826,12532.96,4.8,66.41,9.83
1,2016-05-04,18,Wednesday,0,3,3.41,11.38,1.7,14.87,13.54,1441,1.24,1160,17404.57,4.3,69.39,8.37
1,2016-05-04,20,Wednesday,0,3,4.41,11.81,1.83,12.95,18.71,1328,1.2,1104,16742.31,4.3,70.34,9.62
2,2016-05-05,0,Thursday,0,4,5.83,13.6,1.87,13.26,24.72,1192,1.98,603,10216.78,4.3,70.01,11.24
1,2016-05-05,1,Thursday,0,4,5.71,13.09,1.61,11.95,26.26,422,1.24,340,5472.69,5.3,69.99,10.43
1,2016-05-05,3,Thursday,0,4,5.68,12.81,1.3,10.94,28.91,156,1.22,128,1977.31,5.3,52.8,9.15
1,2016-05-05,10,Thursday,0,4,3.75,12.42,1.77,15.76,13.68,1060,1.15,920,14017.77,3.8,68.34,9.93
2,2016-05-05,12,Thursday,0,4,4.17,13.11,1.8,16.35,14.07,2019,2.01,1003,16077.87,3.8,70.01,11.39
1,2016-05-05,13,Thursday,0,4,4.18,13.27,1.82,16.71,13.9,1059,1.21,875,14154.07,3.8,69.99,11.21
1,2016-05-05,14,Thursday,0,4,4.02,12.87,1.67,16.38,13.57,1180,1.21,976,15210.67,3.8,69.99,10.78
1,2016-05-05,15,Thursday,0,4,3.76,12.53,1.63,16.31,13.0,1185,1.24,958,14678.13,3.8,62.19,10.11
1,2016-05-05,16,Thursday,0,4,3.69,12.32,1.59,16.01,13.16,998,1.25,800,12737.27,4.8,66.95,10.43
2,2016-05-05,17,Thursday,0,4,3.55,11.88,1.69,15.55,13.74,2058,2.0,1030,16016.43,3.8,66.84,9.4
2,2016-05-05,19,Thursday,0,4,3.89,11.41,1.75,13.44,16.64,2935,2.01,1457,22045.12,4.8,59.16,8.7
2,2016-05-05,22,Thursday,0,4,5.17,13.72,2.18,15.49,19.52,2758,2.1,1314,22842.34,4.8,70.34,11.24
2,2016-05-05,23,Thursday,0,4,5.51,13.95,2.05,15.15,20.7,2383,2.03,1173,20512.36,4.3,70.01,11.13
2,2016-05-06,0,Friday,0,5,5.26,12.95,1.87,13.39,22.31,1901,2.03,936,15262.89,4.8,70.01,10.26
1,2016-05-06,1,Friday,0,5,5.12,12.43,1.67,12.2,23.34,777,1.28,606,9351.97,4.3,69.99,9.3
1,2016-05-06,3,Friday,0,5,5.12,12.06,1.21,11.33,25.38,360,1.25,288,4206.54,4.8,52.55,8.59
1,2016-05-06,10,Friday,0,5,3.58,12.59,1.57,16.67,12.59,1087,1.18,920,13924.02,3.3,68.34,9.6
2,2016-05-06,12,Friday,0,5,3.62,12.32,1.63,15.97,12.93,1951,2.06,945,14113.99,3.3,70.01,10.17
1,2016-05-06,13,Friday,0,5,3.94,12.53,1.61,15.7,13.8,1038,1.22,849,12946.73,3.8,69.99,11.08
1,2016-05-06,14,Friday,0,5,3.74,12.32,1.64,15.82,13.54,1120,1.27,880,13191.83,3.8,69.99,10.14
1,2016-05-06,15,Friday,0,5,3.87,12.73,1.61,16.55,13.31,1120,1.27,882,13692.57,4.3,69.99,11.09
1,2016-05-06,16,Friday,0,5,3.71,12.08,1.67,15.39,14.07,899,1.23,730,11532.8,4.8,64.34,10.5
2,2016-05-06,17,Friday,0,5,4.0,12.22,1.73,15.26,15.18,2050,1.94,1055,16879.1,4.8,60.36,10.5
2,2016-05-06,19,Friday,0,5,3.75,11.27,1.64,13.41,15.99,2928,2.02,1451,21551.62,4.8,63.41,8.52
2,2016-05-06,22,Friday,0,5,4.74,12.66,1.74,14.02,19.18,2483,1.94,1279,20321.12,4.3,70.01,10.41
2,2016-05-06,23,Friday,0,5,4.65,12.52,1.69,14.02,19.48,2329,2.03,1148,18025.65,4.3,70.01,9.59
2,2016-05-07,1,Saturday,1,6,5.09,12.6,1.81,13.06,22.14,1902,2.05,926,14632.02,4.3,70.01,9.74
2,2016-05-07,3,Saturday,1,6,5.28,12.38,1.53,11.76,25.02,1106,2.04,542,8295.23,4.3,64.34,9.03
1,2016-05-07,5,Saturday,1,6,6.29,13.87,1.13,11.43,29.56,184,1.17,157,2598.63,4.8,63.35,12.52
1,2016-05-07,6,Saturday,1,6,5.83,13.01,1.55,10.76,29.64,285,1.13,252,3953.84,4.3,69.99,12.71
1,2016-05-07,7,Saturday,1,6,5.2,12.07,1.48,10.24,26.88,378,1.13,336,4942.88,3.8,69.99,11.68
1,2016-05-07,8,Saturday,1,6,4.44,11.07,1.4,10.12,23.48,626,1.19,524,7067.53,3.8,63.35,10.05
2,2016-05-07,10,Saturday,1,6,4.08,10.85,1.4,11.14,20.63,2071,1.94,1067,14155.5,3.8,70.01,9.4
1,2016-05-07,11,Saturday,1,6,3.56,10.39,1.37,11.35,17.92,1225,1.28,955,12106.28,3.8,69.99,7.86
2,2016-05-07,13,Saturday,1,6,3.93,11.36,1.45,12.79,17.53,2537,2.09,1214,16731.28,4.3,70.01,9.48
2,2016-05-07,14,Saturday,1,6,4.27,11.9,1.44,13.42,17.88,2397,2.08,1150,16590.93,4.3,70.01,10.42
2,2016-05-07,15,Saturday,1,6,4.16,11.83,1.52,13.71,17.33,2282,1.97,1156,16588.91,3.8,70.01,10.17
2,2016-05-07,16,Saturday,1,6,4.13,11.72,1.39,13.39,17.65,1952,2.05,950,13399.25,3.8,70.01,9.98
1,2016-05-07,18,Saturday,1,6,3.63,11.05,1.36,13.03,16.29,1498,1.4,1073,14336.97,3.8,71.79,8.53
1,2016-05-07,20,Saturday,1,6,3.86,11.25,1.43,12.93,17.36,1484,1.38,1072,15088.48,4.3,68.34,8.19
2,2016-05-08,0,Sunday,1,7,4.48,11.88,1.64,12.96,20.46,2364,2.06,1150,17113.45,3.8,58.56,8.43
1,2016-05-08,1,Sunday,1,7,4.79,12.16,1.64,12.73,21.51,1257,1.37,917,13936.25,3.8,58.34,8.37
1,2016-05-08,3,Sunday,1,7,5.39,12.62,1.57,11.81,25.54,817,1.39,589,9165.8,4.3,69.99,9.06
1,2016-05-08,10,Sunday,1,7,3.99,10.32,1.36,9.84,22.29,1142,1.34,853,10807.73,3.8,70.0,9.11
2,2016-05-08,12,Sunday,1,7,4.27,11.33,1.38,11.98,19.82,2202,2.1,1047,14408.03,3.8,70.01,10.13
1,2016-05-08,13,Sunday,1,7,4.55,12.18,1.56,13.19,18.93,1259,1.42,886,13126.73,3.8,69.99,11.24
1,2016-05-08,14,Sunday,1,7,4.27,11.82,1.52,13.35,17.62,1456,1.43,1017,14692.11,3.8,69.99,11.1
1,2016-05-08,15,Sunday,1,7,4.25,11.88,1.51,13.7,17.39,1259,1.4,899,12990.63,4.3,70.0,10.14
1,2016-05-08,16,Sunday,1,7,4.29,11.83,1.51,13.35,17.99,1128,1.35,833,12061.46,3.8,69.99,10.68
2,2016-05-08,17,Sunday,1,7,5.11,13.17,1.74,14.68,19.29,1946,2.03,958,15415.67,4.3,70.01,12.72
2,2016-05-08,19,Sunday,1,7,4.69,12.07,1.56,12.89,20.02,1859,1.98,941,13847.31,3.8,70.01,11.68
2,2016-05-08,22,Sunday,1,7,5.42,12.91,1.76,12.72,23.39,1492,2.04,731,11888.06,4.3,70.01,12.06
2,2016-05-08,23,Sunday,1,7,6.88,14.97,1.87,13.19,28.04,1096,1.98,554,10255.26,4.3,70.01,13.37
1,2016-05-09,0,Monday,0,1,5.79,13.17,1.66,11.51,27.22,431,1.25,345,5627.91,4.8,70.34,11.52
2,2016-05-09,2,Monday,0,1,4.58,10.75,1.1,9.64,28.3,202,1.74,116,1525.21,4.8,37.56,6.54
2,2016-05-09,4,Monday,0,1,7.68,15.69,1.58,11.68,34.39,186,2.09,89,1711.88,4.3,61.34,13.86
2,2016-05-09,9,Monday,0,1,4.22,12.51,1.71,14.92,15.77,1806,2.01,897,13762.73,3.8,70.01,11.11
1,2016-05-09,12,Monday,0,1,4.01,12.13,1.57,14.25,15.46,894,1.18,758,11216.53,3.8,70.34,11.41
1,2016-05-09,17,Monday,0,1,3.62,11.07,1.53,13.16,15.97,1063,1.23,862,12551.89,4.3,65.79,9.11
1,2016-05-09,19,Monday,0,1,3.8,10.64,1.62,11.36,18.85,1191,1.21,985,13906.71,4.8,63.35,8.28
2,2016-05-09,21,Monday,0,1,4.95,12.33,1.87,12.34,22.22,2267,2.03,1116,17558.46,4.3,70.01,10.29
1,2016-05-09,22,Monday,0,1,5.24,12.74,1.93,12.42,23.1,979,1.25,785,12737.52,3.8,69.99,10.98
1,2016-05-09,23,Monday,0,1,5.46,12.79,1.95,12.11,24.72,732,1.26,583,9490.99,3.8,69.99,10.69
1,2016-05-10,0,Tuesday,0,2,5.11,12.23,1.57,11.38,24.62,474,1.28,369,5620.2,3.8,58.34,9.41
2,2016-05-10,2,Tuesday,0,2,4.83,11.28,1.54,10.04,27.29,304,1.92,158,2241.8,4.8,44.8,8.15
2,2016-05-10,4,Tuesday,0,2,6.36,13.8,1.57,11.21,30.66,168,1.73,97,1665.2,4.8,70.01,12.42
2,2016-05-10,9,Tuesday,0,2,3.87,12.59,1.83,16.08,13.9,2157,2.05,1054,16253.6,3.8,70.01,10.43
1,2016-05-10,12,Tuesday,0,2,3.9,12.96,1.77,16.46,13.47,937,1.17,802,12704.3,3.8,69.99,11.04
1,2016-05-10,17,Tuesday,0,2,3.49,11.54,1.58,14.62,14.11,1123,1.27,884,13377.8,4.3,59.15,9.13
1,2016-05-10,19,Tuesday,0,2,3.54,10.56,1.66,11.93,17.09,1363,1.21,1124,15836.54,4.8,55.59,7.55
2,2016-05-10,21,Tuesday,0,2,4.71,12.63,1.89,13.77,20.01,2420,1.95,1239,19824.51,4.8,70.01,10.16
1,2016-05-10,22,Tuesday,0,2,4.71,12.63,2.0,13.79,20.17,1125,1.26,891,14289.03,4.8,68.34,9.73
1,2016-05-10,23,Tuesday,0,2,4.9,12.33,1.85,12.68,22.14,918,1.25,733,11460.22,3.8,66.99,9.31
1,2016-05-11,0,Wednesday,0,3,4.97,12.1,1.56,11.48,24.32,517,1.23,421,6349.14,4.3,60.3,9.46
2,2016-05-11,2,Wednesday,0,3,5.08,12.05,1.57,10.99,26.83,340,2.05,166,2504.01,4.8,54.96,9.12
2,2016-05-11,4,Wednesday,0,3,7.48,15.57,1.72,12.56,32.71,210,2.23,94,1803.06,3.8,59.12,12.42
2,2016-05-11,9,Wednesday,0,3,3.78,12.31,1.82,15.55,14.07,2141,2.03,1055,15997.1,3.8,70.01,10.08
1,2016-05-11,12,Wednesday,0,3,3.76,13.15,1.8,17.12,12.69,1075,1.2,896,14330.92,4.3,65.84,10.67
1,2016-05-11,17,Wednesday,0,3,3.67,12.45,1.83,16.43,13.52,1045,1.23,847,13803.33,4.8,65.19,10.13
1,2016-05-11,19,Wednesday,0,3,3.92,11.76,1.85,14.0,16.1,1351,1.23,1101,17095.14,4.8,59.79,8.81
2,2016-05-11,21,Wednesday,0,3,4.37,11.66,1.85,12.63,19.6,2733,2.03,1344,20143.29,4.3,63.36,9.33
1,2016-05-11,22,Wednesday,0,3,5.09,12.89,2.02,13.52,20.8,1339,1.29,1042,17094.96,4.3,70.84,10.71
1,2016-05-11,23,Wednesday,0,3,4.98,12.49,1.88,12.81,21.93,1034,1.23,840,13319.36,4.3,65.89,9.68
1,2016-05-12,0,Thursday,0,4,4.99,12.11,1.87,11.89,23.64,659,1.21,546,8420.81,4.3,69.99,9.95
2,2016-05-12,2,Thursday,0,4,5.49,12.47,1.58,11.31,27.33,482,2.08,232,3581.65,4.3,56.62,9.27
2,2016-05-12,4,Thursday,0,4,6.62,13.94,2.13,10.87,32.48,251,2.16,116,2097.62,4.3,63.36,13.63
2,2016-05-12,9,Thursday,0,4,3.9,12.84,1.88,16.62,13.87,2010,1.96,1023,16124.01,3.8,70.34,10.44
1,2016-05-12,12,Thursday,0,4,3.95,13.52,1.68,17.54,12.67,954,1.18,811,13201.68,3.8,69.99,11.42
1,2016-05-12,17,Thursday,0,4,3.64,12.58,1.73,16.88,13.02,1063,1.24,860,14042.72,4.8,65.19,10.37
1,2016-05-12,19,Thursday,0,4,3.71,11.28,1.7,13.5,15.69,1433,1.23,1161,17321.43,4.3,62.15,8.68
2,2016-05-12,21,Thursday,0,4,4.7,13.04,1.98,15.09,18.27,2706,2.01,1345,22251.41,4.3,70.01,10.37
1,2016-05-12,22,Thursday,0,4,5.15,13.91,2.14,15.84,19.01,1400,1.29,1085,19045.14,4.3,70.34,10.85
1,2016-05-12,23,Thursday,0,4,4.79,12.87,2.0,14.2,19.79,1183,1.31,903,14754.97,4.8,70.01,10.05
1,2016-05-13,0,Friday,0,5,5.34,13.46,2.0,14.16,21.71,916,1.25,734,12467.43,3.8,70.01,10.86
2,2016-05-13,2,Friday,0,5,5.4,12.56,1.59,12.21,25.58,718,2.03,353,5490.78,4.3,51.36,8.38
2,2016-05-13,4,Friday,0,5,6.73,14.32,1.69,11.59,31.03,337,2.04,165,2915.75,4.3,70.01,12.71
2,2016-05-13,9,Friday,0,5,3.68,12.14,1.69,15.23,14.01,2040,2.04,1000,14820.34,3.8,70.01,9.42
1,2016-05-13,12,Friday,0,5,3.98,13.73,1.76,17.64,13.11,1046,1.23,851,14070.91,3.8,69.99,11.65
1,2016-05-13,17,Friday,0,5,3.16,12.65,1.72,18.0,11.91,914,1.27,719,11705.71,4.8,56.19,9.45
1,2016-05-13,19,Friday,0,5,3.58,11.24,1.64,13.81,15.18,1391,1.28,1084,15991.0,4.3,61.84,8.48
2,2016-05-13,21,Friday,0,5,4.58,12.33,1.75,13.76,18.9,2413,2.07,1165,18183.74,4.3,70.01,10.13
1,2016-05-13,22,Friday,0,5,4.78,12.67,1.76,13.9,19.3,1502,1.34,1118,17843.09,4.3,69.99,10.19
1,2016-05-13,23,Friday,0,5,4.95,12.96,1.81,14.26,19.57,1636,1.43,1141,18533.66,4.3,70.0,10.48
1,2016-05-14,0,Saturday,1,6,5.02,12.86,1.82,13.82,20.63,1322,1.34,986,15851.46,4.3,69.99,9.46
2,2016-05-14,2,Saturday,1,6,4.84,11.88,1.73,11.87,23.24,1607,2.12,759,11359.87,4.3,52.56,8.42
2,2016-05-14,4,Saturday,1,6,5.98,13.49,1.62,12.1,27.27,837,2.26,370,6122.44,4.8,55.8,10.04
2,2016-05-14,9,Saturday,1,6,4.06,10.82,1.46,11.12,20.76,1873,2.05,914,12096.61,3.8,70.56,9.09
1,2016-05-14,12,Saturday,1,6,3.82,11.47,1.47,13.35,16.9,1306,1.3,1002,13880.25,3.8,64.34,8.33
1,2016-05-14,17,Saturday,1,6,4.05,12.24,1.53,14.77,16.29,1340,1.41,952,14103.23,3.8,67.59,9.63
1,2016-05-14,19,Saturday,1,6,3.66,11.95,1.5,15.11,14.94,1569,1.48,1062,15307.88,3.8,60.95,8.42
2,2016-05-14,21,Saturday,1,6,3.88,11.13,1.53,12.8,18.09,2235,1.99,1124,15756.31,4.3,59.18,7.56
1,2016-05-14,22,Saturday,1,6,4.23,11.89,1.66,13.48,18.05,1691,1.47,1147,17114.08,4.3,69.99,8.67
1,2016-05-14,23,Saturday,1,6,4.56,12.49,1.7,14.3,18.3,1837,1.47,1251,19447.97,4.3,63.35,8.76
1,2016-05-15,0,Sunday,1,7,4.68,12.3,1.78,13.51,19.79,1546,1.39,1111,17158.31,3.8,66.0,9.05
2,2016-05-15,2,Sunday,1,7,5.15,12.46,1.74,12.43,23.54,1864,1.99,938,14600.58,4.3,56.21,8.56
2,2016-05-15,4,Sunday,1,7,5.83,13.31,1.37,12.04,27.04,883,2.06,429,6914.57,4.3,68.34,10.17
2,2016-05-15,9,Sunday,1,7,4.44,11.02,1.42,10.14,24.28,1526,1.97,773,10458.85,3.8,70.01,10.55
1,2016-05-15,12,Sunday,1,7,4.06,11.32,1.56,12.41,18.33,1410,1.39,1011,14037.57,3.8,69.99,9.57
1,2016-05-15,17,Sunday,1,7,4.08,12.0,1.58,14.04,17.19,1194,1.38,864,12617.61,3.8,70.0,10.35
1,2016-05-15,19,Sunday,1,7,4.04,11.25,1.49,12.43,18.39,1244,1.37,910,12550.81,3.8,67.34,9.73
2,2016-05-15,21,Sunday,1,7,4.79,11.83,1.68,11.76,22.06,2035,2.08,978,14665.12,4.3,63.36,10.65
1,2016-05-15,22,Sunday,1,7,5.05,12.24,1.69,11.71,23.46,1024,1.35,759,11727.3,4.3,70.0,10.64
1,2016-05-15,23,Sunday,1,7,6.47,14.47,1.88,12.87,26.66,774,1.35,574,10284.4,4.8,69.99,13.2
1,2016-05-16,0,Monday,0,1,6.22,13.77,1.86,11.99,27.67,484,1.26,384,6624.2,4.8,69.99,12.21
2,2016-05-16,4,Monday,0,1,8.12,16.53,1.95,12.64,35.46,229,2.04,112,2269.61,5.3,63.36,13.6
2,2016-05-16,9,Monday,0,1,4.14,12.34,1.84,14.62,15.76,1979,2.02,980,15044.2,3.8,70.01,11.64
1,2016-05-16,12,Monday,0,1,4.09,12.88,1.79,15.93,14.44,999,1.23,814,12809.04,3.8,69.99,11.29
1,2016-05-16,17,Monday,0,1,3.62,11.54,1.6,14.35,15.02,1122,1.28,877,13220.3,4.8,60.95,8.81
1,2016-05-16,19,Monday,0,1,3.8,10.76,1.63,11.87,17.97,1267,1.25,1017,14507.44,3.8,57.35,8.52
2,2016-05-16,21,Monday,0,1,4.78,11.97,1.87,12.17,21.78,2464,1.97,1248,19166.7,4.3,70.01,9.99
1,2016-05-16,22,Monday,0,1,5.22,12.91,1.94,13.06,22.27,1204,1.28,938,15328.85,4.8,66.34,10.43
1,2016-05-16,23,Monday,0,1,5.53,13.09,1.93,12.55,24.14,872,1.3,672,11139.07,4.3,69.99,10.94
1,2016-05-17,0,Tuesday,0,2,5.68,13.0,1.9,11.88,26.18,581,1.27,459,7544.25,4.8,70.0,10.89
2,2016-05-17,2,Tuesday,0,2,5.45,12.34,1.62,10.83,28.74,406,2.23,182,2800.38,4.3,49.8,8.61
2,2016-05-17,4,Tuesday,0,2,7.31,15.34,1.73,12.6,32.25,173,1.92,90,1675.73,4.8,52.3,11.47
2,2016-05-17,9,Tuesday,0,2,3.87,12.56,1.76,15.81,14.32,2048,2.01,1018,15606.36,3.8,70.01,10.16
1,2016-05-17,12,Tuesday,0,2,3.83,13.1,1.71,17.04,12.82,1103,1.25,885,14032.77,4.3,69.99,10.7
1,2016-05-17,17,Tuesday,0,2,3.69,12.61,1.79,16.73,12.98,1238,1.3,952,15666.31,4.8,62.3,10.01
1,2016-05-17,19,Tuesday,0,2,4.08,11.84,1.88,13.87,16.55,1429,1.26,1135,17797.6,4.8,66.39,9.45
2,2016-05-17,21,Tuesday,0,2,4.8,12.33,1.9,13.24,20.32,2631,1.99,1321,20787.37,4.3,70.01,9.95
1,2016-05-17,22,Tuesday,0,2,5.41,13.54,2.04,14.16,21.44,1370,1.3,1053,17961.26,4.3,69.99,10.98
1,2016-05-17,23,Tuesday,0,2,5.63,13.51,1.89,13.25,23.26,1055,1.31,807,13655.39,4.8,69.99,11.15
1,2016-05-18,2,Wednesday,0,3,4.8,11.23,1.62,9.94,26.44,274,1.19,231,3279.27,3.8,44.16,7.94
1,2016-05-18,4,Wednesday,0,3,7.32,15.29,1.88,12.1,32.29,157,1.28,123,2363.17,3.8,70.01,14.83
2,2016-05-18,5,Wednesday,0,3,7.37,15.39,2.14,11.67,32.51,358,2.01,178,3482.19,4.8,70.01,16.47
2,2016-05-18,6,Wednesday,0,3,4.46,10.91,1.52,9.86,24.83,1091,1.98,550,7413.11,4.3,70.01,11.49
2,2016-05-18,7,Wednesday,0,3,4.27,11.75,1.74,13.15,18.71,2024,1.98,1023,14856.54,3.8,67.34,10.1
2,2016-05-18,8,Wednesday,0,3,3.93,12.3,1.82,15.25,14.86,2227,2.01,1110,16800.97,3.8,70.01,10.0
1,2016-05-18,9,Wednesday,0,3,4.05,12.95,1.95,16.11,14.48,1016,1.14,891,14224.89,3.8,69.99,11.53
2,2016-05-18,11,Wednesday,0,3,4.06,13.7,1.88,17.94,13.36,1782,2.04,875,14648.47,3.8,70.01,11.82
2,2016-05-18,18,Wednesday,0,3,3.72,12.65,1.81,16.76,13.2,2322,1.98,1175,19407.78,4.8,67.61,10.03
2,2016-05-18,20,Wednesday,0,3,4.34,12.04,1.83,13.93,17.77,2533,2.01,1260,19375.01,4.3,70.01,9.67
1,2016-05-18,21,Wednesday,0,3,4.79,12.73,2.02,14.2,18.86,1479,1.27,1163,18881.95,3.8,70.0,10.18
1,2016-05-19,0,Thursday,0,4,5.46,13.08,1.92,12.69,24.05,729,1.28,570,9382.68,4.3,63.36,10.38
2,2016-05-19,2,Thursday,0,4,5.71,12.93,1.58,11.79,27.34,459,2.03,226,3583.45,4.3,62.16,9.64
2,2016-05-19,4,Thursday,0,4,7.47,15.48,1.74,12.66,32.74,278,2.38,117,2205.01,5.3,70.01,12.36
2,2016-05-19,9,Thursday,0,4,3.79,12.36,1.77,15.7,14.12,2025,2.01,1007,15238.8,3.8,67.01,9.77
1,2016-05-19,12,Thursday,0,4,4.09,13.41,1.9,16.96,13.55,1026,1.23,832,13662.34,3.3,69.99,11.51
1,2016-05-19,17,Thursday,0,4,3.47,12.88,1.74,17.73,12.45,1015,1.3,783,12997.68,4.8,62.15,9.87
1,2016-05-19,19,Thursday,0,4,3.68,11.59,1.77,14.23,15.18,1443,1.26,1141,17384.47,4.8,64.59,8.61
2,2016-05-19,21,Thursday,0,4,4.99,13.35,1.98,15.38,18.43,2782,2.06,1352,22815.33,4.3,70.01,11.02
1,2016-05-19,22,Thursday,0,4,4.69,13.07,1.91,15.06,17.93,1432,1.29,1109,18219.71,3.8,69.99,10.22
1,2016-05-19,23,Thursday,0,4,4.98,13.14,1.95,14.58,19.73,1281,1.3,982,16305.25,3.8,69.99,10.49
1,2016-05-20,2,Friday,0,5,5.44,12.76,1.57,11.62,26.38,442,1.25,353,5543.0,4.8,59.75,9.34
1,2016-05-20,4,Friday,0,5,6.65,14.58,1.67,12.23,29.5,244,1.19,205,3659.62,4.3,69.99,12.51
2,2016-05-20,5,Friday,0,5,6.64,14.12,1.94,10.94,31.59,469,1.95,241,4345.4,4.3,70.01,14.91
2,2016-05-20,6,Friday,0,5,5.21,12.14,1.89,10.7,26.33,1010,1.97,512,7824.34,3.8,70.01,13.65
2,2016-05-20,7,Friday,0,5,4.19,11.34,1.6,12.41,19.05,1943,1.96,989,13840.12,3.3,70.01,9.9
2,2016-05-20,8,Friday,0,5,4.02,12.18,1.8,14.82,15.3,2104,2.0,1052,15781.52,4.3,70.01,9.96
1,2016-05-20,9,Friday,0,5,3.71,12.0,1.69,14.86,14.06,948,1.14,830,12192.63,3.8,69.99,10.25
2,2016-05-20,11,Friday,0,5,4.16,13.27,1.68,16.78,13.98,1810,2.0,906,14541.16,3.8,70.01,10.83
2,2016-05-20,18,Friday,0,5,4.09,12.19,1.75,14.9,15.9,2436,1.93,1261,20112.06,4.8,64.61,9.85
2,2016-05-20,20,Friday,0,5,4.34,11.96,1.71,13.59,18.17,2456,1.91,1288,19594.43,4.3,70.01,10.02
1,2016-05-20,21,Friday,0,5,4.08,11.68,1.61,13.39,17.45,1551,1.38,1125,16547.79,4.3,70.01,9.01
1,2016-05-21,2,Saturday,1,6,4.96,12.23,1.56,12.29,22.64,1073,1.41,762,11559.73,4.3,59.16,8.72
1,2016-05-21,4,Saturday,1,6,6.08,13.76,1.37,12.27,27.14,508,1.32,385,6390.17,4.3,69.99,10.41
2,2016-05-21,5,Saturday,1,6,8.12,16.99,2.23,13.76,32.64,492,2.02,243,5045.25,4.8,70.01,14.87
2,2016-05-21,6,Saturday,1,6,7.29,15.76,2.2,12.91,30.99,630,2.07,305,5847.03,3.8,70.01,15.04
2,2016-05-21,7,Saturday,1,6,5.75,13.07,1.63,10.73,27.91,729,1.85,395,6277.32,3.8,70.34,13.81
2,2016-05-21,8,Saturday,1,6,4.88,11.8,1.51,10.81,24.56,1137,1.99,570,8191.13,3.8,70.01,11.22
1,2016-05-21,9,Saturday,1,6,4.07,10.92,1.43,10.82,20.93,988,1.27,775,10305.41,3.8,69.99,9.69
2,2016-05-21,11,Saturday,1,6,3.98,11.2,1.43,12.27,18.63,2443,2.16,1131,15431.36,3.8,70.01,9.5
2,2016-05-21,18,Saturday,1,6,3.79,11.72,1.44,14.46,15.75,2531,1.96,1290,18152.6,3.8,70.01,9.15
2,2016-05-21,20,Saturday,1,6,4.09,12.04,1.54,14.49,16.84,2193,2.07,1061,15872.31,4.8,70.01,9.15
1,2016-05-21,21,Saturday,1,6,4.03,11.62,1.57,13.27,17.47,1520,1.46,1044,15265.24,4.3,70.0,9.81
1,2016-05-22,2,Sunday,1,7,5.05,12.41,1.74,12.5,22.86,1012,1.32,767,11877.94,4.3,67.59,8.94
1,2016-05-22,4,Sunday,1,7,5.98,13.68,1.46,12.72,25.8,567,1.33,425,7042.76,4.3,68.34,10.53
2,2016-05-22,5,Sunday,1,7,7.43,15.72,1.71,12.49,31.44,329,2.1,157,3017.45,4.8,70.01,16.53
2,2016-05-22,6,Sunday,1,7,7.74,16.5,2.23,11.89,32.85,377,1.84,205,4147.08,4.3,70.01,18.63
2,2016-05-22,7,Sunday,1,7,6.11,13.48,1.9,10.66,29.98,526,2.03,259,4301.54,3.8,70.01,14.84
2,2016-05-22,8,Sunday,1,7,4.92,11.5,1.44,9.94,26.44,829,1.91,433,6050.89,3.8,58.34,10.32
1,2016-05-22,9,Sunday,1,7,4.91,11.88,1.48,10.5,24.53,723,1.27,569,8262.58,3.8,69.99,12.28
2,2016-05-22,11,Sunday,1,7,4.5,11.78,1.46,12.25,20.43,2122,2.07,1024,14663.1,3.8,70.01,10.84
2,2016-05-22,18,Sunday,1,7,4.91,13.02,1.8,14.19,18.43,2054,2.05,1004,16012.64,3.8,70.01,13.31
2,2016-05-22,20,Sunday,1,7,4.95,12.38,1.89,12.71,21.28,1705,2.02,843,13343.15,4.3,70.34,12.28
1,2016-05-22,21,Sunday,1,7,5.62,13.25,1.85,12.88,23.44,978,1.34,729,12262.73,4.3,70.01,12.83
1,2016-05-23,0,Monday,0,1,5.54,12.51,1.67,10.75,28.01,430,1.28,336,5280.49,4.8,70.01,10.79
2,2016-05-23,2,Monday,0,1,5.22,12.03,1.2,10.78,28.57,255,1.82,140,2039.53,4.3,46.8,7.73
2,2016-05-23,4,Monday,0,1,9.14,18.34,2.22,13.43,36.6,185,2.1,88,1998.48,4.3,70.01,15.83
2,2016-05-23,9,Monday,0,1,4.21,12.49,1.76,14.93,15.82,1789,1.98,902,13829.66,3.8,70.01,11.13
1,2016-05-23,12,Monday,0,1,3.93,12.29,1.47,14.66,14.78,965,1.26,765,11348.7,3.81,70.0,10.58
1,2016-05-23,17,Monday,0,1,3.11,10.32,1.36,12.64,14.74,1165,1.27,914,12456.13,4.8,65.19,7.7
1,2016-05-23,19,Monday,0,1,3.93,10.82,1.6,11.63,18.96,1217,1.23,991,14162.44,4.8,58.3,8.11
2,2016-05-23,21,Monday,0,1,4.88,12.08,1.85,11.93,22.46,2132,2.01,1063,16411.87,4.3,70.01,10.23
1,2016-05-23,22,Monday,0,1,4.97,12.19,1.87,11.95,22.85,1068,1.25,852,13271.51,4.3,69.99,10.07
1,2016-05-23,23,Monday,0,1,5.67,13.18,1.86,12.45,25.16,754,1.27,595,9900.94,4.8,69.99,10.95
1,2016-05-24,2,Tuesday,0,2,4.92,11.86,1.45,10.74,25.74,170,1.2,142,2079.36,4.3,45.3,9.32
1,2016-05-24,4,Tuesday,0,2,7.14,15.22,1.74,12.22,31.11,149,1.21,123,2310.08,4.8,63.89,14.03
2,2016-05-24,5,Tuesday,0,2,5.95,12.91,1.68,10.68,30.06,372,2.0,186,3061.28,4.8,70.01,13.41
2,2016-05-24,6,Tuesday,0,2,4.08,10.31,1.41,9.68,23.76,958,1.86,514,6567.49,3.8,70.01,9.56
2,2016-05-24,7,Tuesday,0,2,3.63,10.57,1.58,12.1,17.56,2054,2.04,1006,13183.7,3.8,70.01,9.01
2,2016-05-24,8,Tuesday,0,2,3.53,11.67,1.73,14.88,13.77,2314,2.02,1148,16470.91,3.8,70.01,9.22
1,2016-05-24,9,Tuesday,0,2,3.57,12.14,1.67,15.71,12.87,962,1.11,865,12799.22,4.3,69.99,9.68
2,2016-05-24,11,Tuesday,0,2,4.03,13.28,1.7,17.11,13.32,1703,2.01,849,13626.35,3.8,70.01,10.95
2,2016-05-24,18,Tuesday,0,2,3.64,11.55,1.8,14.31,15.05,2555,2.0,1276,19557.07,4.8,59.16,8.56
2,2016-05-24,20,Tuesday,0,2,4.78,12.13,1.89,12.53,20.75,2286,2.03,1126,17584.7,4.3,70.01,10.56
1,2016-05-24,21,Tuesday,0,2,4.62,11.97,1.89,12.53,20.56,1325,1.28,1032,15857.24,4.3,69.99,9.46
1,2016-05-25,2,Wednesday,0,3,5.59,12.92,1.41,10.89,28.32,206,1.19,173,2725.99,4.8,60.35,10.58
1,2016-05-25,4,Wednesday,0,3,6.74,14.26,1.79,10.91,32.66,135,1.15,117,2095.68,4.8,67.34,12.4
2,2016-05-25,5,Wednesday,0,3,6.26,13.35,2.02,10.29,32.07,425,2.16,197,3427.02,4.8,70.01,14.4
2,2016-05-25,6,Wednesday,0,3,4.21,10.39,1.53,9.55,24.6,1017,1.99,511,6655.63,4.3,70.01,10.24
2,2016-05-25,7,Wednesday,0,3,4.04,11.33,1.73,12.58,18.61,2074,2.1,988,13920.62,3.8,70.01,9.84
2,2016-05-25,8,Wednesday,0,3,3.8,11.88,1.67,14.57,14.99,2033,1.95,1044,15173.0,3.8,63.36,9.49
1,2016-05-25,9,Wednesday,0,3,3.71,12.37,1.68,15.69,13.6,993,1.13,876,13182.63,3.3,69.99,9.43
2,2016-05-25,11,Wednesday,0,3,3.55,12.39,1.72,16.17,12.93,1884,2.01,936,14204.46,3.8,70.01,10.13
2,2016-05-25,18,Wednesday,0,3,3.73,11.79,1.69,14.88,14.71,2306,1.98,1167,18012.26,4.8,64.61,9.29
2,2016-05-25,20,Wednesday,0,3,4.55,12.02,1.76,13.21,19.12,2663,2.05,1302,19882.65,4.3,70.01,9.96
1,2016-05-25,21,Wednesday,0,3,4.61,12.36,1.89,13.83,18.77,1498,1.26,1192,18754.72,4.3,68.34,9.66
1,2016-05-26,0,Thursday,0,4,5.2,12.88,1.7,13.06,22.34,744,1.27,587,9416.47,4.3,58.34,9.99
2,2016-05-26,2,Thursday,0,4,5.29,12.15,1.56,11.02,27.02,510,2.12,241,3645.6,4.8,58.34,8.75
2,2016-05-26,4,Thursday,0,4,7.78,15.96,1.7,12.19,33.96,263,1.92,137,2684.18,4.8,70.01,14.39
2,2016-05-26,9,Thursday,0,4,3.52,12.2,1.74,15.73,13.62,1886,1.93,977,14547.03,3.3,70.01,9.51
1,2016-05-26,12,Thursday,0,4,3.68,12.68,1.66,16.14,12.94,1023,1.23,835,12854.65,3.3,69.99,10.75
1,2016-05-26,17,Thursday,0,4,3.57,12.02,1.63,15.64,13.72,1077,1.25,859,13383.51,4.3,59.81,9.1
1,2016-05-26,19,Thursday,0,4,3.52,11.01,1.63,13.3,15.31,1404,1.23,1141,16572.31,4.8,63.99,8.22
2,2016-05-26,21,Thursday,0,4,4.9,13.28,1.94,15.18,18.44,2297,1.94,1185,19841.48,4.3,70.01,10.85
1,2016-05-26,22,Thursday,0,4,4.56,12.81,1.97,14.92,17.97,1321,1.3,1015,16438.8,4.3,69.99,10.11
1,2016-05-26,23,Thursday,0,4,5.11,13.39,1.87,14.72,19.78,1163,1.31,888,14850.01,4.3,69.99,10.61
2,2016-05-27,1,Friday,0,5,5.39,12.77,1.67,12.45,24.42,1011,2.11,479,7595.81,4.8,70.01,9.72
2,2016-05-27,3,Friday,0,5,6.24,14.02,1.71,12.72,27.33,433,1.96,221,3790.08,4.3,63.36,10.33
1,2016-05-27,5,Friday,0,5,6.59,14.27,1.65,11.03,31.55,209,1.07,195,3467.03,4.8,69.99,14.45
1,2016-05-27,6,Friday,0,5,5.28,12.33,1.86,10.81,25.59,472,1.11,425,6581.48,3.8,69.99,13.89
1,2016-05-27,7,Friday,0,5,3.9,10.91,1.62,11.62,18.88,805,1.15,699,9457.2,3.8,70.55,9.76
1,2016-05-27,8,Friday,0,5,3.98,11.85,1.66,13.78,15.98,971,1.15,842,12238.63,4.3,69.99,10.29
2,2016-05-27,10,Friday,0,5,3.91,12.18,1.54,14.88,14.92,1738,1.98,878,12985.51,3.8,70.01,10.07
1,2016-05-27,11,Friday,0,5,3.94,12.52,1.59,15.27,14.08,872,1.19,730,11072.01,3.8,70.0,11.35
2,2016-05-27,13,Friday,0,5,4.41,13.25,1.66,15.99,15.11,1761,2.04,865,13965.88,3.8,70.01,12.9
2,2016-05-27,14,Friday,0,5,4.35,13.27,1.61,16.58,14.54,1845,2.01,916,14741.38,3.8,70.01,12.25
2,2016-05-27,15,Friday,0,5,3.84,12.26,1.56,15.68,14.27,1661,1.97,844,12570.77,4.3,68.21,10.43
2,2016-05-27,16,Friday,0,5,3.9,11.95,1.49,14.91,15.31,1510,1.92,786,12186.34,4.8,62.81,10.4
1,2016-05-27,18,Friday,0,5,3.77,11.08,1.42,12.46,17.23,1256,1.35,933,13484.12,4.8,59.75,9.07
1,2016-05-27,20,Friday,0,5,4.09,11.43,1.47,12.28,18.76,1142,1.4,817,11750.79,4.3,68.34,9.77
2,2016-05-28,0,Saturday,1,6,5.01,12.49,1.6,12.77,22.07,1692,2.08,813,12617.32,4.3,70.01,9.58
1,2016-05-28,1,Saturday,1,6,4.76,11.84,1.52,11.84,22.86,855,1.39,616,9053.69,4.3,63.4,8.19
1,2016-05-28,3,Saturday,1,6,5.51,12.77,1.46,11.59,25.86,637,1.37,466,7273.51,4.3,57.35,9.47
1,2016-05-28,10,Saturday,1,6,4.48,11.62,1.41,11.55,21.31,811,1.29,627,8886.88,4.3,69.99,10.75
2,2016-05-28,12,Saturday,1,6,4.16,11.48,1.38,12.44,19.13,1855,2.03,914,12673.47,3.8,70.01,10.18
1,2016-05-28,13,Saturday,1,6,3.76,10.92,1.22,11.94,18.11,1209,1.4,865,11333.34,3.8,69.99,9.44
1,2016-05-28,14,Saturday,1,6,4.41,12.08,1.34,13.1,18.64,1140,1.41,806,11634.69,3.3,70.04,10.6
1,2016-05-28,15,Saturday,1,6,4.21,11.53,1.2,12.35,18.76,1173,1.52,770,10563.1,3.3,69.99,10.27
1,2016-05-28,16,Saturday,1,6,4.21,11.48,1.25,12.08,19.23,1089,1.47,739,10148.15,3.8,69.99,10.02
2,2016-05-28,17,Saturday,1,6,4.29,11.61,1.26,12.37,19.92,1859,2.03,918,12735.07,3.8,70.01,10.23
2,2016-05-28,19,Saturday,1,6,3.83,11.11,1.2,12.3,18.59,2040,2.0,1022,13498.7,3.8,70.01,8.43
2,2016-05-28,22,Saturday,1,6,4.56,11.85,1.44,12.58,20.45,1954,2.04,957,14057.19,4.8,70.01,9.33
2,2016-05-28,23,Saturday,1,6,4.65,11.97,1.56,12.51,21.06,1763,2.06,856,12791.82,4.3,66.34,9.46
2,2016-05-29,1,Sunday,1,7,5.34,12.58,1.47,12.07,24.82,1320,2.02,654,10080.56,4.3,59.3,8.84
2,2016-05-29,3,Sunday,1,7,5.43,12.54,1.49,11.78,25.94,864,1.95,443,6816.86,4.3,60.84,8.72
1,2016-05-29,5,Sunday,1,7,7.36,15.48,1.36,12.12,32.71,142,1.16,122,2250.61,4.8,70.34,13.32
1,2016-05-29,6,Sunday,1,7,6.4,13.89,1.24,10.42,31.94,180,1.18,153,2501.42,3.3,63.35,13.19
1,2016-05-29,7,Sunday,1,7,5.56,12.38,1.11,9.73,30.64,227,1.18,193,2857.78,4.3,58.34,11.58
1,2016-05-29,8,Sunday,1,7,5.13,12.02,1.38,10.27,27.1,357,1.25,285,4130.77,4.3,64.34,10.58
2,2016-05-29,10,Sunday,1,7,4.46,11.17,1.22,10.57,23.74,1300,1.89,689,9233.3,3.8,70.01,9.97
1,2016-05-29,11,Sunday,1,7,4.26,11.24,1.29,11.01,21.43,849,1.39,610,8257.49,3.8,69.99,10.0
2,2016-05-29,13,Sunday,1,7,4.59,11.95,1.21,12.22,20.48,1829,2.15,849,12069.06,3.8,70.34,10.7
2,2016-05-29,14,Sunday,1,7,4.5,11.9,1.25,12.58,19.86,1697,2.12,802,11387.64,4.3,70.01,10.7
2,2016-05-29,15,Sunday,1,7,5.09,12.85,1.37,13.41,20.63,1523,1.95,780,12004.83,3.8,70.01,12.2
2,2016-05-29,16,Sunday,1,7,4.99,12.8,1.39,13.36,20.39,1644,2.06,798,12208.93,3.8,70.01,12.22
1,2016-05-29,18,Sunday,1,7,4.08,11.49,1.26,12.47,18.87,1159,1.46,793,10897.99,3.8,67.34,8.53
1,2016-05-29,20,Sunday,1,7,4.49,11.74,1.31,12.24,20.57,997,1.46,685,9916.18,4.3,69.99,9.51
1,2016-05-30,2,Monday,0,1,5.32,12.39,1.31,11.78,24.99,395,1.33,298,4477.21,4.8,49.75,8.89
1,2016-05-30,4,Monday,0,1,7.84,16.58,1.27,13.63,30.63,174,1.31,133,2593.45,4.8,70.01,14.02
2,2016-05-30,5,Monday,0,1,7.12,14.96,0.97,11.51,33.09,260,2.18,119,2084.56,4.8,60.0,13.86
2,2016-05-30,6,Monday,0,1,6.96,14.58,1.55,11.13,32.87,331,1.95,170,2982.93,4.3,70.01,14.66
2,2016-05-30,7,Monday,0,1,6.75,14.11,1.7,10.53,32.77,379,1.9,199,3398.13,4.3,70.01,15.67
2,2016-05-30,8,Monday,0,1,6.23,13.54,1.36,11.05,29.66,514,1.91,269,4370.12,4.3,70.01,12.92
1,2016-05-30,9,Monday,0,1,4.84,11.37,1.26,9.59,26.9,432,1.31,331,4578.99,4.3,63.35,10.67
2,2016-05-30,11,Monday,0,1,4.95,11.69,1.37,10.11,25.77,1337,2.03,659,9380.8,3.8,70.01,12.09
2,2016-05-30,18,Monday,0,1,4.73,11.85,1.53,11.53,22.26,1855,2.0,928,13443.04,3.8,70.01,11.8
2,2016-05-30,20,Monday,0,1,5.27,12.41,1.73,11.48,24.21,1456,2.0,728,11434.1,4.3,70.01,12.53
1,2016-05-30,21,Monday,0,1,5.54,12.89,1.84,11.69,24.72,727,1.31,553,9040.94,4.8,69.99,12.98
2,2016-05-31,0,Tuesday,0,2,6.49,14.1,1.82,11.61,29.61,624,2.09,299,5232.7,4.8,70.01,14.04
1,2016-05-31,1,Tuesday,0,2,6.24,13.8,1.74,11.72,29.4,213,1.25,171,2906.76,4.8,69.99,10.96
1,2016-05-31,3,Tuesday,0,2,6.05,13.26,1.16,10.87,29.84,99,1.22,81,1306.7,4.8,53.34,11.1
1,2016-05-31,10,Tuesday,0,2,4.11,12.56,1.56,15.13,14.96,888,1.19,748,11364.48,4.3,69.99,10.84
2,2016-05-31,12,Tuesday,0,2,4.31,13.01,1.48,15.68,15.28,1706,1.96,869,13585.37,3.8,70.01,11.72
1,2016-05-31,13,Tuesday,0,2,3.99,12.3,1.49,14.73,14.67,951,1.23,772,11481.32,3.8,69.99,11.17
1,2016-05-31,14,Tuesday,0,2,3.96,12.44,1.51,15.16,14.01,1146,1.26,906,13566.25,3.8,70.34,11.48
1,2016-05-31,15,Tuesday,0,2,3.85,12.39,1.58,15.7,13.43,1142,1.32,862,13036.19,3.8,69.99,10.67
1,2016-05-31,16,Tuesday,0,2,3.73,11.77,1.45,14.53,14.78,925,1.29,717,10912.4,4.8,68.19,9.98
2,2016-05-31,17,Tuesday,0,2,3.71,11.69,1.66,14.52,15.02,1803,1.92,940,14439.35,4.8,65.21,9.48
2,2016-05-31,19,Tuesday,0,2,3.85,10.73,1.6,11.72,18.6,2147,1.93,1110,15837.46,4.8,57.36,8.18
2,2016-05-31,22,Tuesday,0,2,5.02,12.41,1.78,12.59,22.17,1887,2.02,934,14712.75,4.3,70.01,10.74
2,2016-05-31,23,Tuesday,0,2,6.09,14.04,2.08,13.27,25.46,1196,1.94,616,10887.04,4.3,70.01,11.87
2,2016-06-01,1,Wednesday,0,3,5.3,12.02,1.35,10.55,27.69,516,2.15,240,3542.26,4.8,50.16,8.86
2,2016-06-01,3,Wednesday,0,3,6.53,14.31,1.58,12.73,28.9,207,1.85,112,1957.74,4.3,63.36,11.22
1,2016-06-01,5,Wednesday,0,3,5.65,12.45,1.6,9.84,29.66,204,1.11,183,2879.45,3.8,70.0,13.43
1,2016-06-01,6,Wednesday,0,3,4.03,10.26,1.43,9.31,23.9,563,1.1,514,6539.45,4.3,70.01,9.96
1,2016-06-01,7,Wednesday,0,3,3.59,10.72,1.53,12.13,17.2,922,1.11,828,10932.33,3.8,69.99,8.84
1,2016-06-01,8,Wednesday,0,3,3.42,11.29,1.69,14.1,14.15,1084,1.14,950,13209.58,3.8,69.99,8.66
2,2016-06-01,10,Wednesday,0,3,3.91,12.76,1.7,16.32,13.39,1890,2.07,914,14200.8,3.8,70.01,10.67
1,2016-06-01,11,Wednesday,0,3,3.72,12.78,1.74,16.52,12.63,967,1.2,808,12584.4,3.3,69.99,10.99
2,2016-06-01,13,Wednesday,0,3,4.03,13.31,1.81,17.1,13.37,1897,2.11,900,14595.2,3.8,70.01,11.44
2,2016-06-01,14,Wednesday,0,3,4.04,13.3,1.64,17.16,13.06,1894,2.05,923,14852.64,3.3,70.01,11.91
2,2016-06-01,15,Wednesday,0,3,3.83,13.38,1.64,18.18,12.11,1839,2.02,911,14660.29,3.8,58.34,10.72
2,2016-06-01,16,Wednesday,0,3,3.56,12.28,1.67,16.41,12.74,1465,2.01,729,11625.87,3.8,70.01,10.32
1,2016-06-01,18,Wednesday,0,3,3.49,12.09,1.84,15.95,13.12,1293,1.23,1049,16655.22,4.8,61.34,9.23
1,2016-06-01,20,Wednesday,0,3,4.26,12.16,1.82,13.97,17.17,1300,1.25,1037,16055.18,4.3,70.0,9.77
1,2016-06-02,2,Thursday,0,4,5.72,13.07,1.6,11.93,26.59,253,1.3,195,3150.85,5.15,69.99,10.71
1,2016-06-02,4,Thursday,0,4,6.69,14.44,1.55,11.57,30.39,167,1.26,133,2330.71,3.3,63.35,12.69
2,2016-06-02,5,Thursday,0,4,5.53,12.21,1.9,9.82,30.2,382,2.05,186,2970.09,4.8,63.36,12.48
2,2016-06-02,6,Thursday,0,4,4.55,10.99,1.61,10.01,25.06,986,1.82,541,7395.67,3.8,70.01,11.27
2,2016-06-02,7,Thursday,0,4,3.81,10.74,1.54,11.93,18.25,1940,1.99,977,12972.88,3.8,61.61,8.9
2,2016-06-02,8,Thursday,0,4,3.56,11.43,1.65,14.17,14.64,2189,2.0,1094,15337.45,4.3,70.01,8.83
1,2016-06-02,9,Thursday,0,4,3.66,12.07,1.7,15.28,13.49,981,1.14,864,12806.03,3.8,63.99,9.92
2,2016-06-02,11,Thursday,0,4,3.85,12.86,1.59,16.53,13.3,1842,2.0,923,14302.17,3.8,70.01,10.41
2,2016-06-02,18,Thursday,0,4,3.8,12.22,1.81,15.6,14.36,2319,1.91,1212,19389.1,4.8,62.0,9.35
2,2016-06-02,20,Thursday,0,4,4.19,11.64,1.69,13.16,17.85,2534,1.96,1296,19199.99,4.3,70.01,9.76
1,2016-06-02,21,Thursday,0,4,4.58,12.33,1.96,13.72,18.46,1419,1.28,1111,17531.2,4.3,70.01,10.18
2,2016-06-03,0,Friday,0,5,5.09,12.57,1.73,12.84,22.46,1663,2.04,814,12819.63,4.3,70.01,9.53
1,2016-06-03,1,Friday,0,5,4.67,11.63,1.51,11.45,23.21,582,1.32,440,6384.89,4.8,59.8,8.39
1,2016-06-03,3,Friday,0,5,5.6,12.82,1.37,11.31,27.21,235,1.24,190,2965.04,4.3,63.35,9.49
1,2016-06-03,10,Friday,0,5,3.69,12.61,1.66,16.24,13.03,891,1.16,766,11740.75,3.8,70.01,10.74
2,2016-06-03,12,Friday,0,5,4.37,13.36,1.81,16.26,14.62,1848,2.05,902,14799.27,3.8,70.34,12.4
1,2016-06-03,13,Friday,0,5,4.06,12.6,1.63,15.35,14.4,1100,1.26,870,13334.78,3.8,70.01,11.34
1,2016-06-03,14,Friday,0,5,3.8,12.61,1.6,16.23,13.2,1117,1.25,892,13650.0,3.8,69.99,10.89
1,2016-06-03,15,Friday,0,5,3.65,12.67,1.69,16.88,12.34,1030,1.26,819,12714.29,3.8,69.99,10.99
1,2016-06-03,16,Friday,0,5,3.39,11.8,1.5,15.49,13.12,809,1.3,621,9462.01,4.8,61.55,9.3
2,2016-06-03,17,Friday,0,5,3.68,11.91,1.61,15.27,14.18,1814,1.99,912,14157.78,4.8,63.96,9.67
2,2016-06-03,19,Friday,0,5,3.73,10.99,1.66,12.72,16.8,2600,2.04,1273,18555.51,5.3,64.01,8.47
2,2016-06-03,22,Friday,0,5,4.65,12.71,1.74,14.38,18.8,2413,2.07,1167,18578.29,4.3,70.01,9.8
2,2016-06-03,23,Friday,0,5,4.96,13.17,1.75,14.66,19.29,2507,2.0,1254,20584.35,4.3,70.01,10.8
1,2016-06-04,2,Saturday,1,6,5.17,12.51,1.67,12.27,23.44,970,1.39,699,10893.74,4.3,66.39,8.84
1,2016-06-04,4,Saturday,1,6,5.78,13.05,1.47,11.43,28.06,462,1.35,343,5476.91,4.3,64.34,9.77
2,2016-06-04,5,Saturday,1,6,6.82,14.68,1.26,11.65,31.5,321,2.03,158,2803.86,4.8,70.01,13.23
2,2016-06-04,6,Saturday,1,6,5.61,12.75,1.52,9.8,29.87,448,1.94,231,3565.19,3.8,70.01,14.15
2,2016-06-04,7,Saturday,1,6,5.29,12.22,1.62,10.39,27.26,878,1.98,443,6652.48,3.8,70.01,12.19
2,2016-06-04,8,Saturday,1,6,4.63,11.36,1.43,10.41,23.75,1190,2.08,572,7930.25,3.8,70.01,11.4
1,2016-06-04,9,Saturday,1,6,3.75,10.23,1.3,10.2,20.66,845,1.28,660,8235.87,3.8,70.0,8.91
2,2016-06-04,11,Saturday,1,6,4.22,11.56,1.4,12.58,18.95,2092,2.0,1047,14579.05,3.8,65.81,9.72
2,2016-06-04,18,Saturday,1,6,3.95,12.08,1.46,14.82,15.83,2467,1.99,1238,17935.31,3.8,70.01,9.46
2,2016-06-04,20,Saturday,1,6,3.83,11.53,1.5,13.82,16.05,2319,1.97,1176,17007.02,4.3,70.01,9.25
1,2016-06-04,21,Saturday,1,6,4.26,11.87,1.53,13.44,17.69,1295,1.43,904,13454.03,4.8,70.0,9.56
1,2016-06-05,0,Sunday,1,7,4.75,12.44,1.72,13.43,20.17,1479,1.43,1035,16066.05,4.3,69.99,8.88
2,2016-06-05,2,Sunday,1,7,4.9,11.96,1.51,11.84,23.34,1844,2.05,898,13302.95,4.3,63.36,8.53
2,2016-06-05,4,Sunday,1,7,6.16,13.66,1.5,12.03,28.2,762,1.98,384,6395.65,4.8,64.61,10.7
2,2016-06-05,9,Sunday,1,7,5.02,12.15,1.42,11.34,24.2,1102,1.94,567,8346.72,4.3,63.36,10.7
1,2016-06-05,12,Sunday,1,7,4.2,12.8,1.67,15.52,16.1,1070,1.35,793,12325.88,3.8,69.99,10.74
1,2016-06-05,17,Sunday,1,7,4.74,12.89,1.62,14.4,18.32,1053,1.36,773,12101.77,3.8,69.99,11.58
1,2016-06-05,19,Sunday,1,7,4.01,11.4,1.5,12.95,17.25,1211,1.34,904,12588.71,3.8,70.09,9.6
2,2016-06-05,21,Sunday,1,7,5.14,12.17,1.68,11.44,23.95,1455,2.07,704,10866.08,4.8,70.01,11.37
1,2016-06-05,22,Sunday,1,7,5.66,13.07,1.94,11.69,25.51,809,1.29,628,10437.75,4.8,70.01,12.85
1,2016-06-05,23,Sunday,1,7,5.84,13.08,1.84,11.17,27.99,643,1.28,504,8351.42,4.8,69.99,11.53
2,2016-06-06,0,Monday,0,1,8.06,16.59,2.38,13.09,32.05,754,1.91,394,8236.07,4.3,70.34,15.37
1,2016-06-06,1,Monday,0,1,6.54,14.28,1.83,11.28,29.74,307,1.3,237,4243.73,4.8,69.99,13.74
1,2016-06-06,3,Monday,0,1,6.49,14.2,1.42,11.72,29.88,163,1.33,123,2102.38,4.8,59.8,12.04
1,2016-06-06,10,Monday,0,1,4.28,13.14,1.7,16.11,14.58,877,1.22,719,11484.87,3.8,69.99,11.46
2,2016-06-06,12,Monday,0,1,4.69,13.78,1.81,16.68,15.43,1741,2.05,849,14293.39,3.8,70.01,12.42
1,2016-06-06,13,Monday,0,1,4.28,12.98,1.63,15.73,14.88,1038,1.26,826,12988.7,3.8,70.34,11.66
1,2016-06-06,14,Monday,0,1,4.37,13.1,1.63,16.0,14.52,1017,1.24,823,13059.15,3.8,70.01,12.45
1,2016-06-06,15,Monday,0,1,3.89,12.02,1.53,14.76,14.54,987,1.23,803,11817.27,3.8,69.99,10.43
1,2016-06-06,16,Monday,0,1,3.81,11.76,1.59,14.41,15.0,913,1.25,728,11247.79,4.8,64.17,10.44
2,2016-06-06,17,Monday,0,1,3.84,11.94,1.74,14.78,15.39,2113,1.98,1068,16773.47,4.8,70.01,9.85
2,2016-06-06,19,Monday,0,1,3.92,10.9,1.58,11.94,18.83,2475,2.04,1211,17480.7,4.8,61.01,8.64
2,2016-06-06,22,Monday,0,1,5.04,12.47,1.89,12.64,22.46,1879,1.97,956,15158.57,4.3,63.36,10.06
2,2016-06-06,23,Monday,0,1,5.69,13.47,1.84,13.02,24.2,1510,2.02,748,12642.87,4.3,70.01,11.86
1,2016-06-07,2,Tuesday,0,2,5.99,13.56,1.88,11.95,27.57,193,1.23,157,2650.09,5.3,69.99,11.01
1,2016-06-07,4,Tuesday,0,2,5.95,13.01,1.56,10.6,30.62,113,1.19,95,1535.11,4.8,69.99,11.62
2,2016-06-07,5,Tuesday,0,2,6.42,13.8,1.72,10.35,32.14,352,1.83,192,3341.35,4.3,70.01,15.11
2,2016-06-07,6,Tuesday,0,2,4.62,11.11,1.56,10.3,24.91,952,1.88,506,6985.81,3.8,70.01,11.05
2,2016-06-07,7,Tuesday,0,2,3.96,11.17,1.6,12.54,18.32,1902,1.95,975,13444.22,3.8,70.01,9.45
2,2016-06-07,8,Tuesday,0,2,3.72,12.2,1.84,15.55,14.32,2054,2.0,1028,15501.69,4.3,70.01,9.84
1,2016-06-07,9,Tuesday,0,2,3.67,12.71,1.77,16.28,13.44,910,1.13,804,12503.52,3.8,68.34,10.45
2,2016-06-07,11,Tuesday,0,2,3.77,12.74,1.54,16.39,13.18,1824,1.98,919,14103.8,3.8,70.01,10.28
2,2016-06-07,18,Tuesday,0,2,3.6,11.38,1.75,14.08,15.0,2512,1.95,1289,19450.5,4.8,59.21,8.68
2,2016-06-07,20,Tuesday,0,2,4.44,11.36,1.8,11.35,21.66,2200,1.98,1112,16307.49,4.8,70.01,9.81
1,2016-06-07,21,Tuesday,0,2,4.63,11.89,1.83,12.47,20.57,1287,1.24,1039,15846.73,4.3,69.99,10.15
2,2016-06-08,1,Wednesday,0,3,5.55,12.8,1.76,11.81,26.96,753,1.95,387,6176.81,4.3,59.8,9.99
2,2016-06-08,3,Wednesday,0,3,6.1,13.26,1.27,11.11,30.4,213,2.11,101,1620.08,5.3,58.34,9.92
1,2016-06-08,5,Wednesday,0,3,5.23,11.8,1.6,9.51,29.43,188,1.06,177,2676.4,4.3,70.0,12.37
1,2016-06-08,6,Wednesday,0,3,4.21,10.58,1.49,9.39,24.65,559,1.1,508,6668.67,4.3,69.99,10.82
1,2016-06-08,7,Wednesday,0,3,3.67,10.64,1.56,11.85,17.84,935,1.11,845,11115.0,3.8,63.99,8.73
1,2016-06-08,8,Wednesday,0,3,3.56,11.64,1.76,14.57,13.97,1099,1.13,972,13935.43,3.8,63.99,9.12
2,2016-06-08,10,Wednesday,0,3,3.9,12.42,1.72,15.56,13.96,1956,2.0,980,14926.22,3.3,70.01,11.1
1,2016-06-08,11,Wednesday,0,3,3.72,12.92,1.85,16.97,12.57,994,1.19,837,13219.38,3.8,69.99,10.48
2,2016-06-08,13,Wednesday,0,3,3.38,13.53,1.74,19.18,10.78,2216,2.01,1104,17988.26,3.3,70.01,10.79
2,2016-06-08,14,Wednesday,0,3,3.51,13.72,1.8,19.39,10.81,1744,2.03,861,14314.08,3.8,62.81,11.17
2,2016-06-08,15,Wednesday,0,3,3.03,12.96,1.66,18.73,10.23,1475,1.96,752,11715.5,3.8,68.34,9.68
2,2016-06-08,16,Wednesday,0,3,3.3,12.83,1.73,18.03,11.57,1072,2.01,534,8869.33,4.8,62.81,10.82
1,2016-06-08,18,Wednesday,0,3,3.64,13.04,2.0,17.53,12.8,931,1.25,742,12613.51,4.3,64.59,10.49
1,2016-06-08,20,Wednesday,0,3,4.15,11.27,1.78,12.11,19.0,1232,1.26,974,14143.19,4.8,69.99,9.51
2,2016-06-09,1,Thursday,0,4,5.04,11.77,1.46,10.69,25.95,786,2.21,356,5207.03,4.3,70.01,9.22
2,2016-06-09,3,Thursday,0,4,5.46,12.28,1.38,10.66,28.99,249,2.22,112,1692.79,4.3,47.8,9.24
1,2016-06-09,5,Thursday,0,4,6.17,13.3,1.91,9.92,30.9,214,1.11,193,3271.64,4.8,70.0,15.09
1,2016-06-09,6,Thursday,0,4,4.25,10.52,1.5,9.69,23.74,579,1.08,534,7000.47,3.8,69.99,11.1
1,2016-06-09,7,Thursday,0,4,3.82,10.84,1.61,11.83,18.26,906,1.11,816,10990.3,4.3,69.99,9.23
1,2016-06-09,8,Thursday,0,4,3.73,11.88,1.83,14.82,14.29,1099,1.12,983,14473.0,3.3,69.34,9.57
2,2016-06-09,10,Thursday,0,4,4.05,12.94,1.8,16.21,13.91,1829,1.96,935,14861.42,3.8,70.01,11.53
1,2016-06-09,11,Thursday,0,4,3.68,12.58,1.69,16.17,12.9,1070,1.23,867,13304.68,3.8,64.34,10.36
2,2016-06-09,13,Thursday,0,4,4.29,13.72,1.88,17.4,13.5,1868,1.94,965,16137.1,3.8,70.01,12.56
2,2016-06-09,14,Thursday,0,4,3.89,13.09,1.77,17.18,13.1,2010,2.1,957,15302.07,3.8,70.01,11.34
2,2016-06-09,15,Thursday,0,4,4.13,13.97,1.75,18.87,12.61,1682,2.01,836,14148.53,3.8,70.01,12.23
2,2016-06-09,16,Thursday,0,4,3.88,13.38,1.89,18.07,12.98,1287,1.94,664,11539.29,5.3,69.41,11.49
1,2016-06-09,18,Thursday,0,4,3.58,12.62,1.89,16.88,12.99,1179,1.24,954,15697.17,4.8,62.19,9.37
1,2016-06-09,20,Thursday,0,4,4.45,12.09,1.82,13.31,18.3,1333,1.28,1045,16133.11,4.8,69.99,10.39
1,2016-06-10,0,Friday,0,5,5.09,13.28,2.03,14.35,21.04,975,1.31,745,12505.78,3.8,69.99,11.56
2,2016-06-10,2,Friday,0,5,5.11,12.12,1.43,11.66,25.67,703,1.94,363,5407.21,4.3,48.36,8.2
2,2016-06-10,4,Friday,0,5,7.77,16.2,1.94,13.12,32.8,330,1.85,178,3556.1,4.3,70.01,14.13
2,2016-06-10,9,Friday,0,5,3.83,12.22,1.69,15.19,14.45,1950,1.99,978,14625.03,3.8,70.01,9.94
1,2016-06-10,12,Friday,0,5,3.85,12.44,1.53,15.39,13.8,1070,1.26,849,12761.41,3.8,68.34,10.39
1,2016-06-10,17,Friday,0,5,3.75,12.27,1.73,15.9,14.04,1116,1.27,880,14056.31,4.8,57.25,9.96
1,2016-06-10,19,Friday,0,5,3.68,11.14,1.63,13.11,16.08,1408,1.29,1092,16022.28,4.8,59.1,8.51
2,2016-06-10,21,Friday,0,5,4.55,11.94,1.63,12.81,19.63,2565,2.01,1277,19181.37,4.3,70.01,10.11
1,2016-06-10,22,Friday,0,5,4.49,12.19,1.69,13.51,18.59,1500,1.39,1076,16511.69,4.3,68.34,9.73
1,2016-06-10,23,Friday,0,5,4.68,12.7,1.8,14.18,18.77,1485,1.4,1064,16944.13,4.3,69.99,9.89
2,2016-06-11,1,Saturday,1,6,4.9,12.24,1.67,12.65,22.02,1891,1.97,958,14674.87,4.3,70.01,8.79
2,2016-06-11,3,Saturday,1,6,5.62,12.81,1.53,11.76,26.66,1062,1.96,542,8524.93,4.8,70.01,9.7
1,2016-06-11,5,Saturday,1,6,7.04,15.45,1.54,12.69,30.14,197,1.15,172,3184.71,5.3,69.99,14.03
1,2016-06-11,6,Saturday,1,6,6.35,13.92,1.83,10.77,30.39,241,1.12,215,3653.66,3.8,69.99,15.08
1,2016-06-11,7,Saturday,1,6,5.5,12.83,1.69,11.16,26.57,385,1.15,336,5266.03,4.3,70.0,12.17
1,2016-06-11,8,Saturday,1,6,4.53,11.38,1.63,10.76,22.98,517,1.2,431,6086.51,3.8,69.99,10.44
2,2016-06-11,10,Saturday,1,6,4.08,11.03,1.39,11.48,19.74,1698,2.02,841,11315.48,3.8,70.01,9.49
1,2016-06-11,11,Saturday,1,6,3.93,11.25,1.37,12.16,18.03,1110,1.39,801,10906.96,3.8,69.99,9.7
2,2016-06-11,13,Saturday,1,6,4.05,11.92,1.41,13.56,17.03,2056,2.07,991,14234.85,3.8,70.01,10.66
2,2016-06-11,14,Saturday,1,6,4.19,12.04,1.38,13.95,16.93,2007,1.99,1011,14604.87,3.8,70.01,10.75
2,2016-06-11,15,Saturday,1,6,4.28,12.2,1.58,14.16,16.67,1905,2.1,909,13461.44,3.8,70.01,11.46
2,2016-06-11,16,Saturday,1,6,4.22,12.06,1.48,14.06,17.03,1748,1.99,879,12821.4,3.8,70.01,10.75
1,2016-06-11,18,Saturday,1,6,3.75,11.79,1.4,14.09,16.24,1405,1.42,989,14014.35,3.8,69.99,9.31
1,2016-06-11,20,Saturday,1,6,3.87,11.06,1.44,12.17,18.6,1303,1.43,909,12612.22,4.8,69.99,8.49
1,2016-06-12,0,Sunday,1,7,4.51,11.93,1.57,12.78,19.84,1326,1.43,927,13788.62,4.8,69.99,8.77
2,2016-06-12,2,Sunday,1,7,5.08,12.1,1.57,11.77,24.2,1522,2.06,739,11124.69,3.8,56.34,8.58
2,2016-06-12,4,Sunday,1,7,5.99,13.35,1.43,11.83,27.89,694,2.05,338,5477.85,4.3,64.34,10.58
2,2016-06-12,9,Sunday,1,7,4.84,11.62,1.37,10.55,24.33,1225,1.98,618,8728.38,4.3,70.01,11.36
1,2016-06-12,12,Sunday,1,7,4.44,12.12,1.54,12.92,18.95,946,1.38,688,10163.21,3.8,70.0,11.24
1,2016-06-12,17,Sunday,1,7,4.68,13.06,1.68,15.18,17.24,999,1.34,743,11832.94,3.8,69.99,11.87
1,2016-06-12,19,Sunday,1,7,4.32,11.55,1.68,12.26,19.3,1078,1.42,760,10895.88,3.8,70.0,10.73
2,2016-06-12,21,Sunday,1,7,4.97,11.99,1.73,11.7,22.89,1745,2.02,864,13245.26,4.3,70.01,11.57
1,2016-06-12,22,Sunday,1,7,5.19,12.39,1.72,11.68,23.69,915,1.34,685,10752.8,4.3,70.0,11.61
1,2016-06-12,23,Sunday,1,7,5.86,13.42,1.85,12.25,25.96,761,1.27,599,10101.85,4.3,69.99,11.68
1,2016-06-13,0,Monday,0,1,5.98,13.42,1.67,11.6,27.12,421,1.23,343,5672.39,4.8,68.34,12.37
2,2016-06-13,2,Monday,0,1,6.33,13.77,1.68,11.6,30.87,255,1.83,139,2346.19,4.8,63.36,9.95
2,2016-06-13,4,Monday,0,1,8.8,18.19,2.02,14.21,34.53,200,1.87,107,2370.3,5.3,63.36,14.57
2,2016-06-13,9,Monday,0,1,4.27,12.29,1.76,14.19,16.44,1663,1.9,874,13275.7,4.3,70.01,11.58
1,2016-06-13,12,Monday,0,1,4.32,12.44,1.51,13.91,16.32,898,1.26,711,10758.88,4.3,62.34,11.61
1,2016-06-13,17,Monday,0,1,3.69,11.65,1.75,14.21,15.12,1018,1.26,808,12454.06,4.8,57.89,9.89
1,2016-06-13,19,Monday,0,1,3.84,10.72,1.54,11.34,18.98,1168,1.26,929,13186.08,5.15,66.84,8.44
2,2016-06-13,21,Monday,0,1,4.92,11.98,1.74,11.67,22.99,2229,2.01,1109,16863.77,4.3,70.01,10.22
1,2016-06-13,22,Monday,0,1,4.99,12.13,1.72,11.71,23.06,995,1.3,765,11759.29,4.3,69.99,10.32
1,2016-06-13,23,Monday,0,1,5.32,12.48,1.82,11.65,24.9,718,1.28,563,8934.02,4.3,62.79,10.39
2,2016-06-14,1,Tuesday,0,2,5.48,12.82,1.53,11.37,26.35,559,2.15,260,4103.89,4.8,70.01,11.01
2,2016-06-14,3,Tuesday,0,2,6.6,14.08,1.64,11.44,31.29,140,1.82,77,1326.65,5.3,70.01,11.91
1,2016-06-14,5,Tuesday,0,2,6.07,13.13,1.9,10.02,30.95,183,1.09,168,2841.19,3.8,70.0,15.13
1,2016-06-14,6,Tuesday,0,2,4.44,10.88,1.62,10.0,24.36,517,1.07,484,6577.76,3.8,70.0,11.65
1,2016-06-14,7,Tuesday,0,2,4.16,11.54,1.69,12.54,18.76,824,1.1,747,10641.87,3.8,69.99,10.11
1,2016-06-14,8,Tuesday,0,2,3.57,11.62,1.69,14.58,14.38,1080,1.14,948,13534.61,3.8,69.99,9.37
2,2016-06-14,10,Tuesday,0,2,4.29,13.17,1.65,16.51,14.49,1758,2.02,872,13923.98,3.8,70.01,11.31
1,2016-06-14,11,Tuesday,0,2,3.76,12.49,1.65,15.83,13.4,940,1.2,783,11880.5,4.3,69.99,10.28
2,2016-06-14,13,Tuesday,0,2,4.3,13.25,1.72,16.39,14.4,1849,2.02,916,14763.9,3.8,70.01,11.56
2,2016-06-14,14,Tuesday,0,2,4.1,12.91,1.76,16.13,14.21,1935,2.09,928,14688.68,3.8,70.01,11.61
2,2016-06-14,15,Tuesday,0,2,3.83,12.47,1.61,16.08,13.68,1779,2.04,873,13225.7,3.8,70.01,10.54
2,2016-06-14,16,Tuesday,0,2,3.87,12.61,1.65,16.31,13.97,1536,1.97,779,12643.37,4.8,62.81,9.99
1,2016-06-14,18,Tuesday,0,2,3.44,11.64,1.76,15.01,13.68,1301,1.23,1057,16226.92,4.8,59.79,8.6
1,2016-06-14,20,Tuesday,0,2,4.46,11.64,1.82,12.11,20.02,1286,1.26,1023,15326.6,4.3,69.99,10.28
1,2016-06-15,0,Wednesday,0,3,5.2,12.63,1.73,12.6,23.36,557,1.22,456,7187.07,4.3,61.3,9.76
2,2016-06-15,2,Wednesday,0,3,6.06,13.43,1.55,12.01,28.34,335,2.02,166,2724.26,4.8,58.34,10.06
2,2016-06-15,4,Wednesday,0,3,6.32,13.59,1.34,11.08,30.97,203,2.01,101,1666.45,4.8,63.36,12.03
2,2016-06-15,9,Wednesday,0,3,3.93,12.63,1.83,16.06,14.0,1957,1.93,1012,15655.66,3.8,70.01,10.65
1,2016-06-15,12,Wednesday,0,3,3.62,12.81,1.69,17.08,12.28,1009,1.22,829,12833.53,3.8,68.84,10.17
1,2016-06-15,17,Wednesday,0,3,3.58,12.41,1.71,16.43,13.28,990,1.23,807,13019.55,5.3,55.42,9.68
1,2016-06-15,19,Wednesday,0,3,3.7,11.18,1.7,13.19,16.03,1309,1.28,1025,15147.93,5.3,63.36,8.18
2,2016-06-15,21,Wednesday,0,3,4.6,11.99,1.9,12.91,20.32,2629,1.95,1346,20670.48,4.3,70.01,9.4
1,2016-06-15,22,Wednesday,0,3,5.01,13.02,1.97,14.12,20.11,1411,1.29,1095,18070.72,4.3,68.34,10.05
1,2016-06-15,23,Wednesday,0,3,4.87,12.85,2.0,13.94,20.26,1119,1.27,883,14366.29,4.3,63.35,9.92
1,2016-06-16,2,Thursday,0,4,5.28,12.19,1.43,10.72,27.44,270,1.26,215,3213.02,4.8,51.8,8.97
1,2016-06-16,4,Thursday,0,4,6.74,14.93,1.77,11.49,30.61,146,1.19,123,2264.95,4.3,69.99,15.89
2,2016-06-16,5,Thursday,0,4,6.68,14.2,2.15,10.86,31.6,385,2.05,188,3449.92,4.8,70.01,16.06
2,2016-06-16,6,Thursday,0,4,4.11,10.35,1.49,10.05,22.44,1201,1.95,616,7966.48,3.8,70.01,10.42
2,2016-06-16,7,Thursday,0,4,4.01,11.23,1.74,12.6,18.09,2037,2.02,1008,14146.89,3.8,70.61,10.03
2,2016-06-16,8,Thursday,0,4,3.72,11.86,1.76,14.85,14.63,2227,1.97,1128,16520.69,3.8,70.01,9.64
1,2016-06-16,9,Thursday,0,4,3.53,11.73,1.69,14.72,13.81,1012,1.13,894,12865.33,3.8,68.79,9.62
2,2016-06-16,11,Thursday,0,4,3.9,12.62,1.72,15.94,13.45,1812,1.97,919,14185.64,4.3,70.01,11.17
2,2016-06-16,18,Thursday,0,4,3.63,12.22,1.79,15.75,14.26,2395,2.04,1176,18781.34,4.8,61.8,9.09
2,2016-06-16,20,Thursday,0,4,4.33,11.65,1.72,12.78,19.18,2420,2.02,1196,17795.48,4.3,70.01,9.27
1,2016-06-16,21,Thursday,0,4,4.61,12.25,1.81,13.4,19.44,1453,1.3,1121,17408.01,4.3,70.59,9.49
1,2016-06-17,0,Friday,0,5,5.45,13.52,2.01,14.07,22.41,1011,1.27,794,13474.27,4.3,68.34,10.79
2,2016-06-17,2,Friday,0,5,5.98,13.36,1.72,11.88,27.52,649,2.06,315,5199.97,4.3,70.01,11.2
2,2016-06-17,9,Friday,0,5,3.87,12.37,1.78,15.19,14.61,2094,2.01,1040,15811.13,3.8,70.01,10.41
1,2016-06-17,12,Friday,0,5,4.14,13.04,1.81,16.31,14.08,1082,1.27,850,13562.64,3.8,70.0,11.44
1,2016-06-17,17,Friday,0,5,3.51,11.8,1.63,15.08,14.47,988,1.29,765,11730.57,5.3,68.19,9.3
1,2016-06-17,19,Friday,0,5,3.58,11.2,1.69,13.52,15.74,1338,1.32,1015,15000.34,4.8,69.39,8.11
2,2016-06-17,21,Friday,0,5,4.57,12.04,1.65,13.05,19.79,2229,2.02,1105,16734.31,4.3,70.01,9.76
1,2016-06-17,22,Friday,0,5,4.43,12.41,1.66,14.3,17.7,1444,1.37,1057,16367.01,4.31,69.99,9.54
1,2016-06-17,23,Friday,0,5,4.77,13.28,1.78,15.47,17.84,1444,1.42,1018,16771.34,4.3,60.8,9.94
2,2016-06-18,1,Saturday,1,6,4.96,12.67,1.66,13.49,21.32,1844,2.02,915,14386.67,4.3,70.01,9.52
2,2016-06-18,3,Saturday,1,6,5.63,13.04,1.63,12.33,26.1,965,1.99,484,7771.37,4.3,60.96,9.57
1,2016-06-18,5,Saturday,1,6,6.45,14.26,1.73,11.73,30.16,180,1.21,149,2624.34,4.8,69.99,13.13
1,2016-06-18,6,Saturday,1,6,6.16,13.52,1.46,10.92,29.94,274,1.14,241,3897.79,4.3,69.99,13.78
1,2016-06-18,7,Saturday,1,6,5.76,13.06,1.58,11.04,27.41,330,1.15,286,4546.0,4.3,69.99,12.49
1,2016-06-18,8,Saturday,1,6,4.61,11.48,1.46,10.6,23.74,525,1.19,443,6176.61,3.8,66.34,10.59
2,2016-06-18,10,Saturday,1,6,4.17,11.26,1.4,11.94,19.76,1679,2.01,834,11433.56,3.8,70.01,9.66
1,2016-06-18,11,Saturday,1,6,3.89,11.18,1.49,12.5,17.41,991,1.3,762,10425.28,3.8,70.34,9.85
2,2016-06-18,13,Saturday,1,6,4.06,11.98,1.3,14.03,17.14,1912,2.08,921,13157.29,3.8,70.01,9.58
2,2016-06-18,14,Saturday,1,6,4.32,12.23,1.45,13.83,17.6,1798,2.07,868,12785.28,3.8,70.01,10.68
2,2016-06-18,15,Saturday,1,6,4.14,12.09,1.37,14.14,16.89,1914,2.12,902,13039.8,3.8,70.01,10.62
2,2016-06-18,16,Saturday,1,6,4.45,12.56,1.5,14.63,17.45,1652,1.99,832,12610.8,3.8,70.01,11.56
1,2016-06-18,18,Saturday,1,6,3.78,11.53,1.45,13.66,16.37,1260,1.39,907,12659.23,4.3,68.34,8.56
1,2016-06-18,20,Saturday,1,6,3.8,10.69,1.38,11.66,18.93,1176,1.43,825,11106.74,4.3,68.34,7.81
1,2016-06-19,2,Sunday,1,7,5.08,12.2,1.53,11.79,24.0,924,1.39,666,10044.8,4.8,58.34,8.48
1,2016-06-19,4,Sunday,1,7,6.28,13.83,1.5,12.0,28.59,497,1.27,391,6572.63,4.3,69.99,10.94
2,2016-06-19,5,Sunday,1,7,6.54,14.0,1.27,10.92,32.49,323,2.04,158,2671.07,4.8,70.01,11.89
2,2016-06-19,6,Sunday,1,7,7.54,15.74,1.63,11.88,34.24,342,2.14,160,2984.69,4.3,70.01,14.95
2,2016-06-19,7,Sunday,1,7,5.72,12.91,1.52,9.4,31.47,499,2.05,243,3778.29,3.8,70.01,13.78
2,2016-06-19,8,Sunday,1,7,5.48,12.29,1.47,9.97,28.54,717,1.93,372,5536.79,3.8,70.01,12.34
1,2016-06-19,9,Sunday,1,7,4.59,11.15,1.44,9.75,25.05,584,1.28,455,6233.42,3.8,67.34,10.55
2,2016-06-19,11,Sunday,1,7,4.21,10.79,1.32,10.44,21.87,1756,2.01,874,11524.57,3.8,70.01,9.94
2,2016-06-19,18,Sunday,1,7,4.58,11.78,1.45,12.38,20.55,1923,2.06,935,13422.1,4.3,70.01,11.33
2,2016-06-19,20,Sunday,1,7,5.15,12.37,1.62,12.21,23.31,1642,1.98,829,12889.09,4.3,70.01,11.94
1,2016-06-19,21,Sunday,1,7,4.7,11.46,1.57,11.14,22.98,1044,1.32,790,11493.6,4.3,60.8,9.61
2,2016-06-20,1,Monday,0,1,5.77,12.79,1.26,10.97,28.96,446,1.95,229,3543.78,4.3,58.34,9.55
2,2016-06-20,3,Monday,0,1,6.67,14.34,1.34,11.57,30.83,175,2.01,87,1487.93,5.8,58.34,12.31
1,2016-06-20,5,Monday,0,1,7.86,16.13,2.3,11.9,35.19,203,1.09,186,3841.97,5.3,69.99,16.58
1,2016-06-20,6,Monday,0,1,4.78,11.55,1.6,10.29,25.32,455,1.06,429,6120.22,3.8,70.0,12.38
1,2016-06-20,7,Monday,0,1,4.15,11.06,1.46,11.54,20.52,798,1.1,723,9781.36,3.8,68.34,10.16
1,2016-06-20,8,Monday,0,1,3.98,11.81,1.62,13.91,16.3,900,1.13,800,11580.35,3.3,70.59,10.08
2,2016-06-20,10,Monday,0,1,4.16,12.41,1.62,14.68,15.76,1575,2.04,773,11739.14,4.3,70.01,11.1
1,2016-06-20,11,Monday,0,1,4.38,12.97,1.62,15.31,15.24,883,1.27,697,10950.93,3.8,70.0,12.38
2,2016-06-20,13,Monday,0,1,4.53,13.03,1.64,15.42,15.91,1616,2.08,778,12368.96,3.8,70.01,12.22
2,2016-06-20,14,Monday,0,1,4.49,12.89,1.64,15.34,15.72,1687,1.98,850,13341.36,3.8,70.01,12.86
2,2016-06-20,15,Monday,0,1,3.79,11.61,1.47,14.16,15.43,1663,2.02,824,11629.82,3.8,70.01,10.2
2,2016-06-20,16,Monday,0,1,4.08,11.9,1.67,14.25,16.3,1578,1.95,810,12611.47,4.8,64.56,10.35
1,2016-06-20,18,Monday,0,1,3.54,10.97,1.66,13.08,15.61,1179,1.24,952,13921.7,4.8,59.79,8.74
1,2016-06-20,20,Monday,0,1,4.56,11.41,1.68,11.3,21.85,1218,1.29,944,13786.39,3.8,70.01,10.4
2,2016-06-21,0,Tuesday,0,2,5.4,12.84,1.61,12.5,25.19,1007,2.06,490,7789.87,4.3,58.34,10.06
1,2016-06-21,1,Tuesday,0,2,5.77,13.13,1.4,11.57,27.85,260,1.22,213,3396.64,4.8,58.34,9.34
1,2016-06-21,3,Tuesday,0,2,6.24,13.47,1.23,12.05,28.74,111,1.29,86,1387.21,4.3,48.8,8.84
1,2016-06-21,10,Tuesday,0,2,3.49,11.76,1.56,14.97,13.53,872,1.22,713,10167.56,3.8,70.0,9.15
2,2016-06-21,12,Tuesday,0,2,3.79,12.52,1.63,15.91,13.65,1972,2.01,979,14890.57,3.8,70.01,10.3
1,2016-06-21,13,Tuesday,0,2,3.76,12.29,1.56,15.35,13.97,999,1.27,788,11745.81,3.8,69.99,10.64
1,2016-06-21,14,Tuesday,0,2,3.48,11.69,1.47,14.64,13.49,1129,1.28,884,12517.45,3.8,70.0,9.67
1,2016-06-21,15,Tuesday,0,2,3.59,12.09,1.64,15.43,13.0,1074,1.24,866,12874.06,3.8,70.59,10.78
1,2016-06-21,16,Tuesday,0,2,3.58,11.83,1.62,15.06,13.98,850,1.27,670,10337.27,4.8,58.59,9.42
2,2016-06-21,17,Tuesday,0,2,3.69,11.81,1.72,14.76,14.88,1885,1.97,957,14891.75,4.8,57.41,9.61
2,2016-06-21,19,Tuesday,0,2,3.82,10.81,1.71,12.03,18.1,2251,1.89,1191,17190.17,4.8,58.01,8.05
2,2016-06-21,22,Tuesday,0,2,5.18,12.79,1.98,13.28,21.71,2396,2.04,1176,19111.39,4.3,70.01,10.33
2,2016-06-21,23,Tuesday,0,2,5.33,12.93,1.94,12.98,23.11,1903,1.91,998,16299.59,4.3,70.01,10.79
1,2016-06-22,2,Wednesday,0,3,5.91,13.11,1.92,11.24,29.1,205,1.25,164,2700.41,4.8,58.34,9.77
1,2016-06-22,4,Wednesday,0,3,7.64,16.02,1.53,12.03,33.06,152,1.16,131,2538.05,4.3,70.01,14.73
2,2016-06-22,5,Wednesday,0,3,5.81,12.65,1.73,9.7,31.82,357,2.13,168,2721.97,4.8,70.01,13.92
2,2016-06-22,6,Wednesday,0,3,4.76,11.31,1.5,10.11,25.92,923,1.93,478,6662.42,4.3,70.01,11.85
2,2016-06-22,7,Wednesday,0,3,3.78,10.47,1.53,11.38,19.21,1738,2.05,848,10984.41,3.8,63.41,8.68
2,2016-06-22,8,Wednesday,0,3,3.84,11.77,1.78,14.32,15.55,2121,2.01,1053,15306.4,3.3,70.01,9.53
1,2016-06-22,9,Wednesday,0,3,3.42,11.43,1.57,14.34,13.69,979,1.13,869,12113.15,4.3,69.99,8.37
2,2016-06-22,11,Wednesday,0,3,4.08,12.89,1.73,16.16,14.14,2116,2.04,1037,16286.82,3.8,70.01,10.9
2,2016-06-22,18,Wednesday,0,3,3.57,12.17,1.78,16.17,13.71,2187,1.99,1098,17452.69,4.8,60.96,8.86
2,2016-06-22,20,Wednesday,0,3,4.23,11.59,1.81,12.81,18.78,2090,1.99,1050,15662.04,4.3,70.01,10.16
1,2016-06-22,21,Wednesday,0,3,4.58,12.1,1.79,13.3,19.2,1369,1.28,1071,16408.43,4.3,66.34,9.86
2,2016-06-23,1,Thursday,0,4,5.85,13.38,1.59,12.26,26.75,761,2.08,365,5979.67,4.3,70.01,9.82
2,2016-06-23,3,Thursday,0,4,5.78,12.8,1.38,11.18,29.31,326,2.3,142,2205.44,4.8,48.3,8.61
1,2016-06-23,5,Thursday,0,4,5.38,12.33,1.72,9.56,28.86,218,1.11,196,3099.11,4.8,69.99,13.93
1,2016-06-23,6,Thursday,0,4,4.33,10.69,1.46,9.41,24.74,503,1.08,467,6191.33,3.8,70.01,11.39
1,2016-06-23,7,Thursday,0,4,4.01,11.03,1.64,11.79,19.39,840,1.08,780,10692.8,4.3,68.34,9.41
1,2016-06-23,8,Thursday,0,4,3.62,11.53,1.67,14.05,14.96,1038,1.11,931,13177.93,3.8,64.34,8.67
2,2016-06-23,10,Thursday,0,4,3.92,12.53,1.77,15.63,14.23,1885,2.09,902,13842.12,3.8,70.01,10.22
1,2016-06-23,11,Thursday,0,4,3.66,12.21,1.53,15.41,13.22,1026,1.23,831,12238.41,3.8,69.99,9.92
2,2016-06-23,13,Thursday,0,4,4.06,12.68,1.64,15.62,14.62,1843,2.06,894,13826.71,3.8,70.01,10.66
2,2016-06-23,14,Thursday,0,4,4.33,13.23,1.63,16.65,14.28,1921,1.98,970,15504.18,4.3,70.01,11.57
2,2016-06-23,15,Thursday,0,4,4.08,13.03,1.77,16.88,13.73,1786,2.09,855,13684.93,3.8,70.01,11.56
2,2016-06-23,16,Thursday,0,4,3.78,12.1,1.59,15.54,14.33,1557,2.02,770,12133.92,3.8,62.21,10.31
1,2016-06-23,18,Thursday,0,4,3.54,11.61,1.76,14.53,14.42,1347,1.24,1088,16674.05,4.8,58.54,8.41
1,2016-06-23,20,Thursday,0,4,4.32,11.63,1.77,12.55,19.14,1243,1.27,975,14575.71,4.3,69.99,10.17
2,2016-06-24,1,Friday,0,5,5.85,13.43,1.8,12.44,25.71,1240,1.95,637,10678.39,4.3,70.01,11.58
2,2016-06-24,3,Friday,0,5,6.22,13.79,1.69,12.07,28.32,398,1.98,201,3393.16,4.8,50.3,10.37
1,2016-06-24,5,Friday,0,5,5.27,11.9,1.51,9.6,29.87,261,1.1,237,3574.55,4.8,69.99,12.0
1,2016-06-24,6,Friday,0,5,4.66,11.14,1.66,9.85,25.27,507,1.06,480,6706.18,4.3,69.99,11.52
1,2016-06-24,7,Friday,0,5,4.16,11.09,1.73,11.58,19.99,750,1.11,677,9386.03,4.3,63.35,9.78
1,2016-06-24,8,Friday,0,5,3.5,11.2,1.63,13.51,15.03,966,1.13,854,11765.34,3.8,70.0,8.86
2,2016-06-24,10,Friday,0,5,4.24,12.82,1.61,15.46,15.03,1691,2.01,842,13099.71,3.8,68.34,11.39
1,2016-06-24,11,Friday,0,5,4.2,13.19,1.68,16.41,13.86,1011,1.28,789,12643.69,4.3,69.99,11.24
2,2016-06-24,13,Friday,0,5,4.63,13.46,1.87,16.31,15.65,1682,1.96,858,14204.81,3.8,70.01,12.83
2,2016-06-24,14,Friday,0,5,4.22,13.05,1.59,16.31,14.83,1693,1.97,861,13572.37,3.8,70.01,11.96
2,2016-06-24,15,Friday,0,5,3.74,12.84,1.68,17.0,13.4,1660,2.08,799,12443.46,4.3,70.01,10.76
2,2016-06-24,16,Friday,0,5,3.74,12.6,1.6,16.87,13.89,1377,2.03,678,10978.11,4.8,65.86,10.46
1,2016-06-24,18,Friday,0,5,3.62,11.75,1.62,14.72,14.84,1246,1.32,947,14506.45,5.3,65.79,9.01
1,2016-06-24,20,Friday,0,5,3.95,11.25,1.58,12.53,17.69,1352,1.39,970,13893.34,4.3,68.34,9.5
2,2016-06-25,0,Saturday,1,6,5.13,13.39,1.83,14.87,19.73,2211,1.97,1121,18685.57,4.3,70.01,9.99
1,2016-06-25,1,Saturday,1,6,4.73,12.14,1.7,12.6,21.18,1238,1.41,878,13372.65,4.3,65.34,9.01
1,2016-06-25,3,Saturday,1,6,5.13,12.23,1.65,11.59,25.01,781,1.33,589,8954.07,4.8,52.8,8.42
1,2016-06-25,10,Saturday,1,6,4.29,11.59,1.44,12.18,19.57,870,1.3,669,9383.75,4.3,69.99,10.2
2,2016-06-25,12,Saturday,1,6,4.07,11.59,1.46,13.07,17.61,2064,2.02,1024,14413.25,3.8,70.01,10.06
1,2016-06-25,13,Saturday,1,6,4.03,11.7,1.43,13.4,17.17,1186,1.4,845,11953.66,3.8,70.34,9.79
1,2016-06-25,14,Saturday,1,6,4.04,11.74,1.36,13.53,17.01,1129,1.41,802,11299.1,3.8,70.0,10.17
1,2016-06-25,15,Saturday,1,6,3.99,11.88,1.44,13.72,16.64,1084,1.4,773,11043.32,3.8,70.34,10.37
1,2016-06-25,16,Saturday,1,6,4.18,12.13,1.33,14.12,16.82,1074,1.39,774,11246.57,3.8,69.99,10.44
2,2016-06-25,17,Saturday,1,6,4.68,13.06,1.52,15.29,17.47,1890,1.96,964,15036.64,3.8,70.01,11.4
2,2016-06-25,19,Saturday,1,6,4.05,11.57,1.41,13.26,17.56,2439,2.07,1177,16387.29,3.8,70.01,9.53
2,2016-06-25,22,Saturday,1,6,4.19,11.67,1.58,13.36,18.31,2348,2.05,1148,16802.01,4.3,70.01,8.39
2,2016-06-25,23,Saturday,1,6,4.48,12.41,1.69,14.6,17.9,2300,2.01,1146,17735.75,4.3,63.36,9.17
1,2016-06-26,2,Sunday,1,7,4.96,12.13,1.54,11.93,23.55,978,1.41,692,10401.71,4.8,52.8,8.2
1,2016-06-26,4,Sunday,1,7,6.44,14.31,1.47,12.81,27.8,571,1.33,429,7383.52,4.3,63.35,10.54
2,2016-06-26,5,Sunday,1,7,6.37,13.88,1.5,11.78,30.52,385,2.09,184,3127.85,4.8,70.01,11.32
2,2016-06-26,6,Sunday,1,7,7.32,15.24,2.05,11.15,34.0,304,2.04,149,2793.8,4.8,70.01,15.52
2,2016-06-26,7,Sunday,1,7,6.3,13.64,1.58,10.75,30.25,488,1.98,246,4050.39,3.8,70.01,13.47
2,2016-06-26,8,Sunday,1,7,4.89,11.73,1.6,10.37,25.92,837,1.96,428,6227.82,3.8,70.01,11.81
1,2016-06-26,9,Sunday,1,7,4.32,11.24,1.39,11.01,22.25,678,1.29,526,7183.34,3.8,64.34,9.5
2,2016-06-26,11,Sunday,1,7,4.43,11.7,1.51,12.11,20.81,1925,2.15,896,12821.12,3.8,70.02,10.34
2,2016-06-26,18,Sunday,1,7,4.86,13.71,1.74,15.57,18.75,1697,2.04,830,13741.1,3.8,70.01,12.29
2,2016-06-26,20,Sunday,1,7,5.38,13.28,1.86,13.71,22.05,1536,1.96,782,13148.51,5.16,70.01,12.68
1,2016-06-26,21,Sunday,1,7,4.83,12.14,1.62,12.48,21.51,966,1.36,710,10838.36,4.3,68.34,10.29
2,2016-06-27,1,Monday,0,1,5.75,13.06,1.51,11.74,26.61,643,2.02,319,5124.09,4.3,70.01,11.46
2,2016-06-27,3,Monday,0,1,6.77,14.45,1.57,11.9,31.39,299,2.05,146,2544.78,5.8,63.34,11.14
1,2016-06-27,5,Monday,0,1,6.66,14.23,2.09,10.59,32.18,239,1.15,208,3812.76,4.3,69.99,15.17
1,2016-06-27,6,Monday,0,1,5.62,12.81,1.86,11.23,26.31,504,1.09,461,7412.47,4.3,69.99,14.77
1,2016-06-27,7,Monday,0,1,4.22,11.0,1.63,11.04,21.12,765,1.1,698,9581.29,4.3,69.99,10.5
1,2016-06-27,8,Monday,0,1,3.79,11.42,1.61,13.16,16.29,987,1.15,860,12104.77,3.8,69.99,9.68
2,2016-06-27,10,Monday,0,1,4.55,13.07,1.74,15.37,16.21,1638,2.0,820,13141.44,3.8,70.01,12.06
1,2016-06-27,11,Monday,0,1,4.23,12.72,1.57,15.13,15.13,916,1.2,762,11771.95,3.8,70.34,11.3
2,2016-06-27,13,Monday,0,1,4.79,13.31,1.8,15.52,16.51,1776,2.05,868,14221.53,3.8,70.34,12.91
2,2016-06-27,14,Monday,0,1,4.14,12.07,1.5,14.21,16.05,1926,2.15,896,13138.69,3.8,70.01,11.41
2,2016-06-27,15,Monday,0,1,4.28,12.29,1.54,14.59,16.42,1683,2.01,836,12551.88,3.8,70.01,11.39
2,2016-06-27,16,Monday,0,1,4.28,12.22,1.7,14.61,16.76,1619,2.07,783,12589.68,5.3,60.41,10.85
1,2016-06-27,18,Monday,0,1,3.55,10.76,1.51,12.59,16.4,1184,1.24,953,13555.17,4.8,61.84,8.04
1,2016-06-27,20,Monday,0,1,4.52,11.41,1.68,11.5,21.39,1139,1.26,904,13221.72,4.3,69.99,10.58
2,2016-06-28,1,Tuesday,0,2,5.72,13.05,1.46,10.97,27.72,410,1.84,223,3564.43,4.3,70.01,12.27
2,2016-06-28,3,Tuesday,0,2,5.71,12.54,1.36,10.64,30.74,171,1.99,86,1318.34,5.3,40.61,8.27
1,2016-06-28,5,Tuesday,0,2,6.09,13.23,1.84,10.16,31.54,208,1.19,175,2944.14,4.3,69.99,13.92
1,2016-06-28,6,Tuesday,0,2,4.47,10.93,1.63,10.02,24.02,513,1.08,477,6542.8,3.8,69.99,11.47
1,2016-06-28,7,Tuesday,0,2,3.88,10.83,1.57,11.75,18.64,783,1.07,729,9801.15,4.3,69.99,9.51
1,2016-06-28,8,Tuesday,0,2,3.41,11.08,1.65,13.47,14.88,972,1.11,878,12031.55,3.3,69.99,9.22
2,2016-06-28,10,Tuesday,0,2,4.05,12.68,1.72,15.67,14.73,1817,2.02,899,13956.64,4.3,70.01,10.95
1,2016-06-28,11,Tuesday,0,2,3.68,12.04,1.58,15.08,13.46,873,1.22,715,10518.12,4.3,69.99,10.56
2,2016-06-28,13,Tuesday,0,2,4.14,12.62,1.51,15.37,14.8,1780,2.06,864,13138.39,3.8,70.01,11.29
2,2016-06-28,14,Tuesday,0,2,4.12,12.56,1.53,15.42,14.66,1842,2.07,892,13555.43,3.8,70.01,11.41
2,2016-06-28,15,Tuesday,0,2,3.95,12.32,1.72,15.36,14.75,1540,1.96,784,11861.51,3.8,70.01,10.47
2,2016-06-28,16,Tuesday,0,2,3.73,11.88,1.61,14.87,14.9,1280,1.86,687,10655.86,5.3,59.21,9.68
1,2016-06-28,18,Tuesday,0,2,3.41,10.93,1.68,13.35,15.13,1126,1.21,927,13478.31,5.3,68.19,8.7
1,2016-06-28,20,Tuesday,0,2,4.21,10.91,1.61,11.12,20.71,1173,1.23,951,13296.86,4.8,69.99,9.56
2,2016-06-29,0,Wednesday,0,3,6.03,13.75,1.99,12.6,25.69,1102,1.98,556,9610.08,4.3,70.01,12.09
1,2016-06-29,1,Wednesday,0,3,6.12,13.65,1.8,12.17,27.62,327,1.19,275,4648.47,4.3,70.01,11.13
1,2016-06-29,3,Wednesday,0,3,5.72,12.96,1.36,11.48,27.89,107,1.08,99,1573.74,5.15,45.3,9.71
1,2016-06-29,10,Wednesday,0,3,3.68,12.16,1.57,15.4,13.47,914,1.18,776,11494.65,3.8,69.99,9.99
2,2016-06-29,12,Wednesday,0,3,4.01,13.04,1.7,16.41,13.96,1891,2.02,938,14892.76,3.8,70.01,10.93
1,2016-06-29,13,Wednesday,0,3,3.74,12.75,1.72,16.44,12.59,979,1.26,780,12106.02,4.3,69.99,11.16
1,2016-06-29,14,Wednesday,0,3,3.71,12.55,1.66,16.24,12.84,1020,1.28,796,12173.36,3.8,71.79,10.56
1,2016-06-29,15,Wednesday,0,3,3.97,13.02,1.75,17.04,13.28,872,1.22,716,11459.14,3.3,69.99,11.4
1,2016-06-29,16,Wednesday,0,3,3.68,12.61,1.74,16.66,13.4,814,1.28,637,10396.8,4.8,66.36,10.28
2,2016-06-29,17,Wednesday,0,3,3.73,12.66,1.83,16.58,13.75,1716,1.94,883,14553.19,4.8,67.01,9.9
2,2016-06-29,19,Wednesday,0,3,3.83,11.19,1.72,12.88,17.14,2408,2.05,1174,17437.1,5.3,63.8,8.71
2,2016-06-29,22,Wednesday,0,3,4.89,12.6,1.83,13.59,20.48,2288,1.98,1158,18401.37,4.3,70.01,10.0
2,2016-06-29,23,Wednesday,0,3,5.25,13.08,1.85,13.65,21.84,1890,2.0,944,15537.42,4.3,70.01,10.77
2,2016-06-30,0,Thursday,0,4,5.14,12.5,1.74,12.46,23.62,1278,1.99,642,10053.86,4.3,70.01,9.64
1,2016-06-30,1,Thursday,0,4,5.3,12.38,1.56,11.44,25.45,389,1.21,321,4918.42,4.3,69.99,9.47
1,2016-06-30,3,Thursday,0,4,5.72,12.76,1.3,10.74,28.94,179,1.23,146,2264.82,4.8,58.34,9.71
1,2016-06-30,10,Thursday,0,4,3.97,12.71,1.67,15.87,13.99,879,1.22,721,11175.23,3.8,70.0,10.98
2,2016-06-30,12,Thursday,0,4,3.95,12.84,1.68,16.45,13.67,1863,2.05,911,14208.39,3.8,70.01,11.44
1,2016-06-30,13,Thursday,0,4,3.7,12.76,1.6,16.41,13.22,978,1.23,793,12234.86,3.8,69.99,11.07
1,2016-06-30,14,Thursday,0,4,3.75,12.98,1.71,17.14,12.92,989,1.27,777,12237.94,3.8,69.99,11.6
1,2016-06-30,15,Thursday,0,4,3.9,13.27,1.67,17.48,13.02,871,1.24,703,11310.37,3.8,69.99,11.34
1,2016-06-30,16,Thursday,0,4,3.85,13.0,1.84,17.04,13.5,716,1.24,579,9785.97,5.3,62.79,11.12
2,2016-06-30,17,Thursday,0,4,3.9,13.14,1.73,17.48,13.81,1729,2.01,862,14569.85,4.8,58.55,10.45
2,2016-06-30,19,Thursday,0,4,3.79,11.59,1.82,14.1,15.85,2177,1.9,1146,17603.01,4.8,61.34,9.09
2,2016-06-30,22,Thursday,0,4,4.84,12.89,1.85,14.53,19.29,2344,1.95,1199,19439.44,4.3,70.01,10.76
2,2016-06-30,23,Thursday,0,4,4.95,12.87,1.8,14.14,20.38,2129,1.94,1098,17697.48,4.3,70.34,10.74
1,2016-01-06,3,Wednesday,0,3,7.01,15.35,1.73,13.52,29.0,103,1.17,88,1625.4,5.3,58.54,11.99
1,2016-01-23,5,Saturday,1,6,4.88,12.12,1.21,14.61,18.03,69,1.15,60,881.04,4.3,69.99,11.35
2,2016-01-23,15,Saturday,1,6,2.85,8.91,0.76,11.2,15.17,59,1.74,34,355.9,4.3,25.3,5.55
2,2016-02-08,2,Monday,0,1,5.34,11.95,1.28,10.34,29.55,257,2.04,126,1841.59,4.8,51.62,8.48
1,2016-02-14,5,Sunday,1,7,6.57,14.2,1.22,11.27,30.59,176,1.22,144,2443.19,4.3,63.36,13.18
1,2016-04-19,2,Tuesday,0,2,5.71,12.94,1.56,10.84,28.56,170,1.21,140,2230.07,4.3,69.99,11.44
1,2016-05-02,3,Monday,0,1,5.75,13.03,1.27,11.41,28.2,126,1.34,94,1482.94,4.3,50.64,9.37
2,2016-05-16,2,Monday,0,1,5.43,12.42,1.2,11.01,28.37,244,1.79,136,2045.41,4.3,58.34,9.78
1,2016-02-02,3,Tuesday,0,2,5.37,12.42,1.28,10.99,26.63,73,1.22,60,910.62,4.3,53.3,11.1
2,2016-06-17,4,Friday,0,5,6.77,14.43,1.65,11.8,31.52,389,1.92,203,3641.94,4.8,70.01,12.7
2,2016-01-23,16,Saturday,1,6,3.07,9.8,1.23,13.21,14.44,24,2.4,10,118.3,6.3,23.8,5.32
1,2016-01-23,18,Saturday,1,6,1.61,8.5,2.05,12.58,7.67,2,2.0,1,12.35,12.35,12.35,
1,2016-01-24,5,Sunday,1,7,5.31,11.5,0.0,10.23,31.14,1,1.0,1,12.8,12.8,12.8,